700 0 3 0           
15 SolidWorks 2022 14 ACIS 27.0.2 NT 24 Fri Feb  6 11:46:39 2026 
1 9.9999999999999995e-07 1e-10 
-0 body $3 -1 $-1 $4 $-1 $-1 #
-1 body $5 -1 $-1 $6 $-1 $-1 #
-2 body $7 -1 $-1 $8 $-1 $-1 #
-3 name_attrib-gen-attrib $-1 -1 $-1 $-1 $0 keep keep_kept ignore copy @32 User Library-pls2-4_asm_PLS2-1_2 #
-4 lump $9 -1 $-1 $-1 $10 $0 #
-5 name_attrib-gen-attrib $-1 -1 $-1 $-1 $1 keep keep_kept ignore copy @30 User Library-pls2-4_asm_PLS2-1 #
-6 lump $11 -1 $-1 $-1 $12 $1 #
-7 name_attrib-gen-attrib $-1 -1 $-1 $-1 $2 keep keep_kept ignore copy @32 User Library-pls2-4_asm_PLS2-1_1 #
-8 lump $13 -1 $-1 $-1 $14 $2 #
-9 rgb_color-st-attrib $-1 -1 $-1 $-1 $4 0.98039215686274506 0.62745098039215685 0 #
-10 shell $-1 -1 $-1 $-1 $-1 $15 $-1 $4 #
-11 rgb_color-st-attrib $-1 -1 $-1 $-1 $6 0.98039215686274506 0.62745098039215685 0 #
-12 shell $-1 -1 $-1 $-1 $-1 $16 $-1 $6 #
-13 rgb_color-st-attrib $-1 -1 $-1 $-1 $8 0.98039215686274506 0.62745098039215685 0 #
-14 shell $-1 -1 $-1 $-1 $-1 $17 $-1 $8 #
-15 face $18 -1 $-1 $19 $20 $10 $-1 $21 forward single #
-16 face $22 -1 $-1 $23 $24 $12 $-1 $25 forward single #
-17 face $26 -1 $-1 $27 $28 $14 $-1 $29 forward single #
-18 integer_attrib-name_attrib-gen-attrib $-1 -1 $30 $-1 $15 copy keep_kept ignore copy @9 Imported1 0 #
-19 face $31 -1 $-1 $32 $33 $10 $-1 $34 forward single #
-20 loop $-1 -1 $-1 $35 $36 $15 #
-21 plane-surface $-1 -1 $-1 2.04 4.7999999999999998 1.96 0 1 0 0 0 1000 forward_v I I I I #
-22 integer_attrib-name_attrib-gen-attrib $-1 -1 $37 $-1 $16 copy keep_kept ignore copy @9 Imported1 0 #
-23 face $38 -1 $-1 $39 $40 $12 $-1 $41 forward single #
-24 loop $-1 -1 $-1 $42 $43 $16 #
-25 plane-surface $-1 -1 $-1 -0.040000000000000001 4.7999999999999998 0.040000000000000001 0 1 0 0 0 1000 forward_v I I I I #
-26 integer_attrib-name_attrib-gen-attrib $-1 -1 $44 $-1 $17 copy keep_kept ignore copy @9 Imported1 0 #
-27 face $45 -1 $-1 $46 $47 $14 $-1 $48 forward single #
-28 loop $-1 -1 $-1 $49 $50 $17 #
-29 plane-surface $-1 -1 $-1 2.04 4.7999999999999998 -0.040000000000000001 0 1 0 0 0 1000 forward_v I I I I #
-30 rgb_color-st-attrib $-1 -1 $-1 $18 $15 0.15686274509803921 0.1803921568627451 0.16862745098039217 #
-31 integer_attrib-name_attrib-gen-attrib $-1 -1 $51 $-1 $19 copy keep_kept ignore copy @9 Imported1 0 #
-32 face $52 -1 $-1 $53 $54 $10 $-1 $55 forward single #
-33 loop $-1 -1 $-1 $-1 $56 $19 #
-34 plane-surface $-1 -1 $-1 0.73890794879199995 4.726 3.2500000000000004 0 0 1 1000 0 0 forward_v I I I I #
-35 loop $-1 -1 $-1 $-1 $57 $15 #
-36 coedge $-1 -1 $-1 $58 $59 $60 $61 reversed $20 $-1 #
-37 rgb_color-st-attrib $-1 -1 $-1 $22 $16 0.15686274509803921 0.1803921568627451 0.16862745098039217 #
-38 integer_attrib-name_attrib-gen-attrib $-1 -1 $62 $-1 $23 copy keep_kept ignore copy @9 Imported1 0 #
-39 face $63 -1 $-1 $64 $65 $12 $-1 $66 forward single #
-40 loop $-1 -1 $-1 $-1 $67 $23 #
-41 plane-surface $-1 -1 $-1 1.2610920512079999 4.726 -1.25 0 0 -1 -1000 0 0 forward_v I I I I #
-42 loop $-1 -1 $-1 $-1 $68 $16 #
-43 coedge $-1 -1 $-1 $69 $70 $71 $72 reversed $24 $-1 #
-44 rgb_color-st-attrib $-1 -1 $-1 $26 $17 0.15686274509803921 0.1803921568627451 0.16862745098039217 #
-45 integer_attrib-name_attrib-gen-attrib $-1 -1 $73 $-1 $27 copy keep_kept ignore copy @9 Imported1 0 #
-46 face $74 -1 $-1 $75 $76 $14 $-1 $77 forward single #
-47 loop $-1 -1 $-1 $-1 $78 $27 #
-48 plane-surface $-1 -1 $-1 0.73890794879199995 4.726 1.25 0 0 1 1000 0 0 forward_v I I I I #
-49 loop $-1 -1 $-1 $-1 $79 $17 #
-50 coedge $-1 -1 $-1 $80 $81 $82 $83 reversed $28 $-1 #
-51 rgb_color-st-attrib $-1 -1 $-1 $31 $19 0.98039215686274506 0.62745098039215685 0 #
-52 integer_attrib-name_attrib-gen-attrib $-1 -1 $84 $-1 $32 copy keep_kept ignore copy @9 Imported1 0 #
-53 face $85 -1 $-1 $86 $87 $10 $-1 $88 forward single #
-54 loop $-1 -1 $-1 $-1 $89 $32 #
-55 plane-surface $-1 -1 $-1 0.16800000000000001 2.7599999999999998 4 0 0 1 1000 0 0 forward_v I I I I #
-56 coedge $-1 -1 $-1 $90 $91 $92 $93 forward $33 $-1 #
-57 coedge $-1 -1 $-1 $94 $95 $96 $97 reversed $35 $-1 #
-58 coedge $-1 -1 $-1 $98 $36 $99 $100 forward $20 $-1 #
-59 coedge $-1 -1 $-1 $36 $98 $101 $102 reversed $20 $-1 #
-60 coedge $-1 -1 $-1 $103 $104 $36 $61 forward $105 $-1 #
-61 edge $-1 -1 $-1 $106 1.1092051207987286e-05 $107 0.00051109205120801037 $60 $108 forward @7 unknown #
-62 rgb_color-st-attrib $-1 -1 $-1 $38 $23 0.98039215686274506 0.62745098039215685 0 #
-63 integer_attrib-name_attrib-gen-attrib $-1 -1 $109 $-1 $39 copy keep_kept ignore copy @9 Imported1 0 #
-64 face $110 -1 $-1 $111 $112 $12 $-1 $113 forward single #
-65 loop $-1 -1 $-1 $-1 $114 $39 #
-66 plane-surface $-1 -1 $-1 1.8320000000000001 2.7599999999999998 -2 0 0 -1 -1000 0 0 forward_v I I I I #
-67 coedge $-1 -1 $-1 $115 $116 $117 $118 forward $40 $-1 #
-68 coedge $-1 -1 $-1 $119 $120 $121 $122 reversed $42 $-1 #
-69 coedge $-1 -1 $-1 $123 $43 $124 $125 forward $24 $-1 #
-70 coedge $-1 -1 $-1 $43 $123 $126 $127 reversed $24 $-1 #
-71 coedge $-1 -1 $-1 $128 $129 $43 $72 forward $130 $-1 #
-72 edge $-1 -1 $-1 $131 1.1092051207987508e-05 $132 0.00051109205120800994 $71 $133 forward @7 unknown #
-73 rgb_color-st-attrib $-1 -1 $-1 $45 $27 0.98039215686274506 0.62745098039215685 0 #
-74 integer_attrib-name_attrib-gen-attrib $-1 -1 $134 $-1 $46 copy keep_kept ignore copy @9 Imported1 0 #
-75 face $135 -1 $-1 $136 $137 $14 $-1 $138 forward single #
-76 loop $-1 -1 $-1 $-1 $139 $46 #
-77 plane-surface $-1 -1 $-1 0.16800000000000001 2.7599999999999998 2 0 0 1 1000 0 0 forward_v I I I I #
-78 coedge $-1 -1 $-1 $140 $141 $142 $143 forward $47 $-1 #
-79 coedge $-1 -1 $-1 $144 $145 $146 $147 reversed $49 $-1 #
-80 coedge $-1 -1 $-1 $148 $50 $149 $150 forward $28 $-1 #
-81 coedge $-1 -1 $-1 $50 $148 $151 $152 reversed $28 $-1 #
-82 coedge $-1 -1 $-1 $153 $154 $50 $83 forward $155 $-1 #
-83 edge $-1 -1 $-1 $156 1.1092051207987508e-05 $157 0.00051109205120800994 $82 $158 forward @7 unknown #
-84 rgb_color-st-attrib $-1 -1 $-1 $52 $32 0.15686274509803921 0.1803921568627451 0.16862745098039217 #
-85 integer_attrib-name_attrib-gen-attrib $-1 -1 $159 $-1 $53 copy keep_kept ignore copy @9 Imported1 0 #
-86 face $160 -1 $-1 $161 $162 $10 $-1 $163 forward single #
-87 loop $-1 -1 $-1 $-1 $164 $53 #
-88 plane-surface $-1 -1 $-1 0.75 4.726 2.7389079487919998 -1 0 0 0 0 1000 forward_v I I I I #
-89 coedge $-1 -1 $-1 $165 $166 $167 $168 forward $54 $-1 #
-90 coedge $-1 -1 $-1 $99 $56 $169 $170 forward $33 $-1 #
-91 coedge $-1 -1 $-1 $56 $99 $104 $171 forward $33 $-1 #
-92 coedge $-1 -1 $-1 $172 $173 $56 $93 reversed $162 $-1 #
-93 edge $-1 -1 $-1 $174 -0.00051109205120799845 $175 -1.1092051208007159e-05 $56 $176 forward @7 unknown #
-94 coedge $-1 -1 $-1 $177 $57 $178 $179 forward $35 $-1 #
-95 coedge $-1 -1 $-1 $57 $180 $181 $182 reversed $35 $-1 #
-96 coedge $-1 -1 $-1 $183 $184 $57 $97 forward $185 $-1 #
-97 edge $-1 -1 $-1 $186 1.1092051207608764e-05 $187 0.00029393476368214506 $96 $188 forward @7 unknown #
-98 coedge $-1 -1 $-1 $59 $58 $189 $190 reversed $20 $-1 #
-99 coedge $-1 -1 $-1 $91 $90 $58 $100 reversed $33 $-1 #
-100 edge $-1 -1 $-1 $106 0.00078999999999999763 $191 0.001290000000000001 $58 $192 forward @7 unknown #
-101 coedge $-1 -1 $-1 $193 $194 $59 $102 forward $195 $-1 #
-102 edge $-1 -1 $-1 $107 1.1092051207989951e-05 $196 0.00051109205120800495 $101 $197 forward @7 unknown #
-103 coedge $-1 -1 $-1 $198 $60 $194 $199 forward $105 $-1 #
-104 coedge $-1 -1 $-1 $60 $198 $91 $171 reversed $105 $-1 #
-105 loop $-1 -1 $-1 $-1 $198 $161 #
-106 vertex $-1 -1 $-1 $61 $200 #
-107 vertex $-1 -1 $-1 $102 $201 #
-108 straight-curve $-1 -1 $-1 1.25 4.7999999999999998 3.2610920512080002 0 0 -1000 I I #
-109 rgb_color-st-attrib $-1 -1 $-1 $63 $39 0.15686274509803921 0.1803921568627451 0.16862745098039217 #
-110 integer_attrib-name_attrib-gen-attrib $-1 -1 $202 $-1 $64 copy keep_kept ignore copy @9 Imported1 0 #
-111 face $203 -1 $-1 $204 $205 $12 $-1 $206 forward single #
-112 loop $-1 -1 $-1 $-1 $207 $64 #
-113 plane-surface $-1 -1 $-1 1.25 4.726 -0.73890794879199995 1 0 0 0 0 -1000 forward_v I I I I #
-114 coedge $-1 -1 $-1 $208 $209 $210 $211 forward $65 $-1 #
-115 coedge $-1 -1 $-1 $124 $67 $212 $213 forward $40 $-1 #
-116 coedge $-1 -1 $-1 $67 $124 $129 $214 forward $40 $-1 #
-117 coedge $-1 -1 $-1 $215 $216 $67 $118 reversed $205 $-1 #
-118 edge $-1 -1 $-1 $217 -0.00051109205120799823 $218 -1.1092051208008381e-05 $67 $219 forward @7 unknown #
-119 coedge $-1 -1 $-1 $220 $68 $221 $222 forward $42 $-1 #
-120 coedge $-1 -1 $-1 $68 $223 $224 $225 reversed $42 $-1 #
-121 coedge $-1 -1 $-1 $226 $227 $68 $122 forward $228 $-1 #
-122 edge $-1 -1 $-1 $229 1.1092051207423315e-05 $230 0.00029393476368184675 $121 $231 forward @7 unknown #
-123 coedge $-1 -1 $-1 $70 $69 $232 $233 reversed $24 $-1 #
-124 coedge $-1 -1 $-1 $116 $115 $69 $125 reversed $40 $-1 #
-125 edge $-1 -1 $-1 $131 0.00078999999999999763 $234 0.0012900000000000001 $69 $235 forward @7 unknown #
-126 coedge $-1 -1 $-1 $236 $237 $70 $127 forward $238 $-1 #
-127 edge $-1 -1 $-1 $132 1.1092051207989173e-05 $239 0.00051109205120800517 $126 $240 forward @7 unknown #
-128 coedge $-1 -1 $-1 $241 $71 $237 $242 forward $130 $-1 #
-129 coedge $-1 -1 $-1 $71 $241 $116 $214 reversed $130 $-1 #
-130 loop $-1 -1 $-1 $-1 $241 $204 #
-131 vertex $-1 -1 $-1 $72 $243 #
-132 vertex $-1 -1 $-1 $127 $244 #
-133 straight-curve $-1 -1 $-1 0.75 4.7999999999999998 -1.2610920512079999 0 0 1000 I I #
-134 rgb_color-st-attrib $-1 -1 $-1 $74 $46 0.15686274509803921 0.1803921568627451 0.16862745098039217 #
-135 integer_attrib-name_attrib-gen-attrib $-1 -1 $245 $-1 $75 copy keep_kept ignore copy @9 Imported1 0 #
-136 face $246 -1 $-1 $247 $248 $14 $-1 $249 forward single #
-137 loop $-1 -1 $-1 $-1 $250 $75 #
-138 plane-surface $-1 -1 $-1 0.75 4.726 0.73890794879199995 -1 0 0 0 0 1000 forward_v I I I I #
-139 coedge $-1 -1 $-1 $251 $252 $253 $254 forward $76 $-1 #
-140 coedge $-1 -1 $-1 $149 $78 $255 $256 forward $47 $-1 #
-141 coedge $-1 -1 $-1 $78 $149 $154 $257 forward $47 $-1 #
-142 coedge $-1 -1 $-1 $258 $259 $78 $143 reversed $248 $-1 #
-143 edge $-1 -1 $-1 $260 -0.00051109205120799845 $261 -1.1092051208007159e-05 $78 $262 forward @7 unknown #
-144 coedge $-1 -1 $-1 $263 $79 $264 $265 forward $49 $-1 #
-145 coedge $-1 -1 $-1 $79 $266 $267 $268 reversed $49 $-1 #
-146 coedge $-1 -1 $-1 $269 $270 $79 $147 forward $271 $-1 #
-147 edge $-1 -1 $-1 $272 1.1092051207609179e-05 $273 0.00029393476368214512 $146 $274 forward @7 unknown #
-148 coedge $-1 -1 $-1 $81 $80 $275 $276 reversed $28 $-1 #
-149 coedge $-1 -1 $-1 $141 $140 $80 $150 reversed $47 $-1 #
-150 edge $-1 -1 $-1 $156 0.00078999999999999763 $277 0.001290000000000001 $80 $278 forward @7 unknown #
-151 coedge $-1 -1 $-1 $279 $280 $81 $152 forward $281 $-1 #
-152 edge $-1 -1 $-1 $157 1.1092051207989951e-05 $282 0.00051109205120800495 $151 $283 forward @7 unknown #
-153 coedge $-1 -1 $-1 $284 $82 $280 $285 forward $155 $-1 #
-154 coedge $-1 -1 $-1 $82 $284 $141 $257 reversed $155 $-1 #
-155 loop $-1 -1 $-1 $-1 $284 $247 #
-156 vertex $-1 -1 $-1 $83 $286 #
-157 vertex $-1 -1 $-1 $152 $287 #
-158 straight-curve $-1 -1 $-1 1.25 4.7999999999999998 1.2610920512079999 0 0 -1000 I I #
-159 rgb_color-st-attrib $-1 -1 $-1 $85 $53 0.98039215686274506 0.62745098039215685 0 #
-160 integer_attrib-name_attrib-gen-attrib $-1 -1 $288 $-1 $86 copy keep_kept ignore copy @9 Imported1 0 #
-161 face $289 -1 $-1 $290 $105 $10 $-1 $291 forward single #
-162 loop $-1 -1 $-1 $-1 $292 $86 #
-163 plane-surface $-1 -1 $-1 0.73890794879199995 8.8105228437219996 3.1464923854259998 0 0.31622776601683883 0.94868329805051355 0 -948.6832980505136 316.22776601683881 forward_v I I I I #
-164 coedge $-1 -1 $-1 $293 $169 $294 $295 forward $87 $-1 #
-165 coedge $-1 -1 $-1 $296 $89 $297 $298 forward $54 $-1 #
-166 coedge $-1 -1 $-1 $89 $299 $300 $301 forward $54 $-1 #
-167 coedge $-1 -1 $-1 $302 $303 $89 $168 reversed $304 $-1 #
-168 edge $-1 -1 $-1 $305 1.1092051207995279e-05 $306 0.00051109205120799975 $89 $307 forward @7 unknown #
-169 coedge $-1 -1 $-1 $164 $189 $90 $170 reversed $87 $-1 #
-170 edge $-1 -1 $-1 $175 -0.0037740000000000265 $191 -7.3999999999999847e-05 $90 $308 forward @7 unknown #
-171 edge $-1 -1 $-1 $106 7.3999999999999847e-05 $174 0.0037740000000000035 $91 $309 forward @7 unknown #
-172 coedge $-1 -1 $-1 $292 $92 $310 $311 forward $162 $-1 #
-173 coedge $-1 -1 $-1 $92 $292 $312 $313 forward $162 $-1 #
-174 vertex $-1 -1 $-1 $311 $314 #
-175 vertex $-1 -1 $-1 $295 $315 #
-176 straight-curve $-1 -1 $-1 0.73890794879199995 8.5 3.2500000000000004 -1000 0 0 I I #
-177 coedge $-1 -1 $-1 $316 $94 $317 $318 reversed $35 $-1 #
-178 coedge $-1 -1 $-1 $299 $319 $94 $179 reversed $54 $-1 #
-179 edge $-1 -1 $-1 $186 -0.0018399999999998667 $320 -0.00023999999999987253 $94 $321 forward @7 unknown #
-180 coedge $-1 -1 $-1 $95 $322 $323 $324 reversed $35 $-1 #
-181 coedge $-1 -1 $-1 $325 $326 $95 $182 forward $327 $-1 #
-182 edge $-1 -1 $-1 $187 -0.001632000000000211 $328 -3.1999999999824615e-05 $181 $329 forward @7 unknown #
-183 coedge $-1 -1 $-1 $330 $96 $326 $331 forward $185 $-1 #
-184 coedge $-1 -1 $-1 $96 $330 $299 $332 reversed $185 $-1 #
-185 loop $-1 -1 $-1 $-1 $330 $290 #
-186 vertex $-1 -1 $-1 $97 $333 #
-187 vertex $-1 -1 $-1 $182 $334 #
-188 straight-curve $-1 -1 $-1 0.20784326462639999 4.7999999999999998 4.0078432646259996 -707.10678118788758 -0 -707.10678118520764 I I #
-189 coedge $-1 -1 $-1 $169 $293 $98 $190 forward $87 $-1 #
-190 edge $-1 -1 $-1 $196 1.1092051207992614e-05 $191 0.00051109205120800278 $189 $335 forward @7 unknown #
-191 vertex $-1 -1 $-1 $190 $336 #
-192 straight-curve $-1 -1 $-1 2.04 4.7999999999999998 3.2500000000000102 -1000 0 0 I I #
-193 coedge $-1 -1 $-1 $337 $101 $293 $338 reversed $195 $-1 #
-194 coedge $-1 -1 $-1 $101 $337 $103 $199 reversed $195 $-1 #
-195 loop $-1 -1 $-1 $-1 $337 $339 #
-196 vertex $-1 -1 $-1 $190 $340 #
-197 straight-curve $-1 -1 $-1 1.2610920512079999 4.7999999999999998 2.75 -1000 0 0 I I #
-198 coedge $-1 -1 $-1 $104 $103 $341 $342 forward $105 $-1 #
-199 edge $-1 -1 $-1 $107 7.3999999999999847e-05 $343 0.0037740000000000109 $103 $344 forward @7 unknown #
-200 point $-1 -1 $-1 1.2500000000000024 4.7999999999999998 3.2500000000000129 #
-201 point $-1 -1 $-1 1.25000000000001 4.7999999999999998 2.7499999999999898 #
-202 rgb_color-st-attrib $-1 -1 $-1 $110 $64 0.98039215686274506 0.62745098039215685 0 #
-203 integer_attrib-name_attrib-gen-attrib $-1 -1 $345 $-1 $111 copy keep_kept ignore copy @9 Imported1 0 #
-204 face $346 -1 $-1 $347 $130 $12 $-1 $348 forward single #
-205 loop $-1 -1 $-1 $-1 $349 $111 #
-206 plane-surface $-1 -1 $-1 1.2610920512079999 8.8105228437219996 -1.1464923854260003 0 0.31622776601683705 -0.9486832980505141 0 948.68329805051405 316.22776601683705 forward_v I I I I #
-207 coedge $-1 -1 $-1 $350 $212 $351 $352 forward $112 $-1 #
-208 coedge $-1 -1 $-1 $353 $114 $354 $355 forward $65 $-1 #
-209 coedge $-1 -1 $-1 $114 $356 $357 $358 forward $65 $-1 #
-210 coedge $-1 -1 $-1 $359 $360 $114 $211 reversed $361 $-1 #
-211 edge $-1 -1 $-1 $362 1.1092051207995279e-05 $363 0.00051109205120799975 $114 $364 forward @7 unknown #
-212 coedge $-1 -1 $-1 $207 $232 $115 $213 reversed $112 $-1 #
-213 edge $-1 -1 $-1 $218 -0.0037740000000000247 $234 -7.3999999999999847e-05 $115 $365 forward @7 unknown #
-214 edge $-1 -1 $-1 $131 7.3999999999999847e-05 $217 0.0037740000000000035 $116 $366 forward @7 unknown #
-215 coedge $-1 -1 $-1 $349 $117 $367 $368 forward $205 $-1 #
-216 coedge $-1 -1 $-1 $117 $349 $369 $370 forward $205 $-1 #
-217 vertex $-1 -1 $-1 $368 $371 #
-218 vertex $-1 -1 $-1 $352 $372 #
-219 straight-curve $-1 -1 $-1 1.2610920512079999 8.5 -1.25 1000 0 0 I I #
-220 coedge $-1 -1 $-1 $373 $119 $374 $375 reversed $42 $-1 #
-221 coedge $-1 -1 $-1 $356 $376 $119 $222 reversed $65 $-1 #
-222 edge $-1 -1 $-1 $229 -0.0018400000000000497 $377 -0.0002400000000001032 $119 $378 forward @7 unknown #
-223 coedge $-1 -1 $-1 $120 $379 $380 $381 reversed $42 $-1 #
-224 coedge $-1 -1 $-1 $382 $383 $120 $225 forward $384 $-1 #
-225 edge $-1 -1 $-1 $230 -0.0016320000000001271 $385 -3.2000000000032281e-05 $224 $386 forward @7 unknown #
-226 coedge $-1 -1 $-1 $387 $121 $383 $388 forward $228 $-1 #
-227 coedge $-1 -1 $-1 $121 $387 $356 $389 reversed $228 $-1 #
-228 loop $-1 -1 $-1 $-1 $387 $347 #
-229 vertex $-1 -1 $-1 $122 $390 #
-230 vertex $-1 -1 $-1 $225 $391 #
-231 straight-curve $-1 -1 $-1 1.792156735374 4.7999999999999998 -2.007843264626 707.10678118654755 0 707.10678118654755 I I #
-232 coedge $-1 -1 $-1 $212 $350 $123 $233 forward $112 $-1 #
-233 edge $-1 -1 $-1 $239 1.1092051207991616e-05 $234 0.00051109205120800246 $232 $392 forward @7 unknown #
-234 vertex $-1 -1 $-1 $233 $393 #
-235 straight-curve $-1 -1 $-1 -0.040000000000000001 4.7999999999999998 -1.25000000000001 1000 0 0 I I #
-236 coedge $-1 -1 $-1 $394 $126 $350 $395 reversed $238 $-1 #
-237 coedge $-1 -1 $-1 $126 $394 $128 $242 reversed $238 $-1 #
-238 loop $-1 -1 $-1 $-1 $394 $396 #
-239 vertex $-1 -1 $-1 $233 $397 #
-240 straight-curve $-1 -1 $-1 0.73890794879199995 4.7999999999999998 -0.75 1000 0 0 I I #
-241 coedge $-1 -1 $-1 $129 $128 $398 $399 forward $130 $-1 #
-242 edge $-1 -1 $-1 $132 7.3999999999999847e-05 $400 0.0037740000000000109 $128 $401 forward @7 unknown #
-243 point $-1 -1 $-1 0.74999999999999756 4.7999999999999998 -1.2500000000000124 #
-244 point $-1 -1 $-1 0.74999999999998912 4.7999999999999998 -0.74999999999999001 #
-245 rgb_color-st-attrib $-1 -1 $-1 $135 $75 0.98039215686274506 0.62745098039215685 0 #
-246 integer_attrib-name_attrib-gen-attrib $-1 -1 $402 $-1 $136 copy keep_kept ignore copy @9 Imported1 0 #
-247 face $403 -1 $-1 $404 $155 $14 $-1 $405 forward single #
-248 loop $-1 -1 $-1 $-1 $406 $136 #
-249 plane-surface $-1 -1 $-1 0.73890794879199995 8.8105228437219996 1.1464923854260003 0 0.31622776601683705 0.9486832980505141 0 -948.68329805051405 316.22776601683705 forward_v I I I I #
-250 coedge $-1 -1 $-1 $407 $255 $408 $409 forward $137 $-1 #
-251 coedge $-1 -1 $-1 $410 $139 $411 $412 forward $76 $-1 #
-252 coedge $-1 -1 $-1 $139 $413 $414 $415 forward $76 $-1 #
-253 coedge $-1 -1 $-1 $416 $417 $139 $254 reversed $418 $-1 #
-254 edge $-1 -1 $-1 $419 1.1092051207995279e-05 $420 0.00051109205120799975 $139 $421 forward @7 unknown #
-255 coedge $-1 -1 $-1 $250 $275 $140 $256 reversed $137 $-1 #
-256 edge $-1 -1 $-1 $261 -0.0037740000000000265 $277 -7.3999999999999847e-05 $140 $422 forward @7 unknown #
-257 edge $-1 -1 $-1 $156 7.3999999999999847e-05 $260 0.0037740000000000035 $141 $423 forward @7 unknown #
-258 coedge $-1 -1 $-1 $406 $142 $424 $425 forward $248 $-1 #
-259 coedge $-1 -1 $-1 $142 $406 $426 $427 forward $248 $-1 #
-260 vertex $-1 -1 $-1 $425 $428 #
-261 vertex $-1 -1 $-1 $409 $429 #
-262 straight-curve $-1 -1 $-1 0.73890794879199995 8.5 1.25 -1000 0 0 I I #
-263 coedge $-1 -1 $-1 $430 $144 $431 $432 reversed $49 $-1 #
-264 coedge $-1 -1 $-1 $413 $433 $144 $265 reversed $76 $-1 #
-265 edge $-1 -1 $-1 $272 -0.0018399999999998667 $434 -0.00023999999999987253 $144 $435 forward @7 unknown #
-266 coedge $-1 -1 $-1 $145 $436 $437 $438 reversed $49 $-1 #
-267 coedge $-1 -1 $-1 $439 $440 $145 $268 forward $441 $-1 #
-268 edge $-1 -1 $-1 $273 -0.0016320000000002116 $442 -3.1999999999984264e-05 $267 $443 forward @7 unknown #
-269 coedge $-1 -1 $-1 $444 $146 $440 $445 forward $271 $-1 #
-270 coedge $-1 -1 $-1 $146 $444 $413 $446 reversed $271 $-1 #
-271 loop $-1 -1 $-1 $-1 $444 $404 #
-272 vertex $-1 -1 $-1 $147 $447 #
-273 vertex $-1 -1 $-1 $268 $448 #
-274 straight-curve $-1 -1 $-1 0.20784326462639999 4.7999999999999998 2.007843264626 -707.10678118788701 -0 -707.10678118520809 I I #
-275 coedge $-1 -1 $-1 $255 $407 $148 $276 forward $137 $-1 #
-276 edge $-1 -1 $-1 $282 1.1092051207991616e-05 $277 0.00051109205120800246 $275 $449 forward @7 unknown #
-277 vertex $-1 -1 $-1 $276 $450 #
-278 straight-curve $-1 -1 $-1 2.04 4.7999999999999998 1.25000000000001 -1000 0 0 I I #
-279 coedge $-1 -1 $-1 $451 $151 $407 $452 reversed $281 $-1 #
-280 coedge $-1 -1 $-1 $151 $451 $153 $285 reversed $281 $-1 #
-281 loop $-1 -1 $-1 $-1 $451 $453 #
-282 vertex $-1 -1 $-1 $276 $454 #
-283 straight-curve $-1 -1 $-1 1.2610920512079999 4.7999999999999998 0.75 -1000 0 0 I I #
-284 coedge $-1 -1 $-1 $154 $153 $455 $456 forward $155 $-1 #
-285 edge $-1 -1 $-1 $157 7.3999999999999847e-05 $457 0.0037740000000000109 $153 $458 forward @7 unknown #
-286 point $-1 -1 $-1 1.2500000000000024 4.7999999999999998 1.2500000000000124 #
-287 point $-1 -1 $-1 1.25000000000001 4.7999999999999998 0.74999999999999001 #
-288 rgb_color-st-attrib $-1 -1 $-1 $160 $86 0.98039215686274506 0.62745098039215685 0 #
-289 integer_attrib-name_attrib-gen-attrib $-1 -1 $459 $-1 $161 copy keep_kept ignore copy @9 Imported1 0 #
-290 face $460 -1 $-1 $461 $185 $10 $-1 $462 forward single #
-291 plane-surface $-1 -1 $-1 1.25 4.726 3.2610920512080002 1 0 0 0 0 -1000 forward_v I I I I #
-292 coedge $-1 -1 $-1 $173 $172 $463 $464 forward $162 $-1 #
-293 coedge $-1 -1 $-1 $189 $164 $193 $338 forward $87 $-1 #
-294 coedge $-1 -1 $-1 $312 $465 $164 $295 reversed $466 $-1 #
-295 edge $-1 -1 $-1 $175 -0.00051109205120801525 $467 -1.1092051208004161e-05 $164 $468 forward @7 unknown #
-296 coedge $-1 -1 $-1 $469 $165 $470 $471 forward $54 $-1 #
-297 coedge $-1 -1 $-1 $472 $473 $165 $298 reversed $474 $-1 #
-298 edge $-1 -1 $-1 $306 2.7999999999999915e-05 $475 0.001428 $165 $476 forward @7 unknown #
-299 coedge $-1 -1 $-1 $166 $178 $184 $332 forward $54 $-1 #
-300 coedge $-1 -1 $-1 $477 $478 $166 $301 reversed $479 $-1 #
-301 edge $-1 -1 $-1 $480 -0.0018399999999998409 $305 -0.0017400000000000002 $166 $481 forward @7 unknown #
-302 coedge $-1 -1 $-1 $482 $167 $478 $483 reversed $304 $-1 #
-303 coedge $-1 -1 $-1 $167 $482 $472 $484 forward $304 $-1 #
-304 loop $-1 -1 $-1 $-1 $167 $485 #
-305 vertex $-1 -1 $-1 $301 $486 #
-306 vertex $-1 -1 $-1 $168 $487 #
-307 straight-curve $-1 -1 $-1 0.29999999999999999 2.7889079487920001 4 0 1000 0 I I #
-308 straight-curve $-1 -1 $-1 0.750000000000006 4.726 3.2500000000000004 0 -1000 0 I I #
-309 straight-curve $-1 -1 $-1 1.25 4.726 3.2500000000000004 0 1000 0 I I #
-310 coedge $-1 -1 $-1 $341 $488 $172 $311 reversed $489 $-1 #
-311 edge $-1 -1 $-1 $174 4.7533766844900891e-18 $490 0.00033166247903545869 $172 $491 forward @7 unknown #
-312 coedge $-1 -1 $-1 $492 $294 $173 $313 reversed $466 $-1 #
-313 edge $-1 -1 $-1 $493 -3.1599912606751155e-17 $175 0.0003316624790354505 $173 $494 forward @7 unknown #
-314 point $-1 -1 $-1 1.2499999999999984 8.5000000000000036 3.2500000000000142 #
-315 point $-1 -1 $-1 0.75000000000000711 8.5000000000000266 3.2500000000000151 #
-316 coedge $-1 -1 $-1 $495 $177 $496 $497 reversed $35 $-1 #
-317 coedge $-1 -1 $-1 $498 $499 $177 $318 forward $500 $-1 #
-318 edge $-1 -1 $-1 $501 1.1092051207555364e-05 $320 0.00029393476368184599 $317 $502 forward @7 unknown #
-319 coedge $-1 -1 $-1 $178 $469 $498 $503 forward $54 $-1 #
-320 vertex $-1 -1 $-1 $318 $504 #
-321 straight-curve $-1 -1 $-1 2.04 4.7999999999999998 3.9999999999999005 1000 0 0 I I #
-322 coedge $-1 -1 $-1 $180 $495 $505 $506 reversed $35 $-1 #
-323 coedge $-1 -1 $-1 $507 $508 $180 $324 forward $509 $-1 #
-324 edge $-1 -1 $-1 $328 1.1092051207793478e-05 $510 0.00029393476368227219 $323 $511 forward @7 unknown #
-325 coedge $-1 -1 $-1 $512 $181 $508 $513 forward $327 $-1 #
-326 coedge $-1 -1 $-1 $181 $512 $183 $331 reversed $327 $-1 #
-327 loop $-1 -1 $-1 $-1 $325 $514 #
-328 vertex $-1 -1 $-1 $324 $515 #
-329 straight-curve $-1 -1 $-1 0 4.7999999999999998 2.1680000000000001 -0 -0 -1000 I I #
-330 coedge $-1 -1 $-1 $184 $183 $477 $516 forward $185 $-1 #
-331 edge $-1 -1 $-1 $187 4.0000000000000037e-05 $517 0.0020400000000000006 $183 $518 forward @7 unknown #
-332 edge $-1 -1 $-1 $186 -0.0020400000000000001 $480 -3.999999999999959e-05 $299 $519 forward @7 unknown #
-333 point $-1 -1 $-1 0.20000000000013346 4.7999999999999998 3.9999999999999289 #
-334 point $-1 -1 $-1 -3.1899260793596951e-14 4.7999999999999998 3.8000000000002112 #
-335 straight-curve $-1 -1 $-1 0.75 4.7999999999999998 2.7389079487919998 0 0 1000 I I #
-336 point $-1 -1 $-1 0.749999999999999 4.7999999999999998 3.2500000000000027 #
-337 coedge $-1 -1 $-1 $194 $193 $520 $521 forward $195 $-1 #
-338 edge $-1 -1 $-1 $467 -0.0037740000000000178 $196 -7.3999999999999847e-05 $293 $522 forward @7 unknown #
-339 face $523 -1 $-1 $524 $195 $10 $-1 $525 forward single #
-340 point $-1 -1 $-1 0.749999999999995 4.7999999999999998 2.7499999999999925 #
-341 coedge $-1 -1 $-1 $526 $310 $198 $342 reversed $489 $-1 #
-342 edge $-1 -1 $-1 $343 -0.00051109205120799975 $174 -1.1092051207985953e-05 $198 $527 forward @7 unknown #
-343 vertex $-1 -1 $-1 $528 $529 #
-344 straight-curve $-1 -1 $-1 1.25 4.726 2.75 0 1000 0 I I #
-345 rgb_color-st-attrib $-1 -1 $-1 $203 $111 0.98039215686274506 0.62745098039215685 0 #
-346 integer_attrib-name_attrib-gen-attrib $-1 -1 $530 $-1 $204 copy keep_kept ignore copy @9 Imported1 0 #
-347 face $531 -1 $-1 $532 $228 $12 $-1 $533 forward single #
-348 plane-surface $-1 -1 $-1 0.75 4.726 -1.2610920512079999 -1 0 0 0 0 1000 forward_v I I I I #
-349 coedge $-1 -1 $-1 $216 $215 $534 $535 forward $205 $-1 #
-350 coedge $-1 -1 $-1 $232 $207 $236 $395 forward $112 $-1 #
-351 coedge $-1 -1 $-1 $369 $536 $207 $352 reversed $537 $-1 #
-352 edge $-1 -1 $-1 $218 -0.00051109205120801493 $538 -1.1092051208002495e-05 $207 $539 forward @7 unknown #
-353 coedge $-1 -1 $-1 $540 $208 $541 $542 forward $65 $-1 #
-354 coedge $-1 -1 $-1 $543 $544 $208 $355 reversed $545 $-1 #
-355 edge $-1 -1 $-1 $363 2.8000000000000023e-05 $546 0.001428 $208 $547 forward @7 unknown #
-356 coedge $-1 -1 $-1 $209 $221 $227 $389 forward $65 $-1 #
-357 coedge $-1 -1 $-1 $548 $549 $209 $358 reversed $550 $-1 #
-358 edge $-1 -1 $-1 $551 -0.0018400000000000252 $362 -0.00174 $209 $552 forward @7 unknown #
-359 coedge $-1 -1 $-1 $553 $210 $549 $554 reversed $361 $-1 #
-360 coedge $-1 -1 $-1 $210 $553 $543 $555 forward $361 $-1 #
-361 loop $-1 -1 $-1 $-1 $210 $556 #
-362 vertex $-1 -1 $-1 $358 $557 #
-363 vertex $-1 -1 $-1 $211 $558 #
-364 straight-curve $-1 -1 $-1 1.7 2.7889079487920001 -2 0 1000 0 I I #
-365 straight-curve $-1 -1 $-1 1.24999999999999 4.726 -1.25 -0 -1000 -0 I I #
-366 straight-curve $-1 -1 $-1 0.75 4.726 -1.25 0 1000 0 I I #
-367 coedge $-1 -1 $-1 $398 $559 $215 $368 reversed $560 $-1 #
-368 edge $-1 -1 $-1 $217 6.5275243202505152e-18 $561 0.0003316624790354607 $215 $562 forward @7 unknown #
-369 coedge $-1 -1 $-1 $563 $351 $216 $370 reversed $537 $-1 #
-370 edge $-1 -1 $-1 $564 -3.2804994019720503e-17 $218 0.00033166247903545023 $216 $565 forward @7 unknown #
-371 point $-1 -1 $-1 0.75000000000000167 8.5000000000000036 -1.2500000000000138 #
-372 point $-1 -1 $-1 1.2499999999999916 8.5000000000000249 -1.2500000000000149 #
-373 coedge $-1 -1 $-1 $566 $220 $567 $568 reversed $42 $-1 #
-374 coedge $-1 -1 $-1 $569 $570 $220 $375 forward $571 $-1 #
-375 edge $-1 -1 $-1 $572 1.1092051207814722e-05 $377 0.00029393476368225446 $374 $573 forward @7 unknown #
-376 coedge $-1 -1 $-1 $221 $540 $569 $574 forward $65 $-1 #
-377 vertex $-1 -1 $-1 $375 $575 #
-378 straight-curve $-1 -1 $-1 -0.040000000000000001 4.7999999999999998 -1.9999999999999003 -1000 -0 -0 I I #
-379 coedge $-1 -1 $-1 $223 $566 $576 $577 reversed $42 $-1 #
-380 coedge $-1 -1 $-1 $578 $579 $223 $381 forward $580 $-1 #
-381 edge $-1 -1 $-1 $385 1.1092051207702443e-05 $581 0.00029393476368212506 $380 $582 forward @7 unknown #
-382 coedge $-1 -1 $-1 $583 $224 $579 $584 forward $384 $-1 #
-383 coedge $-1 -1 $-1 $224 $583 $226 $388 reversed $384 $-1 #
-384 loop $-1 -1 $-1 $-1 $382 $585 #
-385 vertex $-1 -1 $-1 $381 $586 #
-386 straight-curve $-1 -1 $-1 2 4.7999999999999998 -0.16800000000000001 0 0 1000 I I #
-387 coedge $-1 -1 $-1 $227 $226 $548 $587 forward $228 $-1 #
-388 edge $-1 -1 $-1 $230 4.0000000000000037e-05 $588 0.0020400000000000006 $226 $589 forward @7 unknown #
-389 edge $-1 -1 $-1 $229 -0.0020400000000000001 $551 -3.999999999999959e-05 $356 $590 forward @7 unknown #
-390 point $-1 -1 $-1 1.8000000000000498 4.7999999999999998 -1.9999999999999749 #
-391 point $-1 -1 $-1 1.9999999999999254 4.7999999999999998 -1.8000000000001271 #
-392 straight-curve $-1 -1 $-1 1.25 4.7999999999999998 -0.73890794879199995 0 0 -1000 I I #
-393 point $-1 -1 $-1 1.25 4.7999999999999998 -1.2500000000000024 #
-394 coedge $-1 -1 $-1 $237 $236 $591 $592 forward $238 $-1 #
-395 edge $-1 -1 $-1 $538 -0.0037740000000000178 $239 -7.3999999999999847e-05 $350 $593 forward @7 unknown #
-396 face $594 -1 $-1 $595 $238 $12 $-1 $596 forward single #
-397 point $-1 -1 $-1 1.2500000000000051 4.7999999999999998 -0.74999999999999156 #
-398 coedge $-1 -1 $-1 $597 $367 $241 $399 reversed $560 $-1 #
-399 edge $-1 -1 $-1 $400 -0.00051109205120799953 $217 -1.1092051207986175e-05 $241 $598 forward @7 unknown #
-400 vertex $-1 -1 $-1 $599 $600 #
-401 straight-curve $-1 -1 $-1 0.75 4.726 -0.75 0 1000 0 I I #
-402 rgb_color-st-attrib $-1 -1 $-1 $246 $136 0.98039215686274506 0.62745098039215685 0 #
-403 integer_attrib-name_attrib-gen-attrib $-1 -1 $601 $-1 $247 copy keep_kept ignore copy @9 Imported1 0 #
-404 face $602 -1 $-1 $603 $271 $14 $-1 $604 forward single #
-405 plane-surface $-1 -1 $-1 1.25 4.726 1.2610920512079999 1 0 0 0 0 -1000 forward_v I I I I #
-406 coedge $-1 -1 $-1 $259 $258 $605 $606 forward $248 $-1 #
-407 coedge $-1 -1 $-1 $275 $250 $279 $452 forward $137 $-1 #
-408 coedge $-1 -1 $-1 $426 $607 $250 $409 reversed $608 $-1 #
-409 edge $-1 -1 $-1 $261 -0.00051109205120801471 $609 -1.1092051208002495e-05 $250 $610 forward @7 unknown #
-410 coedge $-1 -1 $-1 $611 $251 $612 $613 forward $76 $-1 #
-411 coedge $-1 -1 $-1 $614 $615 $251 $412 reversed $616 $-1 #
-412 edge $-1 -1 $-1 $420 2.7999999999999915e-05 $617 0.001428 $251 $618 forward @7 unknown #
-413 coedge $-1 -1 $-1 $252 $264 $270 $446 forward $76 $-1 #
-414 coedge $-1 -1 $-1 $619 $620 $252 $415 reversed $621 $-1 #
-415 edge $-1 -1 $-1 $622 -0.0018399999999998409 $419 -0.0017400000000000002 $252 $623 forward @7 unknown #
-416 coedge $-1 -1 $-1 $624 $253 $620 $625 reversed $418 $-1 #
-417 coedge $-1 -1 $-1 $253 $624 $614 $626 forward $418 $-1 #
-418 loop $-1 -1 $-1 $-1 $253 $627 #
-419 vertex $-1 -1 $-1 $415 $628 #
-420 vertex $-1 -1 $-1 $254 $629 #
-421 straight-curve $-1 -1 $-1 0.29999999999999999 2.7889079487920001 2 0 1000 0 I I #
-422 straight-curve $-1 -1 $-1 0.750000000000006 4.726 1.25 0 -1000 0 I I #
-423 straight-curve $-1 -1 $-1 1.25 4.726 1.25 0 1000 0 I I #
-424 coedge $-1 -1 $-1 $455 $630 $258 $425 reversed $631 $-1 #
-425 edge $-1 -1 $-1 $260 6.494049836556928e-18 $632 0.00033166247903546026 $258 $633 forward @7 unknown #
-426 coedge $-1 -1 $-1 $634 $408 $259 $427 reversed $608 $-1 #
-427 edge $-1 -1 $-1 $635 -3.1532963639363947e-17 $261 0.00033166247903545013 $259 $636 forward @7 unknown #
-428 point $-1 -1 $-1 1.2499999999999984 8.5000000000000036 1.2500000000000138 #
-429 point $-1 -1 $-1 0.75000000000000711 8.5000000000000266 1.2500000000000147 #
-430 coedge $-1 -1 $-1 $637 $263 $638 $639 reversed $49 $-1 #
-431 coedge $-1 -1 $-1 $640 $641 $263 $432 forward $642 $-1 #
-432 edge $-1 -1 $-1 $643 1.1092051207555831e-05 $434 0.00029393476368184642 $431 $644 forward @7 unknown #
-433 coedge $-1 -1 $-1 $264 $611 $640 $645 forward $76 $-1 #
-434 vertex $-1 -1 $-1 $432 $646 #
-435 straight-curve $-1 -1 $-1 2.04 4.7999999999999998 1.9999999999999003 1000 0 0 I I #
-436 coedge $-1 -1 $-1 $266 $637 $647 $648 reversed $49 $-1 #
-437 coedge $-1 -1 $-1 $649 $650 $266 $438 forward $651 $-1 #
-438 edge $-1 -1 $-1 $442 1.1092051207963756e-05 $652 0.00029393476368255186 $437 $653 forward @7 unknown #
-439 coedge $-1 -1 $-1 $654 $267 $650 $655 forward $441 $-1 #
-440 coedge $-1 -1 $-1 $267 $654 $269 $445 reversed $441 $-1 #
-441 loop $-1 -1 $-1 $-1 $439 $656 #
-442 vertex $-1 -1 $-1 $438 $657 #
-443 straight-curve $-1 -1 $-1 0 4.7999999999999998 0.16800000000000001 -0 -0 -1000 I I #
-444 coedge $-1 -1 $-1 $270 $269 $619 $658 forward $271 $-1 #
-445 edge $-1 -1 $-1 $273 4.0000000000000037e-05 $659 0.0020400000000000001 $269 $660 forward @7 unknown #
-446 edge $-1 -1 $-1 $272 -0.0020400000000000001 $622 -4.0000000000000037e-05 $413 $661 forward @7 unknown #
-447 point $-1 -1 $-1 0.20000000000013332 4.7999999999999998 1.9999999999999289 #
-448 point $-1 -1 $-1 -3.1882320134651865e-14 4.7999999999999998 1.8000000000002117 #
-449 straight-curve $-1 -1 $-1 0.75 4.7999999999999998 0.73890794879199995 0 0 1000 I I #
-450 point $-1 -1 $-1 0.749999999999999 4.7999999999999998 1.2500000000000024 #
-451 coedge $-1 -1 $-1 $280 $279 $662 $663 forward $281 $-1 #
-452 edge $-1 -1 $-1 $609 -0.0037740000000000178 $282 -7.3999999999999847e-05 $407 $664 forward @7 unknown #
-453 face $665 -1 $-1 $666 $281 $14 $-1 $667 forward single #
-454 point $-1 -1 $-1 0.749999999999995 4.7999999999999998 0.74999999999999156 #
-455 coedge $-1 -1 $-1 $668 $424 $284 $456 reversed $631 $-1 #
-456 edge $-1 -1 $-1 $457 -0.00051109205120799953 $260 -1.1092051207986175e-05 $284 $669 forward @7 unknown #
-457 vertex $-1 -1 $-1 $670 $671 #
-458 straight-curve $-1 -1 $-1 1.25 4.726 0.75 0 1000 0 I I #
-459 rgb_color-st-attrib $-1 -1 $-1 $289 $161 0.98039215686274506 0.62745098039215685 0 #
-460 integer_attrib-name_attrib-gen-attrib $-1 -1 $672 $-1 $290 copy keep_kept ignore copy @9 Imported1 0 #
-461 face $673 -1 $-1 $339 $500 $10 $-1 $674 forward single #
-462 plane-surface $-1 -1 $-1 0.20784326462639999 4.8399999999999999 4.0078432646259996 -0.70710678118520764 0 0.70710678118788761 707.10678118788758 0 707.10678118520764 forward_v I I I I #
-463 coedge $-1 -1 $-1 $675 $676 $292 $464 reversed $677 $-1 #
-464 edge $-1 -1 $-1 $490 -0.00041109205120803683 $493 -0.00011109205120797627 $292 $678 forward @7 unknown #
-465 coedge $-1 -1 $-1 $294 $492 $679 $680 forward $466 $-1 #
-466 loop $-1 -1 $-1 $-1 $294 $524 #
-467 vertex $-1 -1 $-1 $521 $681 #
-468 straight-curve $-1 -1 $-1 0.75 8.5000000000000409 2.7389079487919998 -0 -0 -1000 I I #
-469 coedge $-1 -1 $-1 $319 $296 $682 $683 forward $54 $-1 #
-470 coedge $-1 -1 $-1 $684 $685 $296 $471 reversed $686 $-1 #
-471 edge $-1 -1 $-1 $475 1.1092051207994835e-05 $687 0.00051109205120800018 $296 $688 forward @7 unknown #
-472 coedge $-1 -1 $-1 $689 $297 $303 $484 reversed $474 $-1 #
-473 coedge $-1 -1 $-1 $297 $689 $684 $690 reversed $474 $-1 #
-474 loop $-1 -1 $-1 $-1 $472 $691 #
-475 vertex $-1 -1 $-1 $471 $692 #
-476 straight-curve $-1 -1 $-1 0.27200000000000008 3.2999999999999998 4 1000 0 0 I I #
-477 coedge $-1 -1 $-1 $693 $300 $330 $516 reversed $479 $-1 #
-478 coedge $-1 -1 $-1 $300 $694 $302 $483 forward $479 $-1 #
-479 loop $-1 -1 $-1 $-1 $300 $695 #
-480 vertex $-1 -1 $-1 $516 $696 #
-481 straight-curve $-1 -1 $-1 2.04 2.7999999999999998 4 1000 0 0 I I #
-482 coedge $-1 -1 $-1 $303 $302 $697 $698 reversed $304 $-1 #
-483 edge $-1 -1 $-1 $699 -0.0020400000000000001 $305 -4.0000000000000037e-05 $478 $700 forward @7 unknown #
-484 edge $-1 -1 $-1 $701 -0.0020400000000000001 $306 -4.0000000000000037e-05 $303 $702 forward @7 unknown #
-485 face $703 -1 $-1 $704 $304 $10 $-1 $705 reversed single #
-486 point $-1 -1 $-1 0.29999999999999993 2.7999999999999954 4 #
-487 point $-1 -1 $-1 0.29999999999999999 3.2999999999999998 4 #
-488 coedge $-1 -1 $-1 $310 $526 $675 $706 reversed $489 $-1 #
-489 loop $-1 -1 $-1 $-1 $341 $707 #
-490 vertex $-1 -1 $-1 $706 $708 #
-491 straight-curve $-1 -1 $-1 1.25 8.4999999999999947 3.2500000000000018 -301.5113445777319 904.53403373330036 -301.5113445777672 I I #
-492 coedge $-1 -1 $-1 $465 $312 $676 $709 forward $466 $-1 #
-493 vertex $-1 -1 $-1 $709 $710 #
-494 straight-curve $-1 -1 $-1 0.849999999999974 8.7999999999999403 3.1500000000000199 -301.51134457775538 -904.5340337332932 301.51134457776487 I I #
-495 coedge $-1 -1 $-1 $322 $316 $711 $712 reversed $35 $-1 #
-496 coedge $-1 -1 $-1 $713 $714 $316 $497 forward $715 $-1 #
-497 edge $-1 -1 $-1 $716 -0.0016320000000001574 $501 -3.1999999999842376e-05 $496 $717 forward @7 unknown #
-498 coedge $-1 -1 $-1 $718 $317 $319 $503 reversed $500 $-1 #
-499 coedge $-1 -1 $-1 $317 $718 $713 $719 forward $500 $-1 #
-500 loop $-1 -1 $-1 $-1 $718 $461 #
-501 vertex $-1 -1 $-1 $318 $720 #
-502 straight-curve $-1 -1 $-1 2.007843264626 4.7999999999999998 3.7921567353740007 -707.10678118654801 0 707.10678118654698 I I #
-503 edge $-1 -1 $-1 $721 4.0000000000000037e-05 $320 0.0020400000000000001 $319 $722 forward @7 unknown #
-504 point $-1 -1 $-1 1.8000000000001275 4.7999999999999998 3.9999999999999254 #
-505 coedge $-1 -1 $-1 $723 $724 $322 $506 forward $725 $-1 #
-506 edge $-1 -1 $-1 $510 -0.0016319999999998922 $726 -3.1999999999872578e-05 $505 $727 forward @7 unknown #
-507 coedge $-1 -1 $-1 $728 $323 $724 $729 forward $509 $-1 #
-508 coedge $-1 -1 $-1 $323 $728 $325 $513 reversed $509 $-1 #
-509 loop $-1 -1 $-1 $-1 $728 $730 #
-510 vertex $-1 -1 $-1 $506 $731 #
-511 straight-curve $-1 -1 $-1 -0.0078432646264170007 4.7999999999999998 2.2078432646259998 707.10678118788701 0 -707.10678118520809 I I #
-512 coedge $-1 -1 $-1 $326 $325 $693 $732 forward $327 $-1 #
-513 edge $-1 -1 $-1 $328 -0.0020400000000000001 $733 -4.0000000000000037e-05 $325 $734 forward @7 unknown #
-514 face $735 -1 $-1 $736 $327 $10 $-1 $737 forward single #
-515 point $-1 -1 $-1 6.3885342464287467e-15 4.7999999999999998 2.1999999999998248 #
-516 edge $-1 -1 $-1 $517 -5.6399304241377345e-17 $480 0.00028284271247442294 $330 $738 forward @7 unknown #
-517 vertex $-1 -1 $-1 $732 $739 #
-518 straight-curve $-1 -1 $-1 -1.4026865606531214e-13 4.8399999999999999 3.8000000000002472 0 -1000 0 I I #
-519 straight-curve $-1 -1 $-1 0.19999999999998899 2.7599999999999998 4 0 -1000 0 I I #
-520 coedge $-1 -1 $-1 $679 $740 $337 $521 reversed $741 $-1 #
-521 edge $-1 -1 $-1 $467 -0.00051109205120801861 $343 -1.1092051207984843e-05 $337 $742 forward @7 unknown #
-522 straight-curve $-1 -1 $-1 0.75 4.726 2.7500000000000102 0 -1000 0 I I #
-523 integer_attrib-name_attrib-gen-attrib $-1 -1 $743 $-1 $339 copy keep_kept ignore copy @9 Imported1 0 #
-524 face $744 -1 $-1 $745 $466 $10 $-1 $746 forward single #
-525 plane-surface $-1 -1 $-1 1.2610920512079999 4.726 2.75 0 0 -1 -1000 0 0 forward_v I I I I #
-526 coedge $-1 -1 $-1 $488 $341 $740 $528 forward $489 $-1 #
-527 straight-curve $-1 -1 $-1 1.25 8.5 3.2610920512080002 0 0 1000 I I #
-528 edge $-1 -1 $-1 $343 1.2184712064467681e-17 $747 0.0003316624790354292 $526 $748 forward @7 unknown #
-529 point $-1 -1 $-1 1.2500000000000151 8.5000000000000107 2.7500000000000004 #
-530 rgb_color-st-attrib $-1 -1 $-1 $346 $204 0.98039215686274506 0.62745098039215685 0 #
-531 integer_attrib-name_attrib-gen-attrib $-1 -1 $749 $-1 $347 copy keep_kept ignore copy @9 Imported1 0 #
-532 face $750 -1 $-1 $396 $571 $12 $-1 $751 forward single #
-533 plane-surface $-1 -1 $-1 1.792156735374 4.8399999999999999 -2.007843264626 0.70710678118654757 0 -0.70710678118654757 -707.10678118654755 0 -707.10678118654755 forward_v I I I I #
-534 coedge $-1 -1 $-1 $752 $753 $349 $535 reversed $754 $-1 #
-535 edge $-1 -1 $-1 $561 -0.00041109205120803505 $564 -0.00011109205120797627 $349 $755 forward @7 unknown #
-536 coedge $-1 -1 $-1 $351 $563 $756 $757 forward $537 $-1 #
-537 loop $-1 -1 $-1 $-1 $351 $595 #
-538 vertex $-1 -1 $-1 $592 $758 #
-539 straight-curve $-1 -1 $-1 1.25 8.5000000000000409 -0.73890794879199995 0 0 1000 I I #
-540 coedge $-1 -1 $-1 $376 $353 $759 $760 forward $65 $-1 #
-541 coedge $-1 -1 $-1 $761 $762 $353 $542 reversed $763 $-1 #
-542 edge $-1 -1 $-1 $546 1.1092051207994835e-05 $764 0.00051109205120800018 $353 $765 forward @7 unknown #
-543 coedge $-1 -1 $-1 $766 $354 $360 $555 reversed $545 $-1 #
-544 coedge $-1 -1 $-1 $354 $766 $761 $767 reversed $545 $-1 #
-545 loop $-1 -1 $-1 $-1 $543 $768 #
-546 vertex $-1 -1 $-1 $542 $769 #
-547 straight-curve $-1 -1 $-1 1.728 3.2999999999999998 -2 -1000 0 0 I I #
-548 coedge $-1 -1 $-1 $770 $357 $387 $587 reversed $550 $-1 #
-549 coedge $-1 -1 $-1 $357 $771 $359 $554 forward $550 $-1 #
-550 loop $-1 -1 $-1 $-1 $357 $772 #
-551 vertex $-1 -1 $-1 $587 $773 #
-552 straight-curve $-1 -1 $-1 -0.040000000000000001 2.7999999999999998 -2 -1000 -0 -0 I I #
-553 coedge $-1 -1 $-1 $360 $359 $774 $775 reversed $361 $-1 #
-554 edge $-1 -1 $-1 $776 -0.0020400000000000001 $362 -4.0000000000000037e-05 $549 $777 forward @7 unknown #
-555 edge $-1 -1 $-1 $778 -0.0020400000000000001 $363 -4.0000000000000037e-05 $360 $779 forward @7 unknown #
-556 face $780 -1 $-1 $781 $361 $12 $-1 $782 reversed single #
-557 point $-1 -1 $-1 1.7 2.7999999999999954 -2 #
-558 point $-1 -1 $-1 1.7 3.2999999999999998 -2 #
-559 coedge $-1 -1 $-1 $367 $597 $752 $783 reversed $560 $-1 #
-560 loop $-1 -1 $-1 $-1 $398 $784 #
-561 vertex $-1 -1 $-1 $783 $785 #
-562 straight-curve $-1 -1 $-1 0.75 8.4999999999999929 -1.2500000000000018 301.51134457774174 904.53403373329786 301.51134457776465 I I #
-563 coedge $-1 -1 $-1 $536 $369 $753 $786 forward $537 $-1 #
-564 vertex $-1 -1 $-1 $786 $787 #
-565 straight-curve $-1 -1 $-1 1.1500000000000301 8.7999999999999403 -1.1500000000000201 301.51134457773321 -904.53403373330036 -301.5113445777659 I I #
-566 coedge $-1 -1 $-1 $379 $373 $788 $789 reversed $42 $-1 #
-567 coedge $-1 -1 $-1 $790 $791 $373 $568 forward $792 $-1 #
-568 edge $-1 -1 $-1 $793 -0.0016320000000000204 $572 -3.1999999999770432e-05 $567 $794 forward @7 unknown #
-569 coedge $-1 -1 $-1 $795 $374 $376 $574 reversed $571 $-1 #
-570 coedge $-1 -1 $-1 $374 $795 $790 $796 forward $571 $-1 #
-571 loop $-1 -1 $-1 $-1 $795 $532 #
-572 vertex $-1 -1 $-1 $375 $797 #
-573 straight-curve $-1 -1 $-1 -0.0078432646264170007 4.7999999999999998 -1.792156735374 707.10678118788701 0 -707.10678118520809 I I #
-574 edge $-1 -1 $-1 $798 4.0000000000000037e-05 $377 0.0020400000000000001 $376 $799 forward @7 unknown #
-575 point $-1 -1 $-1 0.20000000000010318 4.7999999999999998 -1.9999999999998548 #
-576 coedge $-1 -1 $-1 $800 $801 $379 $577 forward $802 $-1 #
-577 edge $-1 -1 $-1 $581 -0.0016320000000002255 $803 -3.1999999999984264e-05 $576 $804 forward @7 unknown #
-578 coedge $-1 -1 $-1 $805 $380 $801 $806 forward $580 $-1 #
-579 coedge $-1 -1 $-1 $380 $805 $382 $584 reversed $580 $-1 #
-580 loop $-1 -1 $-1 $-1 $805 $807 #
-581 vertex $-1 -1 $-1 $577 $808 #
-582 straight-curve $-1 -1 $-1 2.007843264626 4.7999999999999998 -0.20784326462639999 -707.10678118520809 0 707.10678118788701 I I #
-583 coedge $-1 -1 $-1 $383 $382 $770 $809 forward $384 $-1 #
-584 edge $-1 -1 $-1 $385 -0.0020400000000000001 $810 -4.0000000000000037e-05 $382 $811 forward @7 unknown #
-585 face $812 -1 $-1 $813 $384 $12 $-1 $814 forward single #
-586 point $-1 -1 $-1 1.9999999999998981 4.7999999999999998 -0.20000000000003229 #
-587 edge $-1 -1 $-1 $588 -7.5835465754426319e-17 $551 0.00028284271247430422 $387 $815 forward @7 unknown #
-588 vertex $-1 -1 $-1 $809 $816 #
-589 straight-curve $-1 -1 $-1 1.9999999999999003 4.8399999999999999 -1.8000000000000997 -0 -1000 -0 I I #
-590 straight-curve $-1 -1 $-1 1.8000000000001 2.7599999999999998 -2 -0 -1000 -0 I I #
-591 coedge $-1 -1 $-1 $756 $817 $394 $592 reversed $818 $-1 #
-592 edge $-1 -1 $-1 $538 -0.00051109205120801915 $400 -1.1092051207982068e-05 $394 $819 forward @7 unknown #
-593 straight-curve $-1 -1 $-1 1.25 4.726 -0.750000000000006 -0 -1000 -0 I I #
-594 integer_attrib-name_attrib-gen-attrib $-1 -1 $820 $-1 $396 copy keep_kept ignore copy @9 Imported1 0 #
-595 face $821 -1 $-1 $822 $537 $12 $-1 $823 forward single #
-596 plane-surface $-1 -1 $-1 0.73890794879199995 4.726 -0.75 0 0 1 1000 0 0 forward_v I I I I #
-597 coedge $-1 -1 $-1 $559 $398 $817 $599 forward $560 $-1 #
-598 straight-curve $-1 -1 $-1 0.75 8.5 -1.2610920512079999 -0 -0 -1000 I I #
-599 edge $-1 -1 $-1 $400 1.1414798939514995e-17 $824 0.00033166247903542985 $597 $825 forward @7 unknown #
-600 point $-1 -1 $-1 0.74999999999998201 8.5000000000000107 -0.75000000000000044 #
-601 rgb_color-st-attrib $-1 -1 $-1 $403 $247 0.98039215686274506 0.62745098039215685 0 #
-602 integer_attrib-name_attrib-gen-attrib $-1 -1 $826 $-1 $404 copy keep_kept ignore copy @9 Imported1 0 #
-603 face $827 -1 $-1 $453 $642 $14 $-1 $828 forward single #
-604 plane-surface $-1 -1 $-1 0.20784326462639999 4.8399999999999999 2.007843264626 -0.70710678118520809 0 0.70710678118788706 707.10678118788701 0 707.10678118520809 forward_v I I I I #
-605 coedge $-1 -1 $-1 $829 $830 $406 $606 reversed $831 $-1 #
-606 edge $-1 -1 $-1 $632 -0.00041109205120803683 $635 -0.00011109205120797627 $406 $832 forward @7 unknown #
-607 coedge $-1 -1 $-1 $408 $634 $833 $834 forward $608 $-1 #
-608 loop $-1 -1 $-1 $-1 $408 $666 #
-609 vertex $-1 -1 $-1 $663 $835 #
-610 straight-curve $-1 -1 $-1 0.75 8.5000000000000409 0.73890794879199995 -0 -0 -1000 I I #
-611 coedge $-1 -1 $-1 $433 $410 $836 $837 forward $76 $-1 #
-612 coedge $-1 -1 $-1 $838 $839 $410 $613 reversed $840 $-1 #
-613 edge $-1 -1 $-1 $617 1.1092051207994835e-05 $841 0.00051109205120800018 $410 $842 forward @7 unknown #
-614 coedge $-1 -1 $-1 $843 $411 $417 $626 reversed $616 $-1 #
-615 coedge $-1 -1 $-1 $411 $843 $838 $844 reversed $616 $-1 #
-616 loop $-1 -1 $-1 $-1 $614 $845 #
-617 vertex $-1 -1 $-1 $613 $846 #
-618 straight-curve $-1 -1 $-1 0.27200000000000008 3.2999999999999998 2 1000 0 0 I I #
-619 coedge $-1 -1 $-1 $847 $414 $444 $658 reversed $621 $-1 #
-620 coedge $-1 -1 $-1 $414 $848 $416 $625 forward $621 $-1 #
-621 loop $-1 -1 $-1 $-1 $414 $849 #
-622 vertex $-1 -1 $-1 $658 $850 #
-623 straight-curve $-1 -1 $-1 2.04 2.7999999999999998 2 1000 0 0 I I #
-624 coedge $-1 -1 $-1 $417 $416 $851 $852 reversed $418 $-1 #
-625 edge $-1 -1 $-1 $853 -0.0020400000000000001 $419 -4.0000000000000037e-05 $620 $854 forward @7 unknown #
-626 edge $-1 -1 $-1 $855 -0.0020400000000000001 $420 -4.0000000000000037e-05 $417 $856 forward @7 unknown #
-627 face $857 -1 $-1 $858 $418 $14 $-1 $859 reversed single #
-628 point $-1 -1 $-1 0.29999999999999993 2.7999999999999954 2 #
-629 point $-1 -1 $-1 0.29999999999999999 3.2999999999999998 2 #
-630 coedge $-1 -1 $-1 $424 $668 $829 $860 reversed $631 $-1 #
-631 loop $-1 -1 $-1 $-1 $455 $861 #
-632 vertex $-1 -1 $-1 $860 $862 #
-633 straight-curve $-1 -1 $-1 1.25 8.4999999999999929 1.2500000000000018 -301.51134457773048 904.53403373330127 -301.51134457776578 I I #
-634 coedge $-1 -1 $-1 $607 $426 $830 $863 forward $608 $-1 #
-635 vertex $-1 -1 $-1 $863 $864 #
-636 straight-curve $-1 -1 $-1 0.849999999999974 8.7999999999999403 1.1500000000000201 -301.51134457775561 -904.534033733294 301.51134457776379 I I #
-637 coedge $-1 -1 $-1 $436 $430 $865 $866 reversed $49 $-1 #
-638 coedge $-1 -1 $-1 $867 $868 $430 $639 forward $869 $-1 #
-639 edge $-1 -1 $-1 $870 -0.0016319999999999241 $643 -3.19999999998426e-05 $638 $871 forward @7 unknown #
-640 coedge $-1 -1 $-1 $872 $431 $433 $645 reversed $642 $-1 #
-641 coedge $-1 -1 $-1 $431 $872 $867 $873 forward $642 $-1 #
-642 loop $-1 -1 $-1 $-1 $872 $603 #
-643 vertex $-1 -1 $-1 $432 $874 #
-644 straight-curve $-1 -1 $-1 2.007843264626 4.7999999999999998 1.792156735374 -707.10678118654755 0 707.10678118654755 I I #
-645 edge $-1 -1 $-1 $875 3.999999999999959e-05 $434 0.0020400000000000001 $433 $876 forward @7 unknown #
-646 point $-1 -1 $-1 1.8000000000001275 4.7999999999999998 1.9999999999999254 #
-647 coedge $-1 -1 $-1 $877 $878 $436 $648 forward $879 $-1 #
-648 edge $-1 -1 $-1 $652 -0.001632000000000016 $880 -3.1999999999824832e-05 $647 $881 forward @7 unknown #
-649 coedge $-1 -1 $-1 $882 $437 $878 $883 forward $651 $-1 #
-650 coedge $-1 -1 $-1 $437 $882 $439 $655 reversed $651 $-1 #
-651 loop $-1 -1 $-1 $-1 $882 $884 #
-652 vertex $-1 -1 $-1 $648 $885 #
-653 straight-curve $-1 -1 $-1 -0.0078432646264170007 4.7999999999999998 0.20784326462639999 707.10678118654755 0 -707.10678118654755 I I #
-654 coedge $-1 -1 $-1 $440 $439 $847 $886 forward $441 $-1 #
-655 edge $-1 -1 $-1 $442 -0.0020400000000000001 $887 -3.999999999999959e-05 $439 $888 forward @7 unknown #
-656 face $889 -1 $-1 $890 $441 $14 $-1 $891 forward single #
-657 point $-1 -1 $-1 6.5045777602025859e-15 4.7999999999999998 0.19999999999998427 #
-658 edge $-1 -1 $-1 $659 -5.6411283096195192e-17 $622 0.00028284271247442305 $444 $892 forward @7 unknown #
-659 vertex $-1 -1 $-1 $886 $893 #
-660 straight-curve $-1 -1 $-1 -1.4053970660843351e-13 4.8399999999999999 1.800000000000247 0 -1000 0 I I #
-661 straight-curve $-1 -1 $-1 0.19999999999998899 2.7599999999999998 2 0 -1000 0 I I #
-662 coedge $-1 -1 $-1 $833 $894 $451 $663 reversed $895 $-1 #
-663 edge $-1 -1 $-1 $609 -0.0005110920512080185 $457 -1.1092051207984843e-05 $451 $896 forward @7 unknown #
-664 straight-curve $-1 -1 $-1 0.75 4.726 0.750000000000006 0 -1000 0 I I #
-665 integer_attrib-name_attrib-gen-attrib $-1 -1 $897 $-1 $453 copy keep_kept ignore copy @9 Imported1 0 #
-666 face $898 -1 $-1 $899 $608 $14 $-1 $900 forward single #
-667 plane-surface $-1 -1 $-1 1.2610920512079999 4.726 0.75 0 0 -1 -1000 0 0 forward_v I I I I #
-668 coedge $-1 -1 $-1 $630 $455 $894 $670 forward $631 $-1 #
-669 straight-curve $-1 -1 $-1 1.25 8.5 1.2610920512079999 0 0 1000 I I #
-670 edge $-1 -1 $-1 $457 1.218471206446765e-17 $901 0.00033166247903542985 $668 $902 forward @7 unknown #
-671 point $-1 -1 $-1 1.2500000000000151 8.5000000000000107 0.75000000000000044 #
-672 rgb_color-st-attrib $-1 -1 $-1 $460 $290 0.15686274509803921 0.1803921568627451 0.16862745098039217 #
-673 integer_attrib-name_attrib-gen-attrib $-1 -1 $903 $-1 $461 copy keep_kept ignore copy @9 Imported1 0 #
-674 plane-surface $-1 -1 $-1 2.007843264626 4.8399999999999999 3.7921567353740007 0.70710678118654702 0 0.70710678118654802 707.10678118654801 0 -707.10678118654698 forward_v I I I I #
-675 coedge $-1 -1 $-1 $904 $463 $488 $706 forward $677 $-1 #
-676 coedge $-1 -1 $-1 $463 $904 $492 $709 reversed $677 $-1 #
-677 loop $-1 -1 $-1 $-1 $904 $745 #
-678 straight-curve $-1 -1 $-1 0.73890794879199995 8.7999999999999403 3.1500000000000199 -1000 -0 -0 I I #
-679 coedge $-1 -1 $-1 $905 $520 $465 $680 reversed $741 $-1 #
-680 edge $-1 -1 $-1 $906 -8.0405709832008969e-17 $467 0.00033166247903538003 $465 $907 forward @7 unknown #
-681 point $-1 -1 $-1 0.74999999999998135 8.5000000000000178 2.750000000000004 #
-682 coedge $-1 -1 $-1 $908 $909 $469 $683 reversed $910 $-1 #
-683 edge $-1 -1 $-1 $687 -0.00034000000000000008 $721 -0.00023999999999992249 $469 $911 forward @7 unknown #
-684 coedge $-1 -1 $-1 $912 $470 $473 $690 forward $686 $-1 #
-685 coedge $-1 -1 $-1 $470 $912 $908 $913 reversed $686 $-1 #
-686 loop $-1 -1 $-1 $-1 $912 $704 #
-687 vertex $-1 -1 $-1 $471 $914 #
-688 straight-curve $-1 -1 $-1 1.7 3.311092051208 4 0 -1000 0 I I #
-689 coedge $-1 -1 $-1 $473 $472 $915 $916 reversed $474 $-1 #
-690 edge $-1 -1 $-1 $475 4.0000000000000037e-05 $917 0.0020400000000000001 $684 $918 forward @7 unknown #
-691 face $919 -1 $-1 $920 $921 $10 $-1 $922 reversed single #
-692 point $-1 -1 $-1 1.7 3.3000000000000052 4 #
-693 coedge $-1 -1 $-1 $923 $477 $512 $732 reversed $479 $-1 #
-694 coedge $-1 -1 $-1 $478 $923 $924 $925 reversed $479 $-1 #
-695 face $926 -1 $-1 $927 $479 $10 $-1 $928 reversed single #
-696 point $-1 -1 $-1 0.20000000000015922 2.7999999999999994 3.9999999999999765 #
-697 coedge $-1 -1 $-1 $924 $915 $482 $698 forward $725 $-1 #
-698 edge $-1 -1 $-1 $701 -0.00051109205120800235 $699 -1.1092051207984621e-05 $697 $929 forward @7 unknown #
-699 vertex $-1 -1 $-1 $698 $930 #
-700 straight-curve $-1 -1 $-1 0.29999999999999999 2.7999999999999798 4.04 0 0 1000 I I #
-701 vertex $-1 -1 $-1 $698 $931 #
-702 straight-curve $-1 -1 $-1 0.29999999999999999 3.2999999999999998 4.04 0 0 1000 I I #
-703 integer_attrib-name_attrib-gen-attrib $-1 -1 $932 $-1 $485 copy keep_kept ignore copy @9 Imported1 0 #
-704 face $933 -1 $-1 $934 $686 $10 $-1 $935 reversed single #
-705 plane-surface $-1 -1 $-1 0.29999999999999999 2.7889079487920001 4.04 -1 0 0 0 0 1000 forward_v I I I I #
-706 edge $-1 -1 $-1 $490 -0.00031109205120800708 $747 -1.1092051207950427e-05 $675 $936 forward @7 unknown #
-707 face $937 -1 $-1 $514 $489 $10 $-1 $938 forward single #
-708 point $-1 -1 $-1 1.1500000000000368 8.799999999999919 3.1500000000000075 #
-709 edge $-1 -1 $-1 $493 -0.00041109205120799742 $906 -0.00011109205120795584 $492 $939 forward @7 unknown #
-710 point $-1 -1 $-1 0.84999999999997622 8.799999999999967 3.1499999999999972 #
-711 coedge $-1 -1 $-1 $940 $941 $495 $712 forward $942 $-1 #
-712 edge $-1 -1 $-1 $726 1.1092051207532909e-05 $716 0.00029393476368176657 $711 $943 forward @7 unknown #
-713 coedge $-1 -1 $-1 $944 $496 $499 $719 reversed $715 $-1 #
-714 coedge $-1 -1 $-1 $496 $944 $940 $945 forward $715 $-1 #
-715 loop $-1 -1 $-1 $-1 $714 $736 #
-716 vertex $-1 -1 $-1 $712 $946 #
-717 straight-curve $-1 -1 $-1 2 4.7999999999999998 3.8319999999999999 0 0 1000 I I #
-718 coedge $-1 -1 $-1 $499 $498 $909 $947 forward $500 $-1 #
-719 edge $-1 -1 $-1 $948 -0.0020400000000000001 $501 -4.0000000000000037e-05 $499 $949 forward @7 unknown #
-720 point $-1 -1 $-1 1.9999999999998952 4.7999999999999998 3.8000000000001575 #
-721 vertex $-1 -1 $-1 $683 $950 #
-722 straight-curve $-1 -1 $-1 1.8000000000002101 2.7599999999999998 4 0 1000 0 I I #
-723 coedge $-1 -1 $-1 $951 $505 $941 $952 reversed $725 $-1 #
-724 coedge $-1 -1 $-1 $505 $924 $507 $729 reversed $725 $-1 #
-725 loop $-1 -1 $-1 $-1 $697 $953 #
-726 vertex $-1 -1 $-1 $712 $954 #
-727 straight-curve $-1 -1 $-1 1.8320000000000001 4.7999999999999998 2 1000 0 0 I I #
-728 coedge $-1 -1 $-1 $508 $507 $923 $955 forward $509 $-1 #
-729 edge $-1 -1 $-1 $510 4.0000000000000037e-05 $956 0.0020400000000000045 $507 $957 forward @7 unknown #
-730 face $958 -1 $-1 $959 $509 $10 $-1 $960 forward single #
-731 point $-1 -1 $-1 0.20000000000010795 4.7999999999999998 2.0000000000001248 #
-732 edge $-1 -1 $-1 $733 0.00023999999999967515 $517 0.0018400000000003617 $512 $961 forward @7 unknown #
-733 vertex $-1 -1 $-1 $955 $962 #
-734 straight-curve $-1 -1 $-1 0 2.7599999999999998 2.1999999999998998 0 -1000 0 I I #
-735 integer_attrib-name_attrib-gen-attrib $-1 -1 $963 $-1 $514 copy keep_kept ignore copy @9 Imported1 0 #
-736 face $964 -1 $-1 $965 $715 $10 $-1 $966 forward single #
-737 plane-surface $-1 -1 $-1 0 2.7599999999999998 2.1680000000000001 -1 0 0 0 0 1000 forward_v I I I I #
-738 straight-curve $-1 -1 $-1 1.3010426069826053e-14 2.7999999999999998 3.8000000000003999 707.10678118755834 0 707.10678118553676 I I #
-739 point $-1 -1 $-1 -2.855856284962599e-14 2.7999999999999994 3.8000000000003618 #
-740 coedge $-1 -1 $-1 $520 $905 $526 $528 reversed $741 $-1 #
-741 loop $-1 -1 $-1 $-1 $520 $965 #
-742 straight-curve $-1 -1 $-1 1.2610920512079999 8.5000000000000409 2.75 1000 0 0 I I #
-743 rgb_color-st-attrib $-1 -1 $-1 $523 $339 0.98039215686274506 0.62745098039215685 0 #
-744 integer_attrib-name_attrib-gen-attrib $-1 -1 $967 $-1 $524 copy keep_kept ignore copy @9 Imported1 0 #
-745 face $968 -1 $-1 $707 $677 $10 $-1 $969 forward single #
-746 plane-surface $-1 -1 $-1 0.85350761457400004 8.8105228437219996 2.7389079487919998 -0.94868329805051388 0.316227766016838 0 -316.22776601683802 -948.68329805051383 0 forward_v I I I I #
-747 vertex $-1 -1 $-1 $528 $970 #
-748 straight-curve $-1 -1 $-1 1.2500000000000018 8.4999999999999929 2.75 -301.51134457776493 904.53403373329797 301.51134457774077 I I #
-749 rgb_color-st-attrib $-1 -1 $-1 $531 $347 0.15686274509803921 0.1803921568627451 0.16862745098039217 #
-750 integer_attrib-name_attrib-gen-attrib $-1 -1 $971 $-1 $532 copy keep_kept ignore copy @9 Imported1 0 #
-751 plane-surface $-1 -1 $-1 -0.0078432646264170007 4.8399999999999999 -1.792156735374 -0.70710678118520809 0 -0.70710678118788706 -707.10678118788701 0 707.10678118520809 forward_v I I I I #
-752 coedge $-1 -1 $-1 $972 $534 $559 $783 forward $754 $-1 #
-753 coedge $-1 -1 $-1 $534 $972 $563 $786 reversed $754 $-1 #
-754 loop $-1 -1 $-1 $-1 $972 $822 #
-755 straight-curve $-1 -1 $-1 1.2610920512079999 8.7999999999999403 -1.1500000000000201 1000 0 0 I I #
-756 coedge $-1 -1 $-1 $973 $591 $536 $757 reversed $818 $-1 #
-757 edge $-1 -1 $-1 $974 -7.9100204967958497e-17 $538 0.00033166247903538323 $536 $975 forward @7 unknown #
-758 point $-1 -1 $-1 1.2500000000000191 8.5000000000000178 -0.75000000000000244 #
-759 coedge $-1 -1 $-1 $976 $977 $540 $760 reversed $978 $-1 #
-760 edge $-1 -1 $-1 $764 -0.00033999999999999992 $798 -0.00024000000000026038 $540 $979 forward @7 unknown #
-761 coedge $-1 -1 $-1 $980 $541 $544 $767 forward $763 $-1 #
-762 coedge $-1 -1 $-1 $541 $980 $976 $981 reversed $763 $-1 #
-763 loop $-1 -1 $-1 $-1 $980 $781 #
-764 vertex $-1 -1 $-1 $542 $982 #
-765 straight-curve $-1 -1 $-1 0.29999999999999999 3.311092051208 -2 0 -1000 0 I I #
-766 coedge $-1 -1 $-1 $544 $543 $983 $984 reversed $545 $-1 #
-767 edge $-1 -1 $-1 $546 4.0000000000000037e-05 $985 0.0020400000000000001 $761 $986 forward @7 unknown #
-768 face $987 -1 $-1 $988 $989 $12 $-1 $990 reversed single #
-769 point $-1 -1 $-1 0.29999999999999993 3.3000000000000052 -2 #
-770 coedge $-1 -1 $-1 $991 $548 $583 $809 reversed $550 $-1 #
-771 coedge $-1 -1 $-1 $549 $991 $992 $993 reversed $550 $-1 #
-772 face $994 -1 $-1 $995 $550 $12 $-1 $996 reversed single #
-773 point $-1 -1 $-1 1.8000000000000251 2.7999999999999994 -2 #
-774 coedge $-1 -1 $-1 $992 $983 $553 $775 forward $802 $-1 #
-775 edge $-1 -1 $-1 $778 -0.00051109205120800235 $776 -1.1092051207984621e-05 $774 $997 forward @7 unknown #
-776 vertex $-1 -1 $-1 $775 $998 #
-777 straight-curve $-1 -1 $-1 1.7 2.7999999999999798 -2.04 0 0 -1000 I I #
-778 vertex $-1 -1 $-1 $775 $999 #
-779 straight-curve $-1 -1 $-1 1.7 3.2999999999999998 -2.04 -0 -0 -1000 I I #
-780 integer_attrib-name_attrib-gen-attrib $-1 -1 $1000 $-1 $556 copy keep_kept ignore copy @9 Imported1 0 #
-781 face $1001 -1 $-1 $1002 $763 $12 $-1 $1003 reversed single #
-782 plane-surface $-1 -1 $-1 1.7 2.7889079487920001 -2.04 1 0 0 0 0 -1000 forward_v I I I I #
-783 edge $-1 -1 $-1 $561 -0.0003110920512080079 $824 -1.109205120795298e-05 $752 $1004 forward @7 unknown #
-784 face $1005 -1 $-1 $585 $560 $12 $-1 $1006 forward single #
-785 point $-1 -1 $-1 0.84999999999996489 8.799999999999919 -1.1500000000000079 #
-786 edge $-1 -1 $-1 $564 -0.00041109205120799775 $974 -0.00011109205120795807 $563 $1007 forward @7 unknown #
-787 point $-1 -1 $-1 1.1500000000000237 8.799999999999967 -1.1499999999999977 #
-788 coedge $-1 -1 $-1 $1008 $1009 $566 $789 forward $1010 $-1 #
-789 edge $-1 -1 $-1 $803 1.1092051207963756e-05 $793 0.00029393476368254736 $788 $1011 forward @7 unknown #
-790 coedge $-1 -1 $-1 $1012 $567 $570 $796 reversed $792 $-1 #
-791 coedge $-1 -1 $-1 $567 $1012 $1008 $1013 forward $792 $-1 #
-792 loop $-1 -1 $-1 $-1 $791 $813 #
-793 vertex $-1 -1 $-1 $789 $1014 #
-794 straight-curve $-1 -1 $-1 0 4.7999999999999998 -1.8320000000000001 -0 -0 -1000 I I #
-795 coedge $-1 -1 $-1 $570 $569 $977 $1015 forward $571 $-1 #
-796 edge $-1 -1 $-1 $1016 -0.0020400000000000001 $572 -4.0000000000000037e-05 $570 $1017 forward @7 unknown #
-797 point $-1 -1 $-1 -1.8192361882891049e-14 4.7999999999999998 -1.8000000000002296 #
-798 vertex $-1 -1 $-1 $760 $1018 #
-799 straight-curve $-1 -1 $-1 0.20000000000016402 2.7599999999999998 -2 0 1000 0 I I #
-800 coedge $-1 -1 $-1 $1019 $576 $1009 $1020 reversed $802 $-1 #
-801 coedge $-1 -1 $-1 $576 $992 $578 $806 reversed $802 $-1 #
-802 loop $-1 -1 $-1 $-1 $774 $1021 #
-803 vertex $-1 -1 $-1 $789 $1022 #
-804 straight-curve $-1 -1 $-1 0.16800000000000001 4.7999999999999998 0 -1000 0 0 I I #
-805 coedge $-1 -1 $-1 $579 $578 $991 $1023 forward $580 $-1 #
-806 edge $-1 -1 $-1 $581 4.0000000000000037e-05 $1024 0.0020400000000000045 $578 $1025 forward @7 unknown #
-807 face $1026 -1 $-1 $1027 $580 $12 $-1 $1028 forward single #
-808 point $-1 -1 $-1 1.8000000000002254 4.7999999999999998 1.7294718717039469e-14 #
-809 edge $-1 -1 $-1 $810 0.00024000000000011978 $588 0.0018400000000001826 $583 $1029 forward @7 unknown #
-810 vertex $-1 -1 $-1 $1023 $1030 #
-811 straight-curve $-1 -1 $-1 2 2.7599999999999998 -0.19999999999998899 -0 -1000 -0 I I #
-812 integer_attrib-name_attrib-gen-attrib $-1 -1 $1031 $-1 $585 copy keep_kept ignore copy @9 Imported1 0 #
-813 face $1032 -1 $-1 $1033 $792 $12 $-1 $1034 forward single #
-814 plane-surface $-1 -1 $-1 2 2.7599999999999998 -0.16800000000000001 1 0 0 0 0 -1000 forward_v I I I I #
-815 straight-curve $-1 -1 $-1 1.9999999999997902 2.7999999999999998 -1.8000000000002101 -707.10678118654755 0 -707.10678118654755 I I #
-816 point $-1 -1 $-1 1.9999999999998699 2.7999999999999994 -1.8000000000001826 #
-817 coedge $-1 -1 $-1 $591 $973 $597 $599 reversed $818 $-1 #
-818 loop $-1 -1 $-1 $-1 $591 $1033 #
-819 straight-curve $-1 -1 $-1 0.73890794879199995 8.5000000000000409 -0.75 -1000 0 0 I I #
-820 rgb_color-st-attrib $-1 -1 $-1 $594 $396 0.98039215686274506 0.62745098039215685 0 #
-821 integer_attrib-name_attrib-gen-attrib $-1 -1 $1035 $-1 $595 copy keep_kept ignore copy @9 Imported1 0 #
-822 face $1036 -1 $-1 $784 $754 $12 $-1 $1037 forward single #
-823 plane-surface $-1 -1 $-1 1.1464923854260003 8.8105228437219996 -0.73890794879199995 0.9486832980505141 0.31622776601683705 0 -316.22776601683705 948.68329805051405 0 forward_v I I I I #
-824 vertex $-1 -1 $-1 $599 $1038 #
-825 straight-curve $-1 -1 $-1 0.74999999999999811 8.4999999999999929 -0.74999999999999978 301.51134457776493 904.53403373329479 -301.51134457775055 I I #
-826 rgb_color-st-attrib $-1 -1 $-1 $602 $404 0.15686274509803921 0.1803921568627451 0.16862745098039217 #
-827 integer_attrib-name_attrib-gen-attrib $-1 -1 $1039 $-1 $603 copy keep_kept ignore copy @9 Imported1 0 #
-828 plane-surface $-1 -1 $-1 2.007843264626 4.8399999999999999 1.792156735374 0.70710678118654757 0 0.70710678118654757 707.10678118654755 0 -707.10678118654755 forward_v I I I I #
-829 coedge $-1 -1 $-1 $1040 $605 $630 $860 forward $831 $-1 #
-830 coedge $-1 -1 $-1 $605 $1040 $634 $863 reversed $831 $-1 #
-831 loop $-1 -1 $-1 $-1 $1040 $899 #
-832 straight-curve $-1 -1 $-1 0.73890794879199995 8.7999999999999403 1.1500000000000201 -1000 -0 -0 I I #
-833 coedge $-1 -1 $-1 $1041 $662 $607 $834 reversed $895 $-1 #
-834 edge $-1 -1 $-1 $1042 -8.0271811897234146e-17 $609 0.00033166247903538128 $607 $1043 forward @7 unknown #
-835 point $-1 -1 $-1 0.74999999999998146 8.5000000000000178 0.75000000000000244 #
-836 coedge $-1 -1 $-1 $1044 $1045 $611 $837 reversed $1046 $-1 #
-837 edge $-1 -1 $-1 $841 -0.00034000000000000008 $875 -0.00023999999999992249 $611 $1047 forward @7 unknown #
-838 coedge $-1 -1 $-1 $1048 $612 $615 $844 forward $840 $-1 #
-839 coedge $-1 -1 $-1 $612 $1048 $1044 $1049 reversed $840 $-1 #
-840 loop $-1 -1 $-1 $-1 $1048 $858 #
-841 vertex $-1 -1 $-1 $613 $1050 #
-842 straight-curve $-1 -1 $-1 1.7 3.311092051208 2 0 -1000 0 I I #
-843 coedge $-1 -1 $-1 $615 $614 $1051 $1052 reversed $616 $-1 #
-844 edge $-1 -1 $-1 $617 4.0000000000000037e-05 $1053 0.0020400000000000001 $838 $1054 forward @7 unknown #
-845 face $1055 -1 $-1 $1056 $1057 $14 $-1 $1058 reversed single #
-846 point $-1 -1 $-1 1.7 3.3000000000000052 2 #
-847 coedge $-1 -1 $-1 $1059 $619 $654 $886 reversed $621 $-1 #
-848 coedge $-1 -1 $-1 $620 $1059 $1060 $1061 reversed $621 $-1 #
-849 face $1062 -1 $-1 $1063 $621 $14 $-1 $1064 reversed single #
-850 point $-1 -1 $-1 0.20000000000015916 2.7999999999999998 1.9999999999999767 #
-851 coedge $-1 -1 $-1 $1060 $1051 $624 $852 forward $879 $-1 #
-852 edge $-1 -1 $-1 $855 -0.00051109205120800235 $853 -1.1092051207984621e-05 $851 $1065 forward @7 unknown #
-853 vertex $-1 -1 $-1 $852 $1066 #
-854 straight-curve $-1 -1 $-1 0.29999999999999999 2.7999999999999798 2.04 0 0 1000 I I #
-855 vertex $-1 -1 $-1 $852 $1067 #
-856 straight-curve $-1 -1 $-1 0.29999999999999999 3.2999999999999998 2.04 0 0 1000 I I #
-857 integer_attrib-name_attrib-gen-attrib $-1 -1 $1068 $-1 $627 copy keep_kept ignore copy @9 Imported1 0 #
-858 face $1069 -1 $-1 $1070 $840 $14 $-1 $1071 reversed single #
-859 plane-surface $-1 -1 $-1 0.29999999999999999 2.7889079487920001 2.04 -1 0 0 0 0 1000 forward_v I I I I #
-860 edge $-1 -1 $-1 $632 -0.00031109205120800741 $901 -1.1092051207953091e-05 $829 $1072 forward @7 unknown #
-861 face $1073 -1 $-1 $656 $631 $14 $-1 $1074 forward single #
-862 point $-1 -1 $-1 1.1500000000000368 8.799999999999919 1.1500000000000075 #
-863 edge $-1 -1 $-1 $635 -0.00041109205120799775 $1042 -0.00011109205120795839 $634 $1075 forward @7 unknown #
-864 point $-1 -1 $-1 0.84999999999997622 8.799999999999967 1.1499999999999977 #
-865 coedge $-1 -1 $-1 $1076 $1077 $637 $866 forward $1078 $-1 #
-866 edge $-1 -1 $-1 $880 1.1092051207793709e-05 $870 0.0002939347636821944 $865 $1079 forward @7 unknown #
-867 coedge $-1 -1 $-1 $1080 $638 $641 $873 reversed $869 $-1 #
-868 coedge $-1 -1 $-1 $638 $1080 $1076 $1081 forward $869 $-1 #
-869 loop $-1 -1 $-1 $-1 $868 $890 #
-870 vertex $-1 -1 $-1 $866 $1082 #
-871 straight-curve $-1 -1 $-1 2 4.7999999999999998 1.8320000000000001 0 0 1000 I I #
-872 coedge $-1 -1 $-1 $641 $640 $1045 $1083 forward $642 $-1 #
-873 edge $-1 -1 $-1 $1084 -0.0020400000000000006 $643 -4.0000000000000037e-05 $641 $1085 forward @7 unknown #
-874 point $-1 -1 $-1 1.9999999999998952 4.7999999999999998 1.8000000000001575 #
-875 vertex $-1 -1 $-1 $837 $1086 #
-876 straight-curve $-1 -1 $-1 1.8000000000002101 2.7599999999999998 2 0 1000 0 I I #
-877 coedge $-1 -1 $-1 $1087 $647 $1077 $1088 reversed $879 $-1 #
-878 coedge $-1 -1 $-1 $647 $1060 $649 $883 reversed $879 $-1 #
-879 loop $-1 -1 $-1 $-1 $851 $1089 #
-880 vertex $-1 -1 $-1 $866 $1090 #
-881 straight-curve $-1 -1 $-1 1.8320000000000001 4.7999999999999998 0 1000 0 0 I I #
-882 coedge $-1 -1 $-1 $650 $649 $1059 $1091 forward $651 $-1 #
-883 edge $-1 -1 $-1 $652 4.0000000000000037e-05 $1092 0.0020400000000000049 $649 $1093 forward @7 unknown #
-884 face $1094 -1 $-1 $1095 $651 $14 $-1 $1096 forward single #
-885 point $-1 -1 $-1 0.19999999999998408 4.7999999999999998 5.4057642693769306e-15 #
-886 edge $-1 -1 $-1 $887 0.00023999999999997474 $659 0.0018400000000003617 $654 $1097 forward @7 unknown #
-887 vertex $-1 -1 $-1 $1091 $1098 #
-888 straight-curve $-1 -1 $-1 0 2.7599999999999998 0.19999999999998899 0 -1000 0 I I #
-889 integer_attrib-name_attrib-gen-attrib $-1 -1 $1099 $-1 $656 copy keep_kept ignore copy @9 Imported1 0 #
-890 face $1100 -1 $-1 $1101 $869 $14 $-1 $1102 forward single #
-891 plane-surface $-1 -1 $-1 0 2.7599999999999998 0.16800000000000001 -1 0 0 0 0 1000 forward_v I I I I #
-892 straight-curve $-1 -1 $-1 1.3010426069826053e-14 2.7999999999999998 1.8000000000003999 707.10678118755879 0 707.10678118553642 I I #
-893 point $-1 -1 $-1 -2.8575503508571076e-14 2.7999999999999998 1.8000000000003618 #
-894 coedge $-1 -1 $-1 $662 $1041 $668 $670 reversed $895 $-1 #
-895 loop $-1 -1 $-1 $-1 $662 $1101 #
-896 straight-curve $-1 -1 $-1 1.2610920512079999 8.5000000000000409 0.75 1000 0 0 I I #
-897 rgb_color-st-attrib $-1 -1 $-1 $665 $453 0.98039215686274506 0.62745098039215685 0 #
-898 integer_attrib-name_attrib-gen-attrib $-1 -1 $1103 $-1 $666 copy keep_kept ignore copy @9 Imported1 0 #
-899 face $1104 -1 $-1 $861 $831 $14 $-1 $1105 forward single #
-900 plane-surface $-1 -1 $-1 0.85350761457400004 8.8105228437219996 0.73890794879199995 -0.94868329805051388 0.316227766016838 0 -316.22776601683802 -948.68329805051383 0 forward_v I I I I #
-901 vertex $-1 -1 $-1 $670 $1106 #
-902 straight-curve $-1 -1 $-1 1.2500000000000018 8.4999999999999929 0.75 -301.51134457776413 904.53403373329559 301.51134457774907 I I #
-903 rgb_color-st-attrib $-1 -1 $-1 $673 $461 0.15686274509803921 0.1803921568627451 0.16862745098039217 #
-904 coedge $-1 -1 $-1 $676 $675 $905 $1107 forward $677 $-1 #
-905 coedge $-1 -1 $-1 $740 $679 $904 $1107 reversed $741 $-1 #
-906 vertex $-1 -1 $-1 $1107 $1108 #
-907 straight-curve $-1 -1 $-1 0.84999999999995579 8.7999999999998675 2.8499999999999499 -301.51134457776567 -904.53403373329638 -301.51134457774543 I I #
-908 coedge $-1 -1 $-1 $1109 $682 $685 $913 forward $910 $-1 #
-909 coedge $-1 -1 $-1 $682 $1110 $718 $947 reversed $910 $-1 #
-910 loop $-1 -1 $-1 $-1 $682 $927 #
-911 straight-curve $-1 -1 $-1 2.04 2.7999999999999998 4 1000 0 0 I I #
-912 coedge $-1 -1 $-1 $685 $684 $1111 $1112 reversed $686 $-1 #
-913 edge $-1 -1 $-1 $687 4.0000000000000037e-05 $1113 0.0020399999999998952 $908 $1114 forward @7 unknown #
-914 point $-1 -1 $-1 1.7 2.7999999999999998 4 #
-915 coedge $-1 -1 $-1 $697 $1111 $689 $916 forward $725 $-1 #
-916 edge $-1 -1 $-1 $917 0.00013200000000000012 $701 0.0015319999999999999 $915 $1115 forward @7 unknown #
-917 vertex $-1 -1 $-1 $1112 $1116 #
-918 straight-curve $-1 -1 $-1 1.7 3.2999999999999998 4.04 0 0 -1000 I I #
-919 integer_attrib-name_attrib-gen-attrib $-1 -1 $1117 $-1 $691 copy keep_kept ignore copy @9 Imported1 0 #
-920 face $1118 -1 $-1 $485 $1119 $10 $-1 $1120 forward single #
-921 loop $-1 -1 $-1 $474 $1121 $691 #
-922 plane-surface $-1 -1 $-1 0.27200000000000008 3.2999999999999998 4.04 0 1 0 0 0 1000 forward_v I I I I #
-923 coedge $-1 -1 $-1 $694 $693 $728 $955 reversed $479 $-1 #
-924 coedge $-1 -1 $-1 $724 $697 $694 $925 forward $725 $-1 #
-925 edge $-1 -1 $-1 $699 0.0017400000000000002 $956 0.0018399999999998437 $924 $1122 forward @7 unknown #
-926 integer_attrib-name_attrib-gen-attrib $-1 -1 $1123 $-1 $695 copy keep_kept ignore copy @9 Imported1 0 #
-927 face $1124 -1 $-1 $1125 $910 $10 $-1 $1126 reversed single #
-928 plane-surface $-1 -1 $-1 2.04 2.7999999999999998 1.96 0 1 0 0 0 1000 forward_v I I I I #
-929 straight-curve $-1 -1 $-1 0.29999999999999999 2.7889079487920001 2 0 -1000 0 I I #
-930 point $-1 -1 $-1 0.29999999999999993 2.7999999999999847 2 #
-931 point $-1 -1 $-1 0.29999999999999993 3.3000000000000025 2 #
-932 rgb_color-st-attrib $-1 -1 $-1 $703 $485 0.15686274509803921 0.1803921568627451 0.16862745098039217 #
-933 integer_attrib-name_attrib-gen-attrib $-1 -1 $1127 $-1 $704 copy keep_kept ignore copy @9 Imported1 0 #
-934 face $1128 -1 $-1 $1129 $1130 $10 $-1 $1131 forward single #
-935 plane-surface $-1 -1 $-1 1.7 3.311092051208 4.04 1 0 0 0 0 -1000 forward_v I I I I #
-936 straight-curve $-1 -1 $-1 1.1500000000000301 8.8000000000000007 2.8389079487920004 -0 -0 -1000 I I #
-937 integer_attrib-name_attrib-gen-attrib $-1 -1 $1132 $-1 $707 copy keep_kept ignore copy @9 Imported1 0 #
-938 plane-surface $-1 -1 $-1 1.1464923854260003 8.8105228437219996 3.2610920512080002 0.9486832980505141 0.31622776601683705 0 -316.22776601683705 948.68329805051405 0 forward_v I I I I #
-939 straight-curve $-1 -1 $-1 0.84999999999997666 8.7999999999999297 2.7389079487919998 -0 -0 -1000 I I #
-940 coedge $-1 -1 $-1 $1133 $711 $714 $945 reversed $942 $-1 #
-941 coedge $-1 -1 $-1 $711 $1133 $723 $952 forward $942 $-1 #
-942 loop $-1 -1 $-1 $-1 $1133 $959 #
-943 straight-curve $-1 -1 $-1 1.792156735374 4.7999999999999998 1.9921567353740002 707.10678118654698 0 707.10678118654801 I I #
-944 coedge $-1 -1 $-1 $714 $713 $1110 $1134 forward $715 $-1 #
-945 edge $-1 -1 $-1 $1135 4.0000000000000037e-05 $716 0.0020400000000000001 $714 $1136 forward @7 unknown #
-946 point $-1 -1 $-1 1.9999999999998426 4.7999999999999998 2.1999999999998425 #
-947 edge $-1 -1 $-1 $721 -2.2436621234591148e-16 $948 0.00028284271247428497 $718 $1137 forward @7 unknown #
-948 vertex $-1 -1 $-1 $947 $1138 #
-949 straight-curve $-1 -1 $-1 2 4.8399999999999999 3.7999999999999998 0 1000 0 I I #
-950 point $-1 -1 $-1 1.8000000000000775 2.7999999999999998 3.9999999999999751 #
-951 coedge $-1 -1 $-1 $1111 $723 $1109 $1139 forward $725 $-1 #
-952 edge $-1 -1 $-1 $1140 -0.0020400000000000001 $726 -4.0000000000000037e-05 $941 $1141 forward @7 unknown #
-953 face $1142 -1 $-1 $691 $725 $10 $-1 $1143 forward single #
-954 point $-1 -1 $-1 1.8000000000001275 4.7999999999999998 2.0000000000001026 #
-955 edge $-1 -1 $-1 $956 7.3480327066353981e-17 $733 0.00028284271247451331 $728 $1144 forward @7 unknown #
-956 vertex $-1 -1 $-1 $925 $1145 #
-957 straight-curve $-1 -1 $-1 0.20000000000006957 4.8399999999999999 2.0000000000003006 0 -1000 0 I I #
-958 integer_attrib-name_attrib-gen-attrib $-1 -1 $1146 $-1 $730 copy keep_kept ignore copy @9 Imported1 0 #
-959 face $1147 -1 $-1 $953 $942 $10 $-1 $1148 forward single #
-960 plane-surface $-1 -1 $-1 -0.0078432646264170007 4.8399999999999999 2.2078432646259998 -0.70710678118520809 0 -0.70710678118788706 -707.10678118788701 0 707.10678118520809 forward_v I I I I #
-961 straight-curve $-1 -1 $-1 1.3010426069826053e-14 2.7999999999999998 1.96 0 0 1000 I I #
-962 point $-1 -1 $-1 9.64114076388526e-15 2.7999999999999998 2.1999999999996751 #
-963 rgb_color-st-attrib $-1 -1 $-1 $735 $514 0.15686274509803921 0.1803921568627451 0.16862745098039217 #
-964 integer_attrib-name_attrib-gen-attrib $-1 -1 $1149 $-1 $736 copy keep_kept ignore copy @9 Imported1 0 #
-965 face $1150 -1 $-1 $730 $741 $10 $-1 $1151 forward single #
-966 plane-surface $-1 -1 $-1 2 2.7599999999999998 3.8319999999999999 1 0 0 0 0 -1000 forward_v I I I I #
-967 rgb_color-st-attrib $-1 -1 $-1 $744 $524 0.98039215686274506 0.62745098039215685 0 #
-968 integer_attrib-name_attrib-gen-attrib $-1 -1 $1152 $-1 $745 copy keep_kept ignore copy @9 Imported1 0 #
-969 plane-surface $-1 -1 $-1 1.1610920512080001 8.8000000000000007 2.8389079487920004 0 1 0 0 0 1000 forward_v I I I I #
-970 point $-1 -1 $-1 1.1500000000000346 8.7999999999998977 2.8499999999999508 #
-971 rgb_color-st-attrib $-1 -1 $-1 $750 $532 0.15686274509803921 0.1803921568627451 0.16862745098039217 #
-972 coedge $-1 -1 $-1 $753 $752 $973 $1153 forward $754 $-1 #
-973 coedge $-1 -1 $-1 $817 $756 $972 $1153 reversed $818 $-1 #
-974 vertex $-1 -1 $-1 $1153 $1154 #
-975 straight-curve $-1 -1 $-1 1.1500000000000439 8.7999999999998693 -0.84999999999995302 301.51134457776311 -904.53403373329138 301.51134457776277 I I #
-976 coedge $-1 -1 $-1 $1155 $759 $762 $981 forward $978 $-1 #
-977 coedge $-1 -1 $-1 $759 $1156 $795 $1015 reversed $978 $-1 #
-978 loop $-1 -1 $-1 $-1 $759 $995 #
-979 straight-curve $-1 -1 $-1 -0.040000000000000001 2.7999999999999998 -2 -1000 -0 -0 I I #
-980 coedge $-1 -1 $-1 $762 $761 $1157 $1158 reversed $763 $-1 #
-981 edge $-1 -1 $-1 $764 4.0000000000000037e-05 $1159 0.0020399999999999932 $976 $1160 forward @7 unknown #
-982 point $-1 -1 $-1 0.29999999999999993 2.7999999999999998 -2 #
-983 coedge $-1 -1 $-1 $774 $1157 $766 $984 forward $802 $-1 #
-984 edge $-1 -1 $-1 $985 0.00013199999999999993 $778 0.0015319999999999999 $983 $1161 forward @7 unknown #
-985 vertex $-1 -1 $-1 $1158 $1162 #
-986 straight-curve $-1 -1 $-1 0.29999999999999993 3.2999999999999998 -2.04 0 0 1000 I I #
-987 integer_attrib-name_attrib-gen-attrib $-1 -1 $1163 $-1 $768 copy keep_kept ignore copy @9 Imported1 0 #
-988 face $1164 -1 $-1 $556 $1165 $12 $-1 $1166 forward single #
-989 loop $-1 -1 $-1 $545 $1167 $768 #
-990 plane-surface $-1 -1 $-1 1.728 3.2999999999999998 -2.04 0 1 0 0 0 1000 forward_v I I I I #
-991 coedge $-1 -1 $-1 $771 $770 $805 $1023 reversed $550 $-1 #
-992 coedge $-1 -1 $-1 $801 $774 $771 $993 forward $802 $-1 #
-993 edge $-1 -1 $-1 $776 0.00174 $1024 0.0018400000000002191 $992 $1168 forward @7 unknown #
-994 integer_attrib-name_attrib-gen-attrib $-1 -1 $1169 $-1 $772 copy keep_kept ignore copy @9 Imported1 0 #
-995 face $1170 -1 $-1 $1171 $978 $12 $-1 $1172 reversed single #
-996 plane-surface $-1 -1 $-1 -0.040000000000000001 2.7999999999999998 0.040000000000000001 0 1 0 0 0 1000 forward_v I I I I #
-997 straight-curve $-1 -1 $-1 1.7 2.7889079487920001 0 0 -1000 0 I I #
-998 point $-1 -1 $-1 1.7 2.7999999999999847 -5.082197683525802e-18 #
-999 point $-1 -1 $-1 1.7 3.3000000000000025 0 #
-1000 rgb_color-st-attrib $-1 -1 $-1 $780 $556 0.15686274509803921 0.1803921568627451 0.16862745098039217 #
-1001 integer_attrib-name_attrib-gen-attrib $-1 -1 $1173 $-1 $781 copy keep_kept ignore copy @9 Imported1 0 #
-1002 face $1174 -1 $-1 $1175 $1176 $12 $-1 $1177 forward single #
-1003 plane-surface $-1 -1 $-1 0.29999999999999999 3.311092051208 -2.04 -1 0 0 0 0 1000 forward_v I I I I #
-1004 straight-curve $-1 -1 $-1 0.849999999999974 8.8000000000000007 -0.83890794879200004 0 0 1000 I I #
-1005 integer_attrib-name_attrib-gen-attrib $-1 -1 $1178 $-1 $784 copy keep_kept ignore copy @9 Imported1 0 #
-1006 plane-surface $-1 -1 $-1 0.85350761457400004 8.8105228437219996 -1.2610920512079999 -0.94868329805051388 0.316227766016838 0 -316.22776601683802 -948.68329805051383 0 forward_v I I I I #
-1007 straight-curve $-1 -1 $-1 1.1500000000000243 8.7999999999999279 -0.73890794879199995 0 0 1000 I I #
-1008 coedge $-1 -1 $-1 $1179 $788 $791 $1013 reversed $1010 $-1 #
-1009 coedge $-1 -1 $-1 $788 $1179 $800 $1020 forward $1010 $-1 #
-1010 loop $-1 -1 $-1 $-1 $1179 $1027 #
-1011 straight-curve $-1 -1 $-1 0.20784326462639999 4.7999999999999998 0.0078432646264170007 -707.10678118654755 -0 -707.10678118654755 I I #
-1012 coedge $-1 -1 $-1 $791 $790 $1156 $1180 forward $792 $-1 #
-1013 edge $-1 -1 $-1 $1181 3.999999999999959e-05 $793 0.0020400000000000001 $791 $1182 forward @7 unknown #
-1014 point $-1 -1 $-1 7.4932769678851679e-15 4.7999999999999998 -0.19999999999997975 #
-1015 edge $-1 -1 $-1 $798 -1.7396624442210913e-16 $1016 0.00028284271247444907 $795 $1183 forward @7 unknown #
-1016 vertex $-1 -1 $-1 $1015 $1184 #
-1017 straight-curve $-1 -1 $-1 -9.8718301870699687e-14 4.8399999999999999 -1.8000000000002885 0 1000 0 I I #
-1018 point $-1 -1 $-1 0.20000000000026036 2.7999999999999998 -1.9999999999999398 #
-1019 coedge $-1 -1 $-1 $1157 $800 $1155 $1185 forward $802 $-1 #
-1020 edge $-1 -1 $-1 $1186 -0.0020400000000000006 $803 -4.0000000000000037e-05 $1009 $1187 forward @7 unknown #
-1021 face $1188 -1 $-1 $768 $802 $12 $-1 $1189 forward single #
-1022 point $-1 -1 $-1 0.19999999999998427 4.7999999999999998 -6.5054247931498402e-15 #
-1023 edge $-1 -1 $-1 $1024 6.028876173556051e-18 $810 0.00028284271247445834 $805 $1190 forward @7 unknown #
-1024 vertex $-1 -1 $-1 $993 $1191 #
-1025 straight-curve $-1 -1 $-1 1.8000000000003054 4.8399999999999999 8.2209629728713374e-14 0 -1000 0 I I #
-1026 integer_attrib-name_attrib-gen-attrib $-1 -1 $1192 $-1 $807 copy keep_kept ignore copy @9 Imported1 0 #
-1027 face $1193 -1 $-1 $1021 $1010 $12 $-1 $1194 forward single #
-1028 plane-surface $-1 -1 $-1 2.007843264626 4.8399999999999999 -0.20784326462639999 0.70710678118788706 0 0.70710678118520809 707.10678118520809 0 -707.10678118788701 forward_v I I I I #
-1029 straight-curve $-1 -1 $-1 1.9999999999997902 2.7999999999999998 0.040000000000000001 0 0 -1000 I I #
-1030 point $-1 -1 $-1 1.999999999999843 2.7999999999999998 -0.20000000000011978 #
-1031 rgb_color-st-attrib $-1 -1 $-1 $812 $585 0.15686274509803921 0.1803921568627451 0.16862745098039217 #
-1032 integer_attrib-name_attrib-gen-attrib $-1 -1 $1195 $-1 $813 copy keep_kept ignore copy @9 Imported1 0 #
-1033 face $1196 -1 $-1 $807 $818 $12 $-1 $1197 forward single #
-1034 plane-surface $-1 -1 $-1 0 2.7599999999999998 -1.8320000000000001 -1 0 0 0 0 1000 forward_v I I I I #
-1035 rgb_color-st-attrib $-1 -1 $-1 $821 $595 0.98039215686274506 0.62745098039215685 0 #
-1036 integer_attrib-name_attrib-gen-attrib $-1 -1 $1198 $-1 $822 copy keep_kept ignore copy @9 Imported1 0 #
-1037 plane-surface $-1 -1 $-1 0.83890794879200004 8.8000000000000007 -0.83890794879200004 0 1 0 0 0 1000 forward_v I I I I #
-1038 point $-1 -1 $-1 0.84999999999996534 8.7999999999998977 -0.84999999999995302 #
-1039 rgb_color-st-attrib $-1 -1 $-1 $827 $603 0.15686274509803921 0.1803921568627451 0.16862745098039217 #
-1040 coedge $-1 -1 $-1 $830 $829 $1041 $1199 forward $831 $-1 #
-1041 coedge $-1 -1 $-1 $894 $833 $1040 $1199 reversed $895 $-1 #
-1042 vertex $-1 -1 $-1 $1199 $1200 #
-1043 straight-curve $-1 -1 $-1 0.84999999999995579 8.7999999999998675 0.84999999999995302 -301.51134457776368 -904.53403373329058 -301.51134457776595 I I #
-1044 coedge $-1 -1 $-1 $1201 $836 $839 $1049 forward $1046 $-1 #
-1045 coedge $-1 -1 $-1 $836 $1202 $872 $1083 reversed $1046 $-1 #
-1046 loop $-1 -1 $-1 $-1 $836 $1063 #
-1047 straight-curve $-1 -1 $-1 2.04 2.7999999999999998 2 1000 0 0 I I #
-1048 coedge $-1 -1 $-1 $839 $838 $1203 $1204 reversed $840 $-1 #
-1049 edge $-1 -1 $-1 $841 4.0000000000000037e-05 $1205 0.0020399999999999932 $1044 $1206 forward @7 unknown #
-1050 point $-1 -1 $-1 1.7 2.7999999999999998 2 #
-1051 coedge $-1 -1 $-1 $851 $1203 $843 $1052 forward $879 $-1 #
-1052 edge $-1 -1 $-1 $1053 0.00013200000000000012 $855 0.0015319999999999999 $1051 $1207 forward @7 unknown #
-1053 vertex $-1 -1 $-1 $1204 $1208 #
-1054 straight-curve $-1 -1 $-1 1.7 3.2999999999999998 2.04 0 0 -1000 I I #
-1055 integer_attrib-name_attrib-gen-attrib $-1 -1 $1209 $-1 $845 copy keep_kept ignore copy @9 Imported1 0 #
-1056 face $1210 -1 $-1 $627 $1211 $14 $-1 $1212 forward single #
-1057 loop $-1 -1 $-1 $616 $1213 $845 #
-1058 plane-surface $-1 -1 $-1 0.27200000000000008 3.2999999999999998 2.04 0 1 0 0 0 1000 forward_v I I I I #
-1059 coedge $-1 -1 $-1 $848 $847 $882 $1091 reversed $621 $-1 #
-1060 coedge $-1 -1 $-1 $878 $851 $848 $1061 forward $879 $-1 #
-1061 edge $-1 -1 $-1 $853 0.0017400000000000002 $1092 0.0018400000000000133 $1060 $1214 forward @7 unknown #
-1062 integer_attrib-name_attrib-gen-attrib $-1 -1 $1215 $-1 $849 copy keep_kept ignore copy @9 Imported1 0 #
-1063 face $1216 -1 $-1 $1217 $1046 $14 $-1 $1218 reversed single #
-1064 plane-surface $-1 -1 $-1 2.04 2.7999999999999998 -0.040000000000000001 0 1 0 0 0 1000 forward_v I I I I #
-1065 straight-curve $-1 -1 $-1 0.29999999999999999 2.7889079487920001 0 0 -1000 0 I I #
-1066 point $-1 -1 $-1 0.29999999999999993 2.7999999999999847 5.082197683525802e-18 #
-1067 point $-1 -1 $-1 0.29999999999999993 3.3000000000000025 0 #
-1068 rgb_color-st-attrib $-1 -1 $-1 $857 $627 0.15686274509803921 0.1803921568627451 0.16862745098039217 #
-1069 integer_attrib-name_attrib-gen-attrib $-1 -1 $1219 $-1 $858 copy keep_kept ignore copy @9 Imported1 0 #
-1070 face $1220 -1 $-1 $1221 $1222 $14 $-1 $1223 forward single #
-1071 plane-surface $-1 -1 $-1 1.7 3.311092051208 2.04 1 0 0 0 0 -1000 forward_v I I I I #
-1072 straight-curve $-1 -1 $-1 1.1500000000000301 8.8000000000000007 0.83890794879200004 -0 -0 -1000 I I #
-1073 integer_attrib-name_attrib-gen-attrib $-1 -1 $1224 $-1 $861 copy keep_kept ignore copy @9 Imported1 0 #
-1074 plane-surface $-1 -1 $-1 1.1464923854260003 8.8105228437219996 1.2610920512079999 0.9486832980505141 0.31622776601683705 0 -316.22776601683705 948.68329805051405 0 forward_v I I I I #
-1075 straight-curve $-1 -1 $-1 0.84999999999997666 8.7999999999999297 0.73890794879199995 -0 -0 -1000 I I #
-1076 coedge $-1 -1 $-1 $1225 $865 $868 $1081 reversed $1078 $-1 #
-1077 coedge $-1 -1 $-1 $865 $1225 $877 $1088 forward $1078 $-1 #
-1078 loop $-1 -1 $-1 $-1 $1225 $1095 #
-1079 straight-curve $-1 -1 $-1 1.792156735374 4.7999999999999998 -0.0078432646264170007 707.10678118520809 0 707.10678118788701 I I #
-1080 coedge $-1 -1 $-1 $868 $867 $1202 $1226 forward $869 $-1 #
-1081 edge $-1 -1 $-1 $1227 4.0000000000000037e-05 $870 0.0020400000000000001 $868 $1228 forward @7 unknown #
-1082 point $-1 -1 $-1 1.9999999999997971 4.7999999999999998 0.20000000000007592 #
-1083 edge $-1 -1 $-1 $875 -2.2436621234591138e-16 $1084 0.00028284271247428459 $872 $1229 forward @7 unknown #
-1084 vertex $-1 -1 $-1 $1083 $1230 #
-1085 straight-curve $-1 -1 $-1 2 4.8399999999999999 1.8 0 1000 0 I I #
-1086 point $-1 -1 $-1 1.8000000000000775 2.7999999999999994 1.9999999999999749 #
-1087 coedge $-1 -1 $-1 $1203 $877 $1201 $1231 forward $879 $-1 #
-1088 edge $-1 -1 $-1 $1232 -0.0020400000000000001 $880 -4.0000000000000037e-05 $1077 $1233 forward @7 unknown #
-1089 face $1234 -1 $-1 $845 $879 $14 $-1 $1235 forward single #
-1090 point $-1 -1 $-1 1.8000000000001752 4.7999999999999998 6.4899664418624492e-15 #
-1091 edge $-1 -1 $-1 $1092 4.3761344082206307e-18 $887 0.00028284271247458779 $882 $1236 forward @7 unknown #
-1092 vertex $-1 -1 $-1 $1061 $1237 #
-1093 straight-curve $-1 -1 $-1 0.19999999999997453 4.8399999999999999 8.4567769453869346e-15 0 -1000 0 I I #
-1094 integer_attrib-name_attrib-gen-attrib $-1 -1 $1238 $-1 $884 copy keep_kept ignore copy @9 Imported1 0 #
-1095 face $1239 -1 $-1 $1089 $1078 $14 $-1 $1240 forward single #
-1096 plane-surface $-1 -1 $-1 -0.0078432646264170007 4.8399999999999999 0.20784326462639999 -0.70710678118654757 0 -0.70710678118654757 -707.10678118654755 0 707.10678118654755 forward_v I I I I #
-1097 straight-curve $-1 -1 $-1 1.3010426069826053e-14 2.7999999999999998 -0.040000000000000001 0 0 1000 I I #
-1098 point $-1 -1 $-1 9.7571842776590992e-15 2.7999999999999994 0.19999999999997473 #
-1099 rgb_color-st-attrib $-1 -1 $-1 $889 $656 0.15686274509803921 0.1803921568627451 0.16862745098039217 #
-1100 integer_attrib-name_attrib-gen-attrib $-1 -1 $1241 $-1 $890 copy keep_kept ignore copy @9 Imported1 0 #
-1101 face $1242 -1 $-1 $884 $895 $14 $-1 $1243 forward single #
-1102 plane-surface $-1 -1 $-1 2 2.7599999999999998 1.8320000000000001 1 0 0 0 0 -1000 forward_v I I I I #
-1103 rgb_color-st-attrib $-1 -1 $-1 $898 $666 0.98039215686274506 0.62745098039215685 0 #
-1104 integer_attrib-name_attrib-gen-attrib $-1 -1 $1244 $-1 $899 copy keep_kept ignore copy @9 Imported1 0 #
-1105 plane-surface $-1 -1 $-1 1.1610920512080001 8.8000000000000007 0.83890794879200004 0 1 0 0 0 1000 forward_v I I I I #
-1106 point $-1 -1 $-1 1.1500000000000346 8.7999999999998977 0.84999999999995313 #
-1107 edge $-1 -1 $-1 $747 1.1092051207965526e-05 $906 0.00031109205120802318 $904 $1245 forward @7 unknown #
-1108 point $-1 -1 $-1 0.84999999999997689 8.7999999999999474 2.8499999999999557 #
-1109 coedge $-1 -1 $-1 $1246 $908 $951 $1139 reversed $910 $-1 #
-1110 coedge $-1 -1 $-1 $909 $1246 $944 $1134 reversed $910 $-1 #
-1111 coedge $-1 -1 $-1 $915 $951 $912 $1112 forward $725 $-1 #
-1112 edge $-1 -1 $-1 $1113 -0.00051109205120800018 $917 -1.109205120799217e-05 $1111 $1247 forward @7 unknown #
-1113 vertex $-1 -1 $-1 $1139 $1248 #
-1114 straight-curve $-1 -1 $-1 1.7 2.7999999999999998 4.04 0 0 -1000 I I #
-1115 straight-curve $-1 -1 $-1 1.8320000000000001 3.30000000000001 2 -1000 0 0 I I #
-1116 point $-1 -1 $-1 1.7 3.3000000000000078 2 #
-1117 rgb_color-st-attrib $-1 -1 $-1 $919 $691 0.15686274509803921 0.1803921568627451 0.16862745098039217 #
-1118 integer_attrib-name_attrib-gen-attrib $-1 -1 $1249 $-1 $920 copy keep_kept ignore copy @9 Imported1 0 #
-1119 loop $-1 -1 $-1 $-1 $1250 $920 #
-1120 plane-surface $-1 -1 $-1 0.75 0.24000000000000002 2.7389079487919998 -1 0 0 0 0 1000 forward_v I I I I #
-1121 coedge $-1 -1 $-1 $1251 $1252 $1253 $1254 reversed $921 $-1 #
-1122 straight-curve $-1 -1 $-1 2.04 2.7999999999999998 2 -1000 0 0 I I #
-1123 rgb_color-st-attrib $-1 -1 $-1 $926 $695 0.15686274509803921 0.1803921568627451 0.16862745098039217 #
-1124 integer_attrib-name_attrib-gen-attrib $-1 -1 $1255 $-1 $927 copy keep_kept ignore copy @9 Imported1 0 #
-1125 face $1256 -1 $-1 $1257 $1258 $10 $-1 $1259 forward single #
-1126 plane-surface $-1 -1 $-1 2.04 2.7999999999999998 1.96 0 1 0 0 0 1000 forward_v I I I I #
-1127 rgb_color-st-attrib $-1 -1 $-1 $933 $704 0.15686274509803921 0.1803921568627451 0.16862745098039217 #
-1128 integer_attrib-name_attrib-gen-attrib $-1 -1 $1260 $-1 $934 copy keep_kept ignore copy @9 Imported1 0 #
-1129 face $1261 -1 $-1 $1262 $1263 $10 $-1 $1264 forward single #
-1130 loop $-1 -1 $-1 $-1 $1265 $934 #
-1131 plane-surface $-1 -1 $-1 0.73890794879199995 0.24000000000000002 3.2500000000000004 0 0 1 1000 0 0 forward_v I I I I #
-1132 rgb_color-st-attrib $-1 -1 $-1 $937 $707 0.98039215686274506 0.62745098039215685 0 #
-1133 coedge $-1 -1 $-1 $941 $940 $1246 $1266 forward $942 $-1 #
-1134 edge $-1 -1 $-1 $948 -0.0018400000000000527 $1135 -0.0002399999999999478 $944 $1267 forward @7 unknown #
-1135 vertex $-1 -1 $-1 $1134 $1268 #
-1136 straight-curve $-1 -1 $-1 2 2.7599999999999998 2.2000000000000002 0 1000 0 I I #
-1137 straight-curve $-1 -1 $-1 1.8000000000002101 2.7999999999999998 3.9999999999997904 707.1067811865471 0 -707.10678118654789 I I #
-1138 point $-1 -1 $-1 2 2.7999999999999998 3.8000000000000527 #
-1139 edge $-1 -1 $-1 $1140 0.00023999999999981748 $1113 0.00034000000000000008 $951 $1269 forward @7 unknown #
-1140 vertex $-1 -1 $-1 $1266 $1270 #
-1141 straight-curve $-1 -1 $-1 1.8000000000002099 4.8399999999999999 2.0000000000002101 0 1000 0 I I #
-1142 integer_attrib-name_attrib-gen-attrib $-1 -1 $1271 $-1 $953 copy keep_kept ignore copy @9 Imported1 0 #
-1143 plane-surface $-1 -1 $-1 1.8320000000000001 2.7599999999999998 2 0 0 -1 -1000 0 0 forward_v I I I I #
-1144 straight-curve $-1 -1 $-1 0.20000000000018506 2.7999999999999998 2 -707.10678118755834 0 707.10678118553676 I I #
-1145 point $-1 -1 $-1 0.20000000000015619 2.7999999999999954 2.0000000000000751 #
-1146 rgb_color-st-attrib $-1 -1 $-1 $958 $730 0.15686274509803921 0.1803921568627451 0.16862745098039217 #
-1147 integer_attrib-name_attrib-gen-attrib $-1 -1 $1272 $-1 $959 copy keep_kept ignore copy @9 Imported1 0 #
-1148 plane-surface $-1 -1 $-1 1.792156735374 4.8399999999999999 1.9921567353740002 0.70710678118654802 0 -0.70710678118654702 -707.10678118654698 0 -707.10678118654801 forward_v I I I I #
-1149 rgb_color-st-attrib $-1 -1 $-1 $964 $736 0.15686274509803921 0.1803921568627451 0.16862745098039217 #
-1150 integer_attrib-name_attrib-gen-attrib $-1 -1 $1273 $-1 $965 copy keep_kept ignore copy @9 Imported1 0 #
-1151 plane-surface $-1 -1 $-1 1.2610920512079999 8.8105228437219996 2.8535076145740002 0 0.316227766016838 -0.94868329805051388 0 948.68329805051383 316.22776601683802 forward_v I I I I #
-1152 rgb_color-st-attrib $-1 -1 $-1 $968 $745 0.98039215686274506 0.62745098039215685 0 #
-1153 edge $-1 -1 $-1 $824 1.1092051207965304e-05 $974 0.00031109205120802096 $972 $1274 forward @7 unknown #
-1154 point $-1 -1 $-1 1.150000000000021 8.7999999999999474 -0.84999999999995801 #
-1155 coedge $-1 -1 $-1 $1275 $976 $1019 $1185 reversed $978 $-1 #
-1156 coedge $-1 -1 $-1 $977 $1275 $1012 $1180 reversed $978 $-1 #
-1157 coedge $-1 -1 $-1 $983 $1019 $980 $1158 forward $802 $-1 #
-1158 edge $-1 -1 $-1 $1159 -0.00051109205120800018 $985 -1.109205120799217e-05 $1157 $1276 forward @7 unknown #
-1159 vertex $-1 -1 $-1 $1185 $1277 #
-1160 straight-curve $-1 -1 $-1 0.29999999999999999 2.7999999999999998 -2.04 0 0 1000 I I #
-1161 straight-curve $-1 -1 $-1 0.16800000000000001 3.30000000000001 0 1000 0 0 I I #
-1162 point $-1 -1 $-1 0.29999999999999993 3.3000000000000078 0 #
-1163 rgb_color-st-attrib $-1 -1 $-1 $987 $768 0.15686274509803921 0.1803921568627451 0.16862745098039217 #
-1164 integer_attrib-name_attrib-gen-attrib $-1 -1 $1278 $-1 $988 copy keep_kept ignore copy @9 Imported1 0 #
-1165 loop $-1 -1 $-1 $-1 $1279 $988 #
-1166 plane-surface $-1 -1 $-1 1.25 0.24000000000000002 -0.73890794879199995 1 0 0 0 0 -1000 forward_v I I I I #
-1167 coedge $-1 -1 $-1 $1280 $1281 $1282 $1283 reversed $989 $-1 #
-1168 straight-curve $-1 -1 $-1 -0.040000000000000001 2.7999999999999998 -2.0328790734103208e-17 1000 0 0 I I #
-1169 rgb_color-st-attrib $-1 -1 $-1 $994 $772 0.15686274509803921 0.1803921568627451 0.16862745098039217 #
-1170 integer_attrib-name_attrib-gen-attrib $-1 -1 $1284 $-1 $995 copy keep_kept ignore copy @9 Imported1 0 #
-1171 face $1285 -1 $-1 $1286 $1287 $12 $-1 $1288 forward single #
-1172 plane-surface $-1 -1 $-1 -0.040000000000000001 2.7999999999999998 0.040000000000000001 0 1 0 0 0 1000 forward_v I I I I #
-1173 rgb_color-st-attrib $-1 -1 $-1 $1001 $781 0.15686274509803921 0.1803921568627451 0.16862745098039217 #
-1174 integer_attrib-name_attrib-gen-attrib $-1 -1 $1289 $-1 $1002 copy keep_kept ignore copy @9 Imported1 0 #
-1175 face $1290 -1 $-1 $1291 $1292 $12 $-1 $1293 forward single #
-1176 loop $-1 -1 $-1 $-1 $1294 $1002 #
-1177 plane-surface $-1 -1 $-1 1.2610920512079999 0.24000000000000002 -1.25 0 0 -1 -1000 0 0 forward_v I I I I #
-1178 rgb_color-st-attrib $-1 -1 $-1 $1005 $784 0.98039215686274506 0.62745098039215685 0 #
-1179 coedge $-1 -1 $-1 $1009 $1008 $1275 $1295 forward $1010 $-1 #
-1180 edge $-1 -1 $-1 $1016 -0.0018400000000002193 $1181 -0.00023999999999998691 $1012 $1296 forward @7 unknown #
-1181 vertex $-1 -1 $-1 $1180 $1297 #
-1182 straight-curve $-1 -1 $-1 0 2.7599999999999998 -0.19999999999999099 0 1000 0 I I #
-1183 straight-curve $-1 -1 $-1 0.20000000000016399 2.7999999999999998 -1.9999999999997902 -707.10678118754424 0 707.10678118555109 I I #
-1184 point $-1 -1 $-1 -2.4822935793997712e-14 2.7999999999999998 -1.8000000000002192 #
-1185 edge $-1 -1 $-1 $1186 0.00023999999999997474 $1159 0.00033999999999999997 $1019 $1298 forward @7 unknown #
-1186 vertex $-1 -1 $-1 $1295 $1299 #
-1187 straight-curve $-1 -1 $-1 0.19999999999996998 4.8399999999999999 -1.3005343872142527e-14 0 1000 0 I I #
-1188 integer_attrib-name_attrib-gen-attrib $-1 -1 $1300 $-1 $1021 copy keep_kept ignore copy @9 Imported1 0 #
-1189 plane-surface $-1 -1 $-1 0.16800000000000001 2.7599999999999998 0 0 0 1 1000 0 0 forward_v I I I I #
-1190 straight-curve $-1 -1 $-1 1.8000000000001899 2.7999999999999998 -8.1315162936412833e-17 707.1067811855512 0 -707.10678118754402 I I #
-1191 point $-1 -1 $-1 1.800000000000219 2.7999999999999954 2.048040963166175e-14 #
-1192 rgb_color-st-attrib $-1 -1 $-1 $1026 $807 0.15686274509803921 0.1803921568627451 0.16862745098039217 #
-1193 integer_attrib-name_attrib-gen-attrib $-1 -1 $1301 $-1 $1027 copy keep_kept ignore copy @9 Imported1 0 #
-1194 plane-surface $-1 -1 $-1 0.20784326462639999 4.8399999999999999 0.0078432646264170007 -0.70710678118654757 0 0.70710678118654757 707.10678118654755 0 707.10678118654755 forward_v I I I I #
-1195 rgb_color-st-attrib $-1 -1 $-1 $1032 $813 0.15686274509803921 0.1803921568627451 0.16862745098039217 #
-1196 integer_attrib-name_attrib-gen-attrib $-1 -1 $1302 $-1 $1033 copy keep_kept ignore copy @9 Imported1 0 #
-1197 plane-surface $-1 -1 $-1 0.73890794879199995 8.8105228437219996 -0.85350761457400004 0 0.316227766016838 0.94868329805051388 0 -948.68329805051383 316.22776601683802 forward_v I I I I #
-1198 rgb_color-st-attrib $-1 -1 $-1 $1036 $822 0.98039215686274506 0.62745098039215685 0 #
-1199 edge $-1 -1 $-1 $901 1.1092051207965526e-05 $1042 0.00031109205120802318 $1040 $1303 forward @7 unknown #
-1200 point $-1 -1 $-1 0.84999999999997689 8.7999999999999474 0.84999999999995834 #
-1201 coedge $-1 -1 $-1 $1304 $1044 $1087 $1231 reversed $1046 $-1 #
-1202 coedge $-1 -1 $-1 $1045 $1304 $1080 $1226 reversed $1046 $-1 #
-1203 coedge $-1 -1 $-1 $1051 $1087 $1048 $1204 forward $879 $-1 #
-1204 edge $-1 -1 $-1 $1205 -0.00051109205120800018 $1053 -1.109205120799217e-05 $1203 $1305 forward @7 unknown #
-1205 vertex $-1 -1 $-1 $1231 $1306 #
-1206 straight-curve $-1 -1 $-1 1.7 2.7999999999999998 2.04 0 0 -1000 I I #
-1207 straight-curve $-1 -1 $-1 1.8320000000000001 3.30000000000001 0 -1000 0 0 I I #
-1208 point $-1 -1 $-1 1.7 3.3000000000000078 0 #
-1209 rgb_color-st-attrib $-1 -1 $-1 $1055 $845 0.15686274509803921 0.1803921568627451 0.16862745098039217 #
-1210 integer_attrib-name_attrib-gen-attrib $-1 -1 $1307 $-1 $1056 copy keep_kept ignore copy @9 Imported1 0 #
-1211 loop $-1 -1 $-1 $-1 $1308 $1056 #
-1212 plane-surface $-1 -1 $-1 0.75 0.24000000000000002 0.73890794879199995 -1 0 0 0 0 1000 forward_v I I I I #
-1213 coedge $-1 -1 $-1 $1309 $1310 $1311 $1312 reversed $1057 $-1 #
-1214 straight-curve $-1 -1 $-1 2.04 2.7999999999999998 2.0328790734103208e-17 -1000 0 0 I I #
-1215 rgb_color-st-attrib $-1 -1 $-1 $1062 $849 0.15686274509803921 0.1803921568627451 0.16862745098039217 #
-1216 integer_attrib-name_attrib-gen-attrib $-1 -1 $1313 $-1 $1063 copy keep_kept ignore copy @9 Imported1 0 #
-1217 face $1314 -1 $-1 $1315 $1316 $14 $-1 $1317 forward single #
-1218 plane-surface $-1 -1 $-1 2.04 2.7999999999999998 -0.040000000000000001 0 1 0 0 0 1000 forward_v I I I I #
-1219 rgb_color-st-attrib $-1 -1 $-1 $1069 $858 0.15686274509803921 0.1803921568627451 0.16862745098039217 #
-1220 integer_attrib-name_attrib-gen-attrib $-1 -1 $1318 $-1 $1070 copy keep_kept ignore copy @9 Imported1 0 #
-1221 face $1319 -1 $-1 $1320 $1321 $14 $-1 $1322 forward single #
-1222 loop $-1 -1 $-1 $-1 $1323 $1070 #
-1223 plane-surface $-1 -1 $-1 0.73890794879199995 0.24000000000000002 1.25 0 0 1 1000 0 0 forward_v I I I I #
-1224 rgb_color-st-attrib $-1 -1 $-1 $1073 $861 0.98039215686274506 0.62745098039215685 0 #
-1225 coedge $-1 -1 $-1 $1077 $1076 $1304 $1324 forward $1078 $-1 #
-1226 edge $-1 -1 $-1 $1084 -0.001840000000000053 $1227 -0.00024000000000015624 $1080 $1325 forward @7 unknown #
-1227 vertex $-1 -1 $-1 $1226 $1326 #
-1228 straight-curve $-1 -1 $-1 2 2.7599999999999998 0.20000000000018506 0 1000 0 I I #
-1229 straight-curve $-1 -1 $-1 1.8000000000002101 2.7999999999999998 1.9999999999997902 707.10678118654755 0 -707.10678118654755 I I #
-1230 point $-1 -1 $-1 2 2.7999999999999994 1.8000000000000529 #
-1231 edge $-1 -1 $-1 $1232 0.00023999999999967491 $1205 0.00034000000000000008 $1087 $1327 forward @7 unknown #
-1232 vertex $-1 -1 $-1 $1324 $1328 #
-1233 straight-curve $-1 -1 $-1 1.8000000000004002 4.8399999999999999 1.2908782116155537e-14 0 1000 0 I I #
-1234 integer_attrib-name_attrib-gen-attrib $-1 -1 $1329 $-1 $1089 copy keep_kept ignore copy @9 Imported1 0 #
-1235 plane-surface $-1 -1 $-1 1.8320000000000001 2.7599999999999998 0 0 0 -1 -1000 0 0 forward_v I I I I #
-1236 straight-curve $-1 -1 $-1 0.19999999999999099 2.7999999999999998 7.453889935837843e-17 -707.10678118656176 0 707.10678118653323 I I #
-1237 point $-1 -1 $-1 0.19999999999998685 2.7999999999999949 2.1277467635028028e-15 #
-1238 rgb_color-st-attrib $-1 -1 $-1 $1094 $884 0.15686274509803921 0.1803921568627451 0.16862745098039217 #
-1239 integer_attrib-name_attrib-gen-attrib $-1 -1 $1330 $-1 $1095 copy keep_kept ignore copy @9 Imported1 0 #
-1240 plane-surface $-1 -1 $-1 1.792156735374 4.8399999999999999 -0.0078432646264170007 0.70710678118788706 0 -0.70710678118520809 -707.10678118520809 0 -707.10678118788701 forward_v I I I I #
-1241 rgb_color-st-attrib $-1 -1 $-1 $1100 $890 0.15686274509803921 0.1803921568627451 0.16862745098039217 #
-1242 integer_attrib-name_attrib-gen-attrib $-1 -1 $1331 $-1 $1101 copy keep_kept ignore copy @9 Imported1 0 #
-1243 plane-surface $-1 -1 $-1 1.2610920512079999 8.8105228437219996 0.85350761457400004 0 0.316227766016838 -0.94868329805051388 0 948.68329805051383 316.22776601683802 forward_v I I I I #
-1244 rgb_color-st-attrib $-1 -1 $-1 $1104 $899 0.98039215686274506 0.62745098039215685 0 #
-1245 straight-curve $-1 -1 $-1 1.1610920512080001 8.8000000000000007 2.8499999999999499 -1000 0 0 I I #
-1246 coedge $-1 -1 $-1 $1110 $1109 $1133 $1266 reversed $910 $-1 #
-1247 straight-curve $-1 -1 $-1 1.7 3.311092051208 2 0 1000 0 I I #
-1248 point $-1 -1 $-1 1.7 2.7999999999999998 2.0000000000001048 #
-1249 rgb_color-st-attrib $-1 -1 $-1 $1118 $920 0.98039215686274506 0.62745098039215685 0 #
-1250 coedge $-1 -1 $-1 $1332 $1333 $1334 $1335 forward $1119 $-1 #
-1251 coedge $-1 -1 $-1 $1336 $1121 $1337 $1338 reversed $921 $-1 #
-1252 coedge $-1 -1 $-1 $1121 $1336 $1339 $1340 reversed $921 $-1 #
-1253 coedge $-1 -1 $-1 $1341 $1342 $1121 $1254 forward $1130 $-1 #
-1254 edge $-1 -1 $-1 $1343 -0.00051109205120800007 $1344 -1.1092051207985065e-05 $1253 $1345 forward @7 unknown #
-1255 rgb_color-st-attrib $-1 -1 $-1 $1124 $927 0.15686274509803921 0.1803921568627451 0.16862745098039217 #
-1256 integer_attrib-name_attrib-gen-attrib $-1 -1 $1346 $-1 $1125 copy keep_kept ignore copy @9 Imported1 0 #
-1257 face $1347 -1 $-1 $1348 $1349 $10 $-1 $1350 forward single #
-1258 loop $-1 -1 $-1 $-1 $1351 $1125 #
-1259 plane-surface $-1 -1 $-1 1.25 0.24000000000000002 3.2610920512080002 1 0 0 0 0 -1000 forward_v I I I I #
-1260 rgb_color-st-attrib $-1 -1 $-1 $1128 $934 0.98039215686274506 0.62745098039215685 0 #
-1261 integer_attrib-name_attrib-gen-attrib $-1 -1 $1352 $-1 $1129 copy keep_kept ignore copy @9 Imported1 0 #
-1262 face $1353 -1 $-1 $695 $1354 $10 $-1 $1355 forward single #
-1263 loop $-1 -1 $-1 $-1 $1356 $1129 #
-1264 plane-surface $-1 -1 $-1 0.85350761457400004 -0.010522843722110001 3.2610920512080002 -0.94868329805057583 -0.31622776601665192 0 316.22776601665191 -948.68329805057579 0 forward_v I I I I #
-1265 coedge $-1 -1 $-1 $1342 $1341 $1357 $1358 forward $1130 $-1 #
-1266 edge $-1 -1 $-1 $1135 7.4108364049874179e-17 $1140 0.00028284271247437854 $1133 $1359 forward @7 unknown #
-1267 straight-curve $-1 -1 $-1 2 2.7999999999999998 1.96 -0 -0 -1000 I I #
-1268 point $-1 -1 $-1 1.9999999999999476 2.7999999999999998 2.1999999999999478 #
-1269 straight-curve $-1 -1 $-1 2.04 2.7999999999999998 2.0000000000002101 -1000 0 0 I I #
-1270 point $-1 -1 $-1 1.8000000000001826 2.7999999999999998 2.0000000000001577 #
-1271 rgb_color-st-attrib $-1 -1 $-1 $1142 $953 0.15686274509803921 0.1803921568627451 0.16862745098039217 #
-1272 rgb_color-st-attrib $-1 -1 $-1 $1147 $959 0.15686274509803921 0.1803921568627451 0.16862745098039217 #
-1273 rgb_color-st-attrib $-1 -1 $-1 $1150 $965 0.98039215686274506 0.62745098039215685 0 #
-1274 straight-curve $-1 -1 $-1 0.83890794879200004 8.8000000000000007 -0.84999999999995302 1000 0 0 I I #
-1275 coedge $-1 -1 $-1 $1156 $1155 $1179 $1295 reversed $978 $-1 #
-1276 straight-curve $-1 -1 $-1 0.29999999999999999 3.311092051208 0 0 1000 0 I I #
-1277 point $-1 -1 $-1 0.29999999999999999 2.7999999999999998 -6.511989298491061e-15 #
-1278 rgb_color-st-attrib $-1 -1 $-1 $1164 $988 0.98039215686274506 0.62745098039215685 0 #
-1279 coedge $-1 -1 $-1 $1360 $1361 $1362 $1363 forward $1165 $-1 #
-1280 coedge $-1 -1 $-1 $1364 $1167 $1365 $1366 reversed $989 $-1 #
-1281 coedge $-1 -1 $-1 $1167 $1364 $1367 $1368 reversed $989 $-1 #
-1282 coedge $-1 -1 $-1 $1369 $1370 $1167 $1283 forward $1176 $-1 #
-1283 edge $-1 -1 $-1 $1371 -0.00051109205120800072 $1372 -1.1092051207984843e-05 $1282 $1373 forward @7 unknown #
-1284 rgb_color-st-attrib $-1 -1 $-1 $1170 $995 0.15686274509803921 0.1803921568627451 0.16862745098039217 #
-1285 integer_attrib-name_attrib-gen-attrib $-1 -1 $1374 $-1 $1171 copy keep_kept ignore copy @9 Imported1 0 #
-1286 face $1375 -1 $-1 $1376 $1377 $12 $-1 $1378 forward single #
-1287 loop $-1 -1 $-1 $-1 $1379 $1171 #
-1288 plane-surface $-1 -1 $-1 0.75 0.24000000000000002 -1.2610920512079999 -1 0 0 0 0 1000 forward_v I I I I #
-1289 rgb_color-st-attrib $-1 -1 $-1 $1174 $1002 0.98039215686274506 0.62745098039215685 0 #
-1290 integer_attrib-name_attrib-gen-attrib $-1 -1 $1380 $-1 $1175 copy keep_kept ignore copy @9 Imported1 0 #
-1291 face $1381 -1 $-1 $772 $1382 $12 $-1 $1383 forward single #
-1292 loop $-1 -1 $-1 $-1 $1384 $1175 #
-1293 plane-surface $-1 -1 $-1 1.1464923854260003 -0.010522843722110001 -1.2610920512079999 0.94868329805057616 -0.31622776601665104 0 316.22776601665106 948.68329805057613 0 forward_v I I I I #
-1294 coedge $-1 -1 $-1 $1370 $1369 $1385 $1386 forward $1176 $-1 #
-1295 edge $-1 -1 $-1 $1181 4.3219085282312377e-18 $1186 0.00028284271247458779 $1179 $1387 forward @7 unknown #
-1296 straight-curve $-1 -1 $-1 0 2.7999999999999998 0.040000000000000001 0 0 1000 I I #
-1297 point $-1 -1 $-1 2.1065709398214453e-15 2.7999999999999994 -0.19999999999998691 #
-1298 straight-curve $-1 -1 $-1 -0.040000000000000001 2.7999999999999998 -1.3023978596982122e-14 1000 0 0 I I #
-1299 point $-1 -1 $-1 0.19999999999997473 2.7999999999999994 -9.7665016400788965e-15 #
-1300 rgb_color-st-attrib $-1 -1 $-1 $1188 $1021 0.15686274509803921 0.1803921568627451 0.16862745098039217 #
-1301 rgb_color-st-attrib $-1 -1 $-1 $1193 $1027 0.15686274509803921 0.1803921568627451 0.16862745098039217 #
-1302 rgb_color-st-attrib $-1 -1 $-1 $1196 $1033 0.98039215686274506 0.62745098039215685 0 #
-1303 straight-curve $-1 -1 $-1 1.1610920512080001 8.8000000000000007 0.84999999999995302 -1000 0 0 I I #
-1304 coedge $-1 -1 $-1 $1202 $1201 $1225 $1324 reversed $1046 $-1 #
-1305 straight-curve $-1 -1 $-1 1.7 3.311092051208 0 0 1000 0 I I #
-1306 point $-1 -1 $-1 1.7 2.7999999999999998 6.5221536938581126e-15 #
-1307 rgb_color-st-attrib $-1 -1 $-1 $1210 $1056 0.98039215686274506 0.62745098039215685 0 #
-1308 coedge $-1 -1 $-1 $1388 $1389 $1390 $1391 forward $1211 $-1 #
-1309 coedge $-1 -1 $-1 $1392 $1213 $1393 $1394 reversed $1057 $-1 #
-1310 coedge $-1 -1 $-1 $1213 $1392 $1395 $1396 reversed $1057 $-1 #
-1311 coedge $-1 -1 $-1 $1397 $1398 $1213 $1312 forward $1222 $-1 #
-1312 edge $-1 -1 $-1 $1399 -0.00051109205120800007 $1400 -1.1092051207985065e-05 $1311 $1401 forward @7 unknown #
-1313 rgb_color-st-attrib $-1 -1 $-1 $1216 $1063 0.15686274509803921 0.1803921568627451 0.16862745098039217 #
-1314 integer_attrib-name_attrib-gen-attrib $-1 -1 $1402 $-1 $1217 copy keep_kept ignore copy @9 Imported1 0 #
-1315 face $1403 -1 $-1 $1404 $1405 $14 $-1 $1406 forward single #
-1316 loop $-1 -1 $-1 $-1 $1407 $1217 #
-1317 plane-surface $-1 -1 $-1 1.25 0.24000000000000002 1.2610920512079999 1 0 0 0 0 -1000 forward_v I I I I #
-1318 rgb_color-st-attrib $-1 -1 $-1 $1220 $1070 0.98039215686274506 0.62745098039215685 0 #
-1319 integer_attrib-name_attrib-gen-attrib $-1 -1 $1408 $-1 $1221 copy keep_kept ignore copy @9 Imported1 0 #
-1320 face $1409 -1 $-1 $849 $1410 $14 $-1 $1411 forward single #
-1321 loop $-1 -1 $-1 $-1 $1412 $1221 #
-1322 plane-surface $-1 -1 $-1 0.85350761457400004 -0.010522843722110001 1.2610920512079999 -0.94868329805057583 -0.31622776601665192 0 316.22776601665191 -948.68329805057579 0 forward_v I I I I #
-1323 coedge $-1 -1 $-1 $1398 $1397 $1413 $1414 forward $1222 $-1 #
-1324 edge $-1 -1 $-1 $1227 7.3421448599153244e-17 $1232 0.00028284271247451304 $1225 $1415 forward @7 unknown #
-1325 straight-curve $-1 -1 $-1 2 2.7999999999999998 -0.040000000000000001 -0 -0 -1000 I I #
-1326 point $-1 -1 $-1 1.9999999999999249 2.7999999999999998 0.20000000000015622 #
-1327 straight-curve $-1 -1 $-1 2.04 2.7999999999999998 1.3044307387716225e-14 -1000 0 0 I I #
-1328 point $-1 -1 $-1 1.8000000000003251 2.7999999999999998 9.7493492228969969e-15 #
-1329 rgb_color-st-attrib $-1 -1 $-1 $1234 $1089 0.15686274509803921 0.1803921568627451 0.16862745098039217 #
-1330 rgb_color-st-attrib $-1 -1 $-1 $1239 $1095 0.15686274509803921 0.1803921568627451 0.16862745098039217 #
-1331 rgb_color-st-attrib $-1 -1 $-1 $1242 $1101 0.98039215686274506 0.62745098039215685 0 #
-1332 coedge $-1 -1 $-1 $1339 $1250 $1341 $1416 forward $1119 $-1 #
-1333 coedge $-1 -1 $-1 $1250 $1339 $1417 $1418 forward $1119 $-1 #
-1334 coedge $-1 -1 $-1 $1419 $1420 $1250 $1335 reversed $1263 $-1 #
-1335 edge $-1 -1 $-1 $1421 1.1092051208015707e-05 $1422 0.00051109205120799747 $1250 $1423 forward @7 unknown #
-1336 coedge $-1 -1 $-1 $1252 $1251 $1424 $1425 reversed $921 $-1 #
-1337 coedge $-1 -1 $-1 $1426 $1427 $1251 $1338 forward $1258 $-1 #
-1338 edge $-1 -1 $-1 $1428 -0.00051109205120800506 $1343 -1.109205120799217e-05 $1337 $1429 forward @7 unknown #
-1339 coedge $-1 -1 $-1 $1333 $1332 $1252 $1340 forward $1119 $-1 #
-1340 edge $-1 -1 $-1 $1344 0.0007899999999999947 $1430 0.0012900000000000103 $1339 $1431 forward @7 unknown #
-1341 coedge $-1 -1 $-1 $1265 $1253 $1332 $1416 reversed $1130 $-1 #
-1342 coedge $-1 -1 $-1 $1253 $1265 $1426 $1432 forward $1130 $-1 #
-1343 vertex $-1 -1 $-1 $1254 $1433 #
-1344 vertex $-1 -1 $-1 $1254 $1434 #
-1345 straight-curve $-1 -1 $-1 0.73890794879199995 3.2999999999999998 3.2500000000000004 -1000 0 0 I I #
-1346 rgb_color-st-attrib $-1 -1 $-1 $1256 $1125 0.98039215686274506 0.62745098039215685 0 #
-1347 integer_attrib-name_attrib-gen-attrib $-1 -1 $1435 $-1 $1257 copy keep_kept ignore copy @9 Imported1 0 #
-1348 face $1436 -1 $-1 $1437 $1438 $10 $-1 $1439 reversed single #
-1349 loop $-1 -1 $-1 $-1 $1357 $1257 #
-1350 plane-surface $-1 -1 $-1 1.2610920512079999 -0.010522843722110001 3.1464923854259998 0 -0.31622776601665281 0.94868329805057561 0 -948.68329805057556 -316.22776601665282 forward_v I I I I #
-1351 coedge $-1 -1 $-1 $1427 $1426 $1440 $1441 forward $1258 $-1 #
-1352 rgb_color-st-attrib $-1 -1 $-1 $1261 $1129 0.98039215686274506 0.62745098039215685 0 #
-1353 integer_attrib-name_attrib-gen-attrib $-1 -1 $1442 $-1 $1262 copy keep_kept ignore copy @9 Imported1 0 #
-1354 loop $-1 -1 $-1 $-1 $1443 $1262 #
-1355 plane-surface $-1 -1 $-1 1.2610920512079999 0.24000000000000002 2.75 0 0 -1 -1000 0 0 forward_v I I I I #
-1356 coedge $-1 -1 $-1 $1420 $1419 $1444 $1445 forward $1263 $-1 #
-1357 coedge $-1 -1 $-1 $1446 $1447 $1265 $1358 reversed $1349 $-1 #
-1358 edge $-1 -1 $-1 $1422 1.1092051208010268e-05 $1448 0.00051109205120798587 $1265 $1449 forward @7 unknown #
-1359 straight-curve $-1 -1 $-1 2 2.7999999999999998 2.2000000000000002 -707.1067811865471 0 -707.10678118654789 I I #
-1360 coedge $-1 -1 $-1 $1367 $1279 $1369 $1450 forward $1165 $-1 #
-1361 coedge $-1 -1 $-1 $1279 $1367 $1451 $1452 forward $1165 $-1 #
-1362 coedge $-1 -1 $-1 $1453 $1454 $1279 $1363 reversed $1292 $-1 #
-1363 edge $-1 -1 $-1 $1455 1.109205120801482e-05 $1456 0.00051109205120799292 $1279 $1457 forward @7 unknown #
-1364 coedge $-1 -1 $-1 $1281 $1280 $1458 $1459 reversed $989 $-1 #
-1365 coedge $-1 -1 $-1 $1460 $1461 $1280 $1366 forward $1287 $-1 #
-1366 edge $-1 -1 $-1 $1462 -0.00051109205120800571 $1371 -1.1092051207992392e-05 $1365 $1463 forward @7 unknown #
-1367 coedge $-1 -1 $-1 $1361 $1360 $1281 $1368 forward $1165 $-1 #
-1368 edge $-1 -1 $-1 $1372 0.00078999999999999763 $1464 0.0012900000000000101 $1367 $1465 forward @7 unknown #
-1369 coedge $-1 -1 $-1 $1294 $1282 $1360 $1450 reversed $1176 $-1 #
-1370 coedge $-1 -1 $-1 $1282 $1294 $1460 $1466 forward $1176 $-1 #
-1371 vertex $-1 -1 $-1 $1283 $1467 #
-1372 vertex $-1 -1 $-1 $1283 $1468 #
-1373 straight-curve $-1 -1 $-1 1.2610920512079999 3.2999999999999998 -1.25 1000 0 0 I I #
-1374 rgb_color-st-attrib $-1 -1 $-1 $1285 $1171 0.98039215686274506 0.62745098039215685 0 #
-1375 integer_attrib-name_attrib-gen-attrib $-1 -1 $1469 $-1 $1286 copy keep_kept ignore copy @9 Imported1 0 #
-1376 face $1470 -1 $-1 $1471 $1472 $12 $-1 $1473 reversed single #
-1377 loop $-1 -1 $-1 $-1 $1385 $1286 #
-1378 plane-surface $-1 -1 $-1 0.73890794879199995 -0.010522843722110001 -1.1464923854260003 0 -0.31622776601665104 -0.94868329805057616 0 948.68329805057613 -316.22776601665106 forward_v I I I I #
-1379 coedge $-1 -1 $-1 $1461 $1460 $1474 $1475 forward $1287 $-1 #
-1380 rgb_color-st-attrib $-1 -1 $-1 $1290 $1175 0.98039215686274506 0.62745098039215685 0 #
-1381 integer_attrib-name_attrib-gen-attrib $-1 -1 $1476 $-1 $1291 copy keep_kept ignore copy @9 Imported1 0 #
-1382 loop $-1 -1 $-1 $-1 $1477 $1291 #
-1383 plane-surface $-1 -1 $-1 0.73890794879199995 0.24000000000000002 -0.75 0 0 1 1000 0 0 forward_v I I I I #
-1384 coedge $-1 -1 $-1 $1454 $1453 $1478 $1479 forward $1292 $-1 #
-1385 coedge $-1 -1 $-1 $1480 $1481 $1294 $1386 reversed $1377 $-1 #
-1386 edge $-1 -1 $-1 $1456 1.1092051208007491e-05 $1482 0.00051109205120798695 $1294 $1483 forward @7 unknown #
-1387 straight-curve $-1 -1 $-1 7.453889935837843e-17 2.7999999999999998 -0.19999999999999099 707.10678118653323 0 707.10678118656176 I I #
-1388 coedge $-1 -1 $-1 $1395 $1308 $1397 $1484 forward $1211 $-1 #
-1389 coedge $-1 -1 $-1 $1308 $1395 $1485 $1486 forward $1211 $-1 #
-1390 coedge $-1 -1 $-1 $1487 $1488 $1308 $1391 reversed $1321 $-1 #
-1391 edge $-1 -1 $-1 $1489 1.109205120801482e-05 $1490 0.00051109205120799292 $1308 $1491 forward @7 unknown #
-1392 coedge $-1 -1 $-1 $1310 $1309 $1492 $1493 reversed $1057 $-1 #
-1393 coedge $-1 -1 $-1 $1494 $1495 $1309 $1394 forward $1316 $-1 #
-1394 edge $-1 -1 $-1 $1496 -0.00051109205120800571 $1399 -1.1092051207992392e-05 $1393 $1497 forward @7 unknown #
-1395 coedge $-1 -1 $-1 $1389 $1388 $1310 $1396 forward $1211 $-1 #
-1396 edge $-1 -1 $-1 $1400 0.00078999999999999763 $1498 0.0012900000000000101 $1395 $1499 forward @7 unknown #
-1397 coedge $-1 -1 $-1 $1323 $1311 $1388 $1484 reversed $1222 $-1 #
-1398 coedge $-1 -1 $-1 $1311 $1323 $1494 $1500 forward $1222 $-1 #
-1399 vertex $-1 -1 $-1 $1312 $1501 #
-1400 vertex $-1 -1 $-1 $1312 $1502 #
-1401 straight-curve $-1 -1 $-1 0.73890794879199995 3.2999999999999998 1.25 -1000 0 0 I I #
-1402 rgb_color-st-attrib $-1 -1 $-1 $1314 $1217 0.98039215686274506 0.62745098039215685 0 #
-1403 integer_attrib-name_attrib-gen-attrib $-1 -1 $1503 $-1 $1315 copy keep_kept ignore copy @9 Imported1 0 #
-1404 face $1504 -1 $-1 $1505 $1506 $14 $-1 $1507 reversed single #
-1405 loop $-1 -1 $-1 $-1 $1413 $1315 #
-1406 plane-surface $-1 -1 $-1 1.2610920512079999 -0.010522843722110001 1.1464923854260003 0 -0.31622776601665104 0.94868329805057616 0 -948.68329805057613 -316.22776601665106 forward_v I I I I #
-1407 coedge $-1 -1 $-1 $1495 $1494 $1508 $1509 forward $1316 $-1 #
-1408 rgb_color-st-attrib $-1 -1 $-1 $1319 $1221 0.98039215686274506 0.62745098039215685 0 #
-1409 integer_attrib-name_attrib-gen-attrib $-1 -1 $1510 $-1 $1320 copy keep_kept ignore copy @9 Imported1 0 #
-1410 loop $-1 -1 $-1 $-1 $1511 $1320 #
-1411 plane-surface $-1 -1 $-1 1.2610920512079999 0.24000000000000002 0.75 0 0 -1 -1000 0 0 forward_v I I I I #
-1412 coedge $-1 -1 $-1 $1488 $1487 $1512 $1513 forward $1321 $-1 #
-1413 coedge $-1 -1 $-1 $1514 $1515 $1323 $1414 reversed $1405 $-1 #
-1414 edge $-1 -1 $-1 $1490 1.1092051208005716e-05 $1516 0.00051109205120798565 $1323 $1517 forward @7 unknown #
-1415 straight-curve $-1 -1 $-1 2 2.7999999999999998 0.200000000000185 -707.10678118553653 0 -707.10678118755868 I I #
-1416 edge $-1 -1 $-1 $1422 6.0000000000029614e-05 $1344 0.0030599999999999998 $1332 $1518 forward @7 unknown #
-1417 coedge $-1 -1 $-1 $1424 $1443 $1333 $1418 reversed $1354 $-1 #
-1418 edge $-1 -1 $-1 $1430 -0.0030599999999999998 $1421 -6.0000000000012239e-05 $1333 $1519 forward @7 unknown #
-1419 coedge $-1 -1 $-1 $1356 $1334 $1520 $1521 forward $1263 $-1 #
-1420 coedge $-1 -1 $-1 $1334 $1356 $1446 $1522 forward $1263 $-1 #
-1421 vertex $-1 -1 $-1 $1521 $1523 #
-1422 vertex $-1 -1 $-1 $1358 $1524 #
-1423 straight-curve $-1 -1 $-1 0.75 0.29999999999999805 2.7389079487919998 0 0 1000 I I #
-1424 coedge $-1 -1 $-1 $1525 $1417 $1336 $1425 forward $1354 $-1 #
-1425 edge $-1 -1 $-1 $1430 -0.00051109205120800636 $1428 -1.1092051207992392e-05 $1424 $1526 forward @7 unknown #
-1426 coedge $-1 -1 $-1 $1351 $1337 $1342 $1432 reversed $1258 $-1 #
-1427 coedge $-1 -1 $-1 $1337 $1351 $1525 $1527 reversed $1258 $-1 #
-1428 vertex $-1 -1 $-1 $1338 $1528 #
-1429 straight-curve $-1 -1 $-1 1.25 3.2999999999999998 3.2610920512080002 0 0 1000 I I #
-1430 vertex $-1 -1 $-1 $1425 $1529 #
-1431 straight-curve $-1 -1 $-1 0.74999999999998002 3.2999999999999998 4.04 0 0 -1000 I I #
-1432 edge $-1 -1 $-1 $1448 6.0000000000045213e-05 $1343 0.0030599999999999998 $1342 $1530 forward @7 unknown #
-1433 point $-1 -1 $-1 1.25 3.2999999999999998 3.250000000000008 #
-1434 point $-1 -1 $-1 0.74999999999998501 3.2999999999999998 3.2500000000000053 #
-1435 rgb_color-st-attrib $-1 -1 $-1 $1347 $1257 0.98039215686274506 0.62745098039215685 0 #
-1436 integer_attrib-name_attrib-gen-attrib $-1 -1 $1531 $-1 $1348 copy keep_kept ignore copy @9 Imported1 0 #
-1437 face $1532 -1 $-1 $1533 $1534 $10 $-1 $1535 forward single #
-1438 loop $-1 -1 $-1 $-1 $1536 $1348 #
-1439 plane-surface $-1 -1 $-1 1.1610920512080001 0 2.8389079487920004 0 1 0 0 0 1000 forward_v I I I I #
-1440 coedge $-1 -1 $-1 $1537 $1538 $1351 $1441 reversed $1539 $-1 #
-1441 edge $-1 -1 $-1 $1448 1.1092051207989951e-05 $1540 0.0005110920512079811 $1351 $1541 forward @7 unknown #
-1442 rgb_color-st-attrib $-1 -1 $-1 $1353 $1262 0.98039215686274506 0.62745098039215685 0 #
-1443 coedge $-1 -1 $-1 $1417 $1525 $1542 $1543 forward $1354 $-1 #
-1444 coedge $-1 -1 $-1 $1544 $1536 $1356 $1445 reversed $1438 $-1 #
-1445 edge $-1 -1 $-1 $1545 -0.00041109205120804892 $1546 -0.00011109205120798959 $1356 $1547 forward @7 unknown #
-1446 coedge $-1 -1 $-1 $1548 $1357 $1420 $1522 reversed $1349 $-1 #
-1447 coedge $-1 -1 $-1 $1357 $1548 $1537 $1549 forward $1349 $-1 #
-1448 vertex $-1 -1 $-1 $1441 $1550 #
-1449 straight-curve $-1 -1 $-1 0.73890794879199995 0.30000000000000998 3.2500000000000004 1000 0 0 I I #
-1450 edge $-1 -1 $-1 $1456 6.0000000000025616e-05 $1372 0.0030599999999999998 $1360 $1551 forward @7 unknown #
-1451 coedge $-1 -1 $-1 $1458 $1477 $1361 $1452 reversed $1382 $-1 #
-1452 edge $-1 -1 $-1 $1464 -0.0030599999999999998 $1455 -6.000000000001163e-05 $1361 $1552 forward @7 unknown #
-1453 coedge $-1 -1 $-1 $1384 $1362 $1553 $1554 forward $1292 $-1 #
-1454 coedge $-1 -1 $-1 $1362 $1384 $1480 $1555 forward $1292 $-1 #
-1455 vertex $-1 -1 $-1 $1554 $1556 #
-1456 vertex $-1 -1 $-1 $1386 $1557 #
-1457 straight-curve $-1 -1 $-1 1.25 0.29999999999999805 -0.73890794879199995 0 0 -1000 I I #
-1458 coedge $-1 -1 $-1 $1558 $1451 $1364 $1459 forward $1382 $-1 #
-1459 edge $-1 -1 $-1 $1464 -0.00051109205120800517 $1462 -1.1092051207992614e-05 $1458 $1559 forward @7 unknown #
-1460 coedge $-1 -1 $-1 $1379 $1365 $1370 $1466 reversed $1287 $-1 #
-1461 coedge $-1 -1 $-1 $1365 $1379 $1558 $1560 reversed $1287 $-1 #
-1462 vertex $-1 -1 $-1 $1366 $1561 #
-1463 straight-curve $-1 -1 $-1 0.75 3.2999999999999998 -1.2610920512079999 -0 -0 -1000 I I #
-1464 vertex $-1 -1 $-1 $1459 $1562 #
-1465 straight-curve $-1 -1 $-1 1.25000000000002 3.2999999999999998 -2.04 0 0 1000 I I #
-1466 edge $-1 -1 $-1 $1482 6.0000000000044271e-05 $1371 0.0030599999999999998 $1370 $1563 forward @7 unknown #
-1467 point $-1 -1 $-1 0.74999999999999922 3.2999999999999998 -1.2500000000000075 #
-1468 point $-1 -1 $-1 1.2500000000000151 3.2999999999999998 -1.2500000000000024 #
-1469 rgb_color-st-attrib $-1 -1 $-1 $1375 $1286 0.98039215686274506 0.62745098039215685 0 #
-1470 integer_attrib-name_attrib-gen-attrib $-1 -1 $1564 $-1 $1376 copy keep_kept ignore copy @9 Imported1 0 #
-1471 face $1565 -1 $-1 $1566 $1567 $12 $-1 $1568 forward single #
-1472 loop $-1 -1 $-1 $-1 $1569 $1376 #
-1473 plane-surface $-1 -1 $-1 0.83890794879200004 0 -0.83890794879200004 0 1 0 0 0 1000 forward_v I I I I #
-1474 coedge $-1 -1 $-1 $1570 $1571 $1379 $1475 reversed $1572 $-1 #
-1475 edge $-1 -1 $-1 $1482 1.1092051207990173e-05 $1573 0.00051109205120798337 $1379 $1574 forward @7 unknown #
-1476 rgb_color-st-attrib $-1 -1 $-1 $1381 $1291 0.98039215686274506 0.62745098039215685 0 #
-1477 coedge $-1 -1 $-1 $1451 $1558 $1575 $1576 forward $1382 $-1 #
-1478 coedge $-1 -1 $-1 $1577 $1569 $1384 $1479 reversed $1472 $-1 #
-1479 edge $-1 -1 $-1 $1578 -0.00041109205120804713 $1579 -0.00011109205120798982 $1384 $1580 forward @7 unknown #
-1480 coedge $-1 -1 $-1 $1581 $1385 $1454 $1555 reversed $1377 $-1 #
-1481 coedge $-1 -1 $-1 $1385 $1581 $1570 $1582 forward $1377 $-1 #
-1482 vertex $-1 -1 $-1 $1475 $1583 #
-1483 straight-curve $-1 -1 $-1 1.2610920512079999 0.29999999999999805 -1.25 -1000 0 0 I I #
-1484 edge $-1 -1 $-1 $1490 6.0000000000025839e-05 $1400 0.0030599999999999998 $1388 $1584 forward @7 unknown #
-1485 coedge $-1 -1 $-1 $1492 $1511 $1389 $1486 reversed $1410 $-1 #
-1486 edge $-1 -1 $-1 $1498 -0.0030599999999999998 $1489 -6.000000000001146e-05 $1389 $1585 forward @7 unknown #
-1487 coedge $-1 -1 $-1 $1412 $1390 $1586 $1587 forward $1321 $-1 #
-1488 coedge $-1 -1 $-1 $1390 $1412 $1514 $1588 forward $1321 $-1 #
-1489 vertex $-1 -1 $-1 $1587 $1589 #
-1490 vertex $-1 -1 $-1 $1414 $1590 #
-1491 straight-curve $-1 -1 $-1 0.75 0.29999999999999805 0.73890794879199995 0 0 1000 I I #
-1492 coedge $-1 -1 $-1 $1591 $1485 $1392 $1493 forward $1410 $-1 #
-1493 edge $-1 -1 $-1 $1498 -0.00051109205120800636 $1496 -1.1092051207992392e-05 $1492 $1592 forward @7 unknown #
-1494 coedge $-1 -1 $-1 $1407 $1393 $1398 $1500 reversed $1316 $-1 #
-1495 coedge $-1 -1 $-1 $1393 $1407 $1591 $1593 reversed $1316 $-1 #
-1496 vertex $-1 -1 $-1 $1394 $1594 #
-1497 straight-curve $-1 -1 $-1 1.25 3.2999999999999998 1.2610920512079999 0 0 1000 I I #
-1498 vertex $-1 -1 $-1 $1493 $1595 #
-1499 straight-curve $-1 -1 $-1 0.74999999999998002 3.2999999999999998 2.04 0 0 -1000 I I #
-1500 edge $-1 -1 $-1 $1516 6.0000000000043214e-05 $1399 0.0030599999999999998 $1398 $1596 forward @7 unknown #
-1501 point $-1 -1 $-1 1.25 3.2999999999999998 1.2500000000000075 #
-1502 point $-1 -1 $-1 0.74999999999998501 3.2999999999999998 1.2500000000000024 #
-1503 rgb_color-st-attrib $-1 -1 $-1 $1403 $1315 0.98039215686274506 0.62745098039215685 0 #
-1504 integer_attrib-name_attrib-gen-attrib $-1 -1 $1597 $-1 $1404 copy keep_kept ignore copy @9 Imported1 0 #
-1505 face $1598 -1 $-1 $1599 $1600 $14 $-1 $1601 forward single #
-1506 loop $-1 -1 $-1 $-1 $1602 $1404 #
-1507 plane-surface $-1 -1 $-1 1.1610920512080001 0 0.83890794879200004 0 1 0 0 0 1000 forward_v I I I I #
-1508 coedge $-1 -1 $-1 $1603 $1604 $1407 $1509 reversed $1605 $-1 #
-1509 edge $-1 -1 $-1 $1516 1.1092051207990173e-05 $1606 0.00051109205120798327 $1407 $1607 forward @7 unknown #
-1510 rgb_color-st-attrib $-1 -1 $-1 $1409 $1320 0.98039215686274506 0.62745098039215685 0 #
-1511 coedge $-1 -1 $-1 $1485 $1591 $1608 $1609 forward $1410 $-1 #
-1512 coedge $-1 -1 $-1 $1610 $1602 $1412 $1513 reversed $1506 $-1 #
-1513 edge $-1 -1 $-1 $1611 -0.00041109205120804703 $1612 -0.00011109205120798959 $1412 $1613 forward @7 unknown #
-1514 coedge $-1 -1 $-1 $1614 $1413 $1488 $1588 reversed $1405 $-1 #
-1515 coedge $-1 -1 $-1 $1413 $1614 $1603 $1615 forward $1405 $-1 #
-1516 vertex $-1 -1 $-1 $1509 $1616 #
-1517 straight-curve $-1 -1 $-1 0.73890794879199995 0.29999999999999805 1.25 1000 0 0 I I #
-1518 straight-curve $-1 -1 $-1 0.75 0.24000000000000002 3.2500000000000102 0 1000 0 I I #
-1519 straight-curve $-1 -1 $-1 0.75 0.24000000000000002 2.74999999999998 0 -1000 0 I I #
-1520 coedge $-1 -1 $-1 $1542 $1617 $1419 $1521 reversed $1534 $-1 #
-1521 edge $-1 -1 $-1 $1421 -1.3105260366036629e-17 $1545 0.00033166247903548428 $1419 $1618 forward @7 unknown #
-1522 edge $-1 -1 $-1 $1546 -8.3905677970751349e-18 $1422 0.00033166247903553214 $1420 $1619 forward @7 unknown #
-1523 point $-1 -1 $-1 0.75000000000000111 0.30000000000001226 2.7500000000000155 #
-1524 point $-1 -1 $-1 0.75000000000001021 0.30000000000002963 3.2499999999999973 #
-1525 coedge $-1 -1 $-1 $1443 $1424 $1427 $1527 forward $1354 $-1 #
-1526 straight-curve $-1 -1 $-1 1.2610920512079999 3.2999999999999998 2.75 1000 0 0 I I #
-1527 edge $-1 -1 $-1 $1428 -0.0030599999999999998 $1540 -6.0000000000041438e-05 $1525 $1620 forward @7 unknown #
-1528 point $-1 -1 $-1 1.2500000000000075 3.2999999999999998 2.7499999999999951 #
-1529 point $-1 -1 $-1 0.74999999999999356 3.2999999999999998 2.7499999999999898 #
-1530 straight-curve $-1 -1 $-1 1.24999999999998 0.24000000000000002 3.2500000000000004 0 1000 0 I I #
-1531 rgb_color-st-attrib $-1 -1 $-1 $1436 $1348 0.98039215686274506 0.62745098039215685 0 #
-1532 integer_attrib-name_attrib-gen-attrib $-1 -1 $1621 $-1 $1437 copy keep_kept ignore copy @9 Imported1 0 #
-1533 face $1622 -1 $-1 $-1 $1539 $10 $-1 $1623 forward single #
-1534 loop $-1 -1 $-1 $-1 $1617 $1437 #
-1535 plane-surface $-1 -1 $-1 0.73890794879199995 -0.010522843722110001 2.8535076145740002 0 -0.31622776601665104 -0.94868329805057616 0 948.68329805057613 -316.22776601665106 forward_v I I I I #
-1536 coedge $-1 -1 $-1 $1444 $1624 $1548 $1625 reversed $1438 $-1 #
-1537 coedge $-1 -1 $-1 $1626 $1440 $1447 $1549 reversed $1539 $-1 #
-1538 coedge $-1 -1 $-1 $1440 $1626 $1627 $1628 reversed $1539 $-1 #
-1539 loop $-1 -1 $-1 $-1 $1440 $1533 #
-1540 vertex $-1 -1 $-1 $1628 $1629 #
-1541 straight-curve $-1 -1 $-1 1.25 0.30000000000004001 3.2610920512080002 0 0 -1000 I I #
-1542 coedge $-1 -1 $-1 $1627 $1520 $1443 $1543 reversed $1534 $-1 #
-1543 edge $-1 -1 $-1 $1540 1.1092051208004605e-05 $1421 0.00051109205120799888 $1443 $1630 forward @7 unknown #
-1544 coedge $-1 -1 $-1 $1624 $1444 $1617 $1631 reversed $1438 $-1 #
-1545 vertex $-1 -1 $-1 $1631 $1632 #
-1546 vertex $-1 -1 $-1 $1625 $1633 #
-1547 straight-curve $-1 -1 $-1 0.84999999999995501 3.1846744750867184e-14 3.2610920512080002 0 0 1000 I I #
-1548 coedge $-1 -1 $-1 $1447 $1446 $1536 $1625 forward $1349 $-1 #
-1549 edge $-1 -1 $-1 $1634 -9.0964728406329319e-18 $1448 0.00033166247903554938 $1447 $1635 forward @7 unknown #
-1550 point $-1 -1 $-1 1.2499999999999858 0.30000000000004523 3.2500000000000102 #
-1551 straight-curve $-1 -1 $-1 1.25 0.24000000000000002 -1.25 0 1000 0 I I #
-1552 straight-curve $-1 -1 $-1 1.25 0.24000000000000002 -0.74999999999998002 -0 -1000 -0 I I #
-1553 coedge $-1 -1 $-1 $1575 $1636 $1453 $1554 reversed $1567 $-1 #
-1554 edge $-1 -1 $-1 $1455 -1.1531959632438664e-17 $1578 0.00033166247903548677 $1453 $1637 forward @7 unknown #
-1555 edge $-1 -1 $-1 $1579 -9.3079087247526927e-18 $1456 0.0003316624790355283 $1454 $1638 forward @7 unknown #
-1556 point $-1 -1 $-1 1.2499999999999964 0.30000000000001165 -0.75000000000001477 #
-1557 point $-1 -1 $-1 1.2499999999999925 0.30000000000002564 -1.2499999999999929 #
-1558 coedge $-1 -1 $-1 $1477 $1458 $1461 $1560 forward $1382 $-1 #
-1559 straight-curve $-1 -1 $-1 0.73890794879199995 3.2999999999999998 -0.75 -1000 0 0 I I #
-1560 edge $-1 -1 $-1 $1462 -0.0030599999999999998 $1573 -6.0000000000042102e-05 $1558 $1639 forward @7 unknown #
-1561 point $-1 -1 $-1 0.74999999999999256 3.2999999999999998 -0.74999999999999423 #
-1562 point $-1 -1 $-1 1.2500000000000051 3.2999999999999998 -0.74999999999999001 #
-1563 straight-curve $-1 -1 $-1 0.75000000000001699 0.24000000000000002 -1.25 0 1000 0 I I #
-1564 rgb_color-st-attrib $-1 -1 $-1 $1470 $1376 0.98039215686274506 0.62745098039215685 0 #
-1565 integer_attrib-name_attrib-gen-attrib $-1 -1 $1640 $-1 $1471 copy keep_kept ignore copy @9 Imported1 0 #
-1566 face $1641 -1 $-1 $-1 $1572 $12 $-1 $1642 forward single #
-1567 loop $-1 -1 $-1 $-1 $1636 $1471 #
-1568 plane-surface $-1 -1 $-1 1.2610920512079999 -0.010522843722110001 -0.85350761457400004 0 -0.31622776601665192 0.94868329805057583 0 -948.68329805057579 -316.22776601665191 forward_v I I I I #
-1569 coedge $-1 -1 $-1 $1478 $1643 $1581 $1644 reversed $1472 $-1 #
-1570 coedge $-1 -1 $-1 $1645 $1474 $1481 $1582 reversed $1572 $-1 #
-1571 coedge $-1 -1 $-1 $1474 $1645 $1646 $1647 reversed $1572 $-1 #
-1572 loop $-1 -1 $-1 $-1 $1474 $1566 #
-1573 vertex $-1 -1 $-1 $1647 $1648 #
-1574 straight-curve $-1 -1 $-1 0.75 0.30000000000004001 -1.2610920512079999 0 0 1000 I I #
-1575 coedge $-1 -1 $-1 $1646 $1553 $1477 $1576 reversed $1567 $-1 #
-1576 edge $-1 -1 $-1 $1573 1.1092051208003939e-05 $1455 0.00051109205120799649 $1477 $1649 forward @7 unknown #
-1577 coedge $-1 -1 $-1 $1643 $1478 $1636 $1650 reversed $1472 $-1 #
-1578 vertex $-1 -1 $-1 $1650 $1651 #
-1579 vertex $-1 -1 $-1 $1644 $1652 #
-1580 straight-curve $-1 -1 $-1 1.1500000000000445 3.0521985221361458e-14 -1.2610920512079999 0 0 -1000 I I #
-1581 coedge $-1 -1 $-1 $1481 $1480 $1569 $1644 forward $1377 $-1 #
-1582 edge $-1 -1 $-1 $1653 -9.2791406152002327e-18 $1482 0.00033166247903554814 $1481 $1654 forward @7 unknown #
-1583 point $-1 -1 $-1 0.75000000000001299 0.30000000000004429 -1.2500000000000098 #
-1584 straight-curve $-1 -1 $-1 0.75 0.24000000000000002 1.25 0 1000 0 I I #
-1585 straight-curve $-1 -1 $-1 0.75 0.24000000000000002 0.74999999999998002 0 -1000 0 I I #
-1586 coedge $-1 -1 $-1 $1608 $1655 $1487 $1587 reversed $1600 $-1 #
-1587 edge $-1 -1 $-1 $1489 -1.1163740311808786e-17 $1611 0.00033166247903548666 $1487 $1656 forward @7 unknown #
-1588 edge $-1 -1 $-1 $1612 -8.4743028554594135e-18 $1490 0.00033166247903552889 $1488 $1657 forward @7 unknown #
-1589 point $-1 -1 $-1 0.75000000000000155 0.30000000000001148 0.75000000000001477 #
-1590 point $-1 -1 $-1 0.75000000000000566 0.30000000000002586 1.2499999999999929 #
-1591 coedge $-1 -1 $-1 $1511 $1492 $1495 $1593 forward $1410 $-1 #
-1592 straight-curve $-1 -1 $-1 1.2610920512079999 3.2999999999999998 0.75 1000 0 0 I I #
-1593 edge $-1 -1 $-1 $1496 -0.0030599999999999998 $1606 -6.0000000000040991e-05 $1591 $1658 forward @7 unknown #
-1594 point $-1 -1 $-1 1.2500000000000075 3.2999999999999998 0.74999999999999423 #
-1595 point $-1 -1 $-1 0.74999999999999356 3.2999999999999998 0.74999999999999001 #
-1596 straight-curve $-1 -1 $-1 1.24999999999998 0.24000000000000002 1.25 0 1000 0 I I #
-1597 rgb_color-st-attrib $-1 -1 $-1 $1504 $1404 0.98039215686274506 0.62745098039215685 0 #
-1598 integer_attrib-name_attrib-gen-attrib $-1 -1 $1659 $-1 $1505 copy keep_kept ignore copy @9 Imported1 0 #
-1599 face $1660 -1 $-1 $-1 $1605 $14 $-1 $1661 forward single #
-1600 loop $-1 -1 $-1 $-1 $1655 $1505 #
-1601 plane-surface $-1 -1 $-1 0.73890794879199995 -0.010522843722110001 0.85350761457400004 0 -0.31622776601665192 -0.94868329805057583 0 948.68329805057579 -316.22776601665191 forward_v I I I I #
-1602 coedge $-1 -1 $-1 $1512 $1662 $1614 $1663 reversed $1506 $-1 #
-1603 coedge $-1 -1 $-1 $1664 $1508 $1515 $1615 reversed $1605 $-1 #
-1604 coedge $-1 -1 $-1 $1508 $1664 $1665 $1666 reversed $1605 $-1 #
-1605 loop $-1 -1 $-1 $-1 $1508 $1599 #
-1606 vertex $-1 -1 $-1 $1666 $1667 #
-1607 straight-curve $-1 -1 $-1 1.25 0.30000000000004001 1.2610920512079999 0 0 -1000 I I #
-1608 coedge $-1 -1 $-1 $1665 $1586 $1511 $1609 reversed $1600 $-1 #
-1609 edge $-1 -1 $-1 $1606 1.1092051208004605e-05 $1489 0.00051109205120799834 $1511 $1668 forward @7 unknown #
-1610 coedge $-1 -1 $-1 $1662 $1512 $1655 $1669 reversed $1506 $-1 #
-1611 vertex $-1 -1 $-1 $1669 $1670 #
-1612 vertex $-1 -1 $-1 $1663 $1671 #
-1613 straight-curve $-1 -1 $-1 0.84999999999995501 3.1846744750867184e-14 1.2610920512079999 0 0 1000 I I #
-1614 coedge $-1 -1 $-1 $1515 $1514 $1602 $1663 forward $1405 $-1 #
-1615 edge $-1 -1 $-1 $1672 -9.2684703263418268e-18 $1516 0.00033166247903554711 $1515 $1673 forward @7 unknown #
-1616 point $-1 -1 $-1 1.2499999999999856 0.30000000000004323 1.2500000000000098 #
-1617 coedge $-1 -1 $-1 $1520 $1627 $1544 $1631 forward $1534 $-1 #
-1618 straight-curve $-1 -1 $-1 0.7500000000000282 0.30000000000000843 2.7500000000000204 301.51134457760168 -904.5340337333962 301.51134457760992 I I #
-1619 straight-curve $-1 -1 $-1 0.84999999999995901 2.0283050954951476e-14 3.1499999999999999 -301.51134457758104 904.5340337333339 301.5113445778174 I I #
-1620 straight-curve $-1 -1 $-1 1.25000000000001 0.24000000000000002 2.75 -0 -1000 -0 I I #
-1621 rgb_color-st-attrib $-1 -1 $-1 $1532 $1437 0.98039215686274506 0.62745098039215685 0 #
-1622 integer_attrib-name_attrib-gen-attrib $-1 -1 $1674 $-1 $1533 copy keep_kept ignore copy @9 Imported1 0 #
-1623 plane-surface $-1 -1 $-1 1.1464923854260003 -0.010522843722110001 2.7389079487919998 0.94868329805057616 -0.31622776601665104 0 316.22776601665106 948.68329805057613 0 forward_v I I I I #
-1624 coedge $-1 -1 $-1 $1536 $1544 $1626 $1675 reversed $1438 $-1 #
-1625 edge $-1 -1 $-1 $1546 -0.00041109205120803347 $1634 -0.00011109205120795963 $1548 $1676 forward @7 unknown #
-1626 coedge $-1 -1 $-1 $1538 $1537 $1624 $1675 forward $1539 $-1 #
-1627 coedge $-1 -1 $-1 $1617 $1542 $1538 $1628 forward $1534 $-1 #
-1628 edge $-1 -1 $-1 $1540 6.7116339805654626e-18 $1677 0.00033166247903553079 $1627 $1678 forward @7 unknown #
-1629 point $-1 -1 $-1 1.2499999999999953 0.30000000000004146 2.7500000000000191 #
-1630 straight-curve $-1 -1 $-1 1.2610920512079999 0.30000000000004101 2.75 -1000 0 0 I I #
-1631 edge $-1 -1 $-1 $1677 1.1092051207969522e-05 $1545 0.00031109205120802931 $1617 $1679 forward @7 unknown #
-1632 point $-1 -1 $-1 0.84999999999997078 2.7839605134146298e-14 2.8499999999999512 #
-1633 point $-1 -1 $-1 0.84999999999996645 9.9337136441664844e-15 3.1500000000000106 #
-1634 vertex $-1 -1 $-1 $1675 $1680 #
-1635 straight-curve $-1 -1 $-1 1.1500000000000401 7.924840254511234e-15 3.1500000000000368 301.51134457757723 904.53403373340552 301.511344577606 I I #
-1636 coedge $-1 -1 $-1 $1553 $1646 $1577 $1650 forward $1567 $-1 #
-1637 straight-curve $-1 -1 $-1 1.2499999999999714 0.30000000000000759 -0.75000000000001577 -301.51134457759906 -904.53403373339074 -301.5113445776301 I I #
-1638 straight-curve $-1 -1 $-1 1.1500000000000412 2.0001836016463048e-14 -1.1499999999999999 301.51134457758212 904.5340337333397 -301.51134457779852 I I #
-1639 straight-curve $-1 -1 $-1 0.74999999999999001 0.24000000000000002 -0.75 0 -1000 0 I I #
-1640 rgb_color-st-attrib $-1 -1 $-1 $1565 $1471 0.98039215686274506 0.62745098039215685 0 #
-1641 integer_attrib-name_attrib-gen-attrib $-1 -1 $1681 $-1 $1566 copy keep_kept ignore copy @9 Imported1 0 #
-1642 plane-surface $-1 -1 $-1 0.85350761457400004 -0.010522843722110001 -0.73890794879199995 -0.94868329805057583 -0.31622776601665192 0 316.22776601665191 -948.68329805057579 0 forward_v I I I I #
-1643 coedge $-1 -1 $-1 $1569 $1577 $1645 $1682 reversed $1472 $-1 #
-1644 edge $-1 -1 $-1 $1579 -0.00041109205120803125 $1653 -0.00011109205120795918 $1581 $1683 forward @7 unknown #
-1645 coedge $-1 -1 $-1 $1571 $1570 $1643 $1682 forward $1572 $-1 #
-1646 coedge $-1 -1 $-1 $1636 $1575 $1571 $1647 forward $1567 $-1 #
-1647 edge $-1 -1 $-1 $1573 7.2639629615101132e-18 $1684 0.00033166247903553361 $1646 $1685 forward @7 unknown #
-1648 point $-1 -1 $-1 0.75000000000000389 0.30000000000004212 -0.75000000000001654 #
-1649 straight-curve $-1 -1 $-1 0.73890794879199995 0.30000000000004101 -0.75 1000 0 0 I I #
-1650 edge $-1 -1 $-1 $1684 1.1092051207967967e-05 $1578 0.00031109205120802606 $1636 $1686 forward @7 unknown #
-1651 point $-1 -1 $-1 1.1500000000000261 2.7015018559994237e-14 -0.84999999999995279 #
-1652 point $-1 -1 $-1 1.1500000000000312 9.6375408738595003e-15 -1.1500000000000101 #
-1653 vertex $-1 -1 $-1 $1682 $1687 #
-1654 straight-curve $-1 -1 $-1 0.84999999999995912 8.0078494833421554e-15 -1.1500000000000372 -301.51134457758326 904.53403373340495 -301.51134457760321 I I #
-1655 coedge $-1 -1 $-1 $1586 $1665 $1610 $1669 forward $1600 $-1 #
-1656 straight-curve $-1 -1 $-1 0.7500000000000282 0.30000000000000843 0.75000000000001599 301.51134457759957 -904.53403373338995 301.51134457763033 I I #
-1657 straight-curve $-1 -1 $-1 0.84999999999995901 2.0323708536419682e-14 1.1499999999999999 -301.51134457758292 904.5340337333397 301.51134457779773 I I #
-1658 straight-curve $-1 -1 $-1 1.25000000000001 0.24000000000000002 0.75 -0 -1000 -0 I I #
-1659 rgb_color-st-attrib $-1 -1 $-1 $1598 $1505 0.98039215686274506 0.62745098039215685 0 #
-1660 integer_attrib-name_attrib-gen-attrib $-1 -1 $1688 $-1 $1599 copy keep_kept ignore copy @9 Imported1 0 #
-1661 plane-surface $-1 -1 $-1 1.1464923854260003 -0.010522843722110001 0.73890794879199995 0.94868329805057616 -0.31622776601665104 0 316.22776601665106 948.68329805057613 0 forward_v I I I I #
-1662 coedge $-1 -1 $-1 $1602 $1610 $1664 $1689 reversed $1506 $-1 #
-1663 edge $-1 -1 $-1 $1612 -0.00041109205120803347 $1672 -0.00011109205120795963 $1614 $1690 forward @7 unknown #
-1664 coedge $-1 -1 $-1 $1604 $1603 $1662 $1689 forward $1605 $-1 #
-1665 coedge $-1 -1 $-1 $1655 $1608 $1604 $1666 forward $1600 $-1 #
-1666 edge $-1 -1 $-1 $1606 6.4271008691702582e-18 $1691 0.00033166247903553193 $1665 $1692 forward @7 unknown #
-1667 point $-1 -1 $-1 1.2499999999999953 0.30000000000004101 0.75000000000001665 #
-1668 straight-curve $-1 -1 $-1 1.2610920512079999 0.30000000000004001 0.75 -1000 0 0 I I #
-1669 edge $-1 -1 $-1 $1691 1.1092051207969744e-05 $1611 0.00031109205120802931 $1655 $1693 forward @7 unknown #
-1670 point $-1 -1 $-1 0.84999999999997078 2.731998892250339e-14 0.8499999999999529 #
-1671 point $-1 -1 $-1 0.84999999999996645 9.9558135037903099e-15 1.1500000000000103 #
-1672 vertex $-1 -1 $-1 $1689 $1694 #
-1673 straight-curve $-1 -1 $-1 1.1500000000000401 7.9959910220805952e-15 1.1500000000000372 301.51134457757752 904.5340337334062 301.51134457760367 I I #
-1674 rgb_color-st-attrib $-1 -1 $-1 $1622 $1533 0.98039215686274506 0.62745098039215685 0 #
-1675 edge $-1 -1 $-1 $1634 -0.00031109205120800887 $1677 -1.1092051207951758e-05 $1626 $1695 forward @7 unknown #
-1676 straight-curve $-1 -1 $-1 1.2610920512079999 7.9434749793508286e-15 3.1500000000000368 1000 0 0 I I #
-1677 vertex $-1 -1 $-1 $1628 $1696 #
-1678 straight-curve $-1 -1 $-1 1.2500000000000202 0.30000000000004029 2.7500000000000182 -301.5113445777813 -904.53403373334515 301.5113445775832 I I #
-1679 straight-curve $-1 -1 $-1 1.1610920512080001 0 2.8499999999999499 -1000 0 0 I I #
-1680 point $-1 -1 $-1 1.1500000000000403 6.9721399470869597e-15 3.1500000000000092 #
-1681 rgb_color-st-attrib $-1 -1 $-1 $1641 $1566 0.98039215686274506 0.62745098039215685 0 #
-1682 edge $-1 -1 $-1 $1653 -0.0003110920512080092 $1684 -1.1092051207953867e-05 $1645 $1697 forward @7 unknown #
-1683 straight-curve $-1 -1 $-1 0.73890794879199995 7.9993791538696124e-15 -1.1500000000000372 -1000 -0 -0 I I #
-1684 vertex $-1 -1 $-1 $1647 $1698 #
-1685 straight-curve $-1 -1 $-1 0.74999999999997602 0.30000000000004112 -0.75000000000001732 301.51134457778181 -904.53403373334447 -301.5113445775844 I I #
-1686 straight-curve $-1 -1 $-1 0.83890794879200004 0 -0.84999999999995302 1000 0 0 I I #
-1687 point $-1 -1 $-1 0.84999999999995912 7.0752469576663693e-15 -1.1500000000000092 #
-1688 rgb_color-st-attrib $-1 -1 $-1 $1660 $1599 0.98039215686274506 0.62745098039215685 0 #
-1689 edge $-1 -1 $-1 $1672 -0.0003110920512080092 $1691 -1.1092051207953757e-05 $1664 $1699 forward @7 unknown #
-1690 straight-curve $-1 -1 $-1 1.2610920512079999 8.0044613515531382e-15 1.1500000000000372 1000 0 0 I I #
-1691 vertex $-1 -1 $-1 $1666 $1700 #
-1692 straight-curve $-1 -1 $-1 1.25000000000002 0.30000000000004023 0.75000000000001765 -301.51134457778033 -904.53403373334515 301.51134457758457 I I #
-1693 straight-curve $-1 -1 $-1 1.1610920512080001 0 0.84999999999995302 -1000 0 0 I I #
-1694 point $-1 -1 $-1 1.1500000000000403 7.0011700762792209e-15 1.1500000000000092 #
-1695 straight-curve $-1 -1 $-1 1.1500000000000401 0 2.8389079487920004 -0 -0 -1000 I I #
-1696 point $-1 -1 $-1 1.1500000000000306 2.4919170287254905e-14 2.8499999999999521 #
-1697 straight-curve $-1 -1 $-1 0.84999999999995912 0 -0.83890794879200004 0 0 1000 I I #
-1698 point $-1 -1 $-1 0.849999999999968 2.4422885983159094e-14 -0.8499999999999539 #
-1699 straight-curve $-1 -1 $-1 1.1500000000000401 0 0.83890794879200004 -0 -0 -1000 I I #
-1700 point $-1 -1 $-1 1.1500000000000303 2.4390005704206594e-14 0.84999999999995379 #
End-of-ACIS-data 