700 0 4 0           
15 SolidWorks 2022 14 ACIS 27.0.2 NT 24 Fri Feb  6 11:50:27 2026 
1 9.9999999999999995e-07 1e-10 
-0 body $4 -1 $-1 $5 $-1 $-1 #
-1 body $6 -1 $-1 $7 $-1 $-1 #
-2 body $8 -1 $-1 $9 $-1 $-1 #
-3 body $10 -1 $-1 $11 $-1 $-1 #
-4 name_attrib-gen-attrib $-1 -1 $-1 $-1 $0 keep keep_kept ignore copy @6 PLS2-1 #
-5 lump $12 -1 $-1 $-1 $13 $0 #
-6 name_attrib-gen-attrib $-1 -1 $-1 $-1 $1 keep keep_kept ignore copy @8 PLS2-1_1 #
-7 lump $14 -1 $-1 $-1 $15 $1 #
-8 name_attrib-gen-attrib $-1 -1 $-1 $-1 $2 keep keep_kept ignore copy @8 PLS2-1_2 #
-9 lump $16 -1 $-1 $-1 $17 $2 #
-10 name_attrib-gen-attrib $-1 -1 $-1 $-1 $3 keep keep_kept ignore copy @8 PLS2-1_3 #
-11 lump $18 -1 $-1 $-1 $19 $3 #
-12 rgb_color-st-attrib $-1 -1 $-1 $-1 $5 0.98039215686274506 0.62745098039215685 0 #
-13 shell $-1 -1 $-1 $-1 $-1 $20 $-1 $5 #
-14 rgb_color-st-attrib $-1 -1 $-1 $-1 $7 0.98039215686274506 0.62745098039215685 0 #
-15 shell $-1 -1 $-1 $-1 $-1 $21 $-1 $7 #
-16 rgb_color-st-attrib $-1 -1 $-1 $-1 $9 0.98039215686274506 0.62745098039215685 0 #
-17 shell $-1 -1 $-1 $-1 $-1 $22 $-1 $9 #
-18 rgb_color-st-attrib $-1 -1 $-1 $-1 $11 0.98039215686274506 0.62745098039215685 0 #
-19 shell $-1 -1 $-1 $-1 $-1 $23 $-1 $11 #
-20 face $24 -1 $-1 $25 $26 $13 $-1 $27 forward single #
-21 face $28 -1 $-1 $29 $30 $15 $-1 $31 forward single #
-22 face $32 -1 $-1 $33 $34 $17 $-1 $35 forward single #
-23 face $36 -1 $-1 $37 $38 $19 $-1 $39 forward single #
-24 integer_attrib-name_attrib-gen-attrib $-1 -1 $40 $-1 $20 copy keep_kept ignore copy @9 Imported1 0 #
-25 face $41 -1 $-1 $42 $43 $13 $-1 $44 forward single #
-26 loop $-1 -1 $-1 $45 $46 $20 #
-27 plane-surface $-1 -1 $-1 -0.040000000000000001 4.7999999999999998 0.040000000000000001 0 1 0 1000 0 0 forward_v I I I I #
-28 integer_attrib-name_attrib-gen-attrib $-1 -1 $47 $-1 $21 copy keep_kept ignore copy @9 Imported1 0 #
-29 face $48 -1 $-1 $49 $50 $15 $-1 $51 forward single #
-30 loop $-1 -1 $-1 $52 $53 $21 #
-31 plane-surface $-1 -1 $-1 2.04 4.7999999999999998 -0.040000000000000001 0 1 0 -1000 0 0 forward_v I I I I #
-32 integer_attrib-name_attrib-gen-attrib $-1 -1 $54 $-1 $22 copy keep_kept ignore copy @9 Imported1 0 #
-33 face $55 -1 $-1 $56 $57 $17 $-1 $58 forward single #
-34 loop $-1 -1 $-1 $59 $60 $22 #
-35 plane-surface $-1 -1 $-1 2.04 4.7999999999999998 1.96 0 1 0 -1000 0 0 forward_v I I I I #
-36 integer_attrib-name_attrib-gen-attrib $-1 -1 $61 $-1 $23 copy keep_kept ignore copy @9 Imported1 0 #
-37 face $62 -1 $-1 $63 $64 $19 $-1 $65 forward single #
-38 loop $-1 -1 $-1 $66 $67 $23 #
-39 plane-surface $-1 -1 $-1 2.04 4.7999999999999998 3.96 0 1 0 -1000 0 0 forward_v I I I I #
-40 rgb_color-st-attrib $-1 -1 $-1 $24 $20 0.15686274509803921 0.1803921568627451 0.16862745098039217 #
-41 integer_attrib-name_attrib-gen-attrib $-1 -1 $-1 $-1 $25 copy keep_kept ignore copy @9 Imported1 0 #
-42 face $68 -1 $-1 $69 $70 $13 $-1 $71 forward single #
-43 loop $-1 -1 $-1 $-1 $72 $25 #
-44 plane-surface $-1 -1 $-1 0.73890794879200017 4.726 -0.75 0 0 1 1000 0 0 forward_v I I I I #
-45 loop $-1 -1 $-1 $-1 $73 $20 #
-46 coedge $-1 -1 $-1 $74 $75 $76 $77 reversed $26 $-1 #
-47 rgb_color-st-attrib $-1 -1 $-1 $28 $21 0.15686274509803921 0.1803921568627451 0.16862745098039217 #
-48 integer_attrib-name_attrib-gen-attrib $-1 -1 $-1 $-1 $29 copy keep_kept ignore copy @9 Imported1 0 #
-49 face $78 -1 $-1 $79 $80 $15 $-1 $81 forward single #
-50 loop $-1 -1 $-1 $-1 $82 $29 #
-51 plane-surface $-1 -1 $-1 1.2610920512079999 4.726 0.75 0 0 -1 -1000 0 0 forward_v I I I I #
-52 loop $-1 -1 $-1 $-1 $83 $21 #
-53 coedge $-1 -1 $-1 $84 $85 $86 $87 reversed $30 $-1 #
-54 rgb_color-st-attrib $-1 -1 $-1 $32 $22 0.15686274509803921 0.1803921568627451 0.16862745098039217 #
-55 integer_attrib-name_attrib-gen-attrib $-1 -1 $-1 $-1 $33 copy keep_kept ignore copy @9 Imported1 0 #
-56 face $88 -1 $-1 $89 $90 $17 $-1 $91 forward single #
-57 loop $-1 -1 $-1 $-1 $92 $33 #
-58 plane-surface $-1 -1 $-1 1.2610920512079999 4.726 2.75 0 0 -1 -1000 0 0 forward_v I I I I #
-59 loop $-1 -1 $-1 $-1 $93 $22 #
-60 coedge $-1 -1 $-1 $94 $95 $96 $97 reversed $34 $-1 #
-61 rgb_color-st-attrib $-1 -1 $-1 $36 $23 0.15686274509803921 0.1803921568627451 0.16862745098039217 #
-62 integer_attrib-name_attrib-gen-attrib $-1 -1 $-1 $-1 $37 copy keep_kept ignore copy @9 Imported1 0 #
-63 face $98 -1 $-1 $99 $100 $19 $-1 $101 forward single #
-64 loop $-1 -1 $-1 $-1 $102 $37 #
-65 plane-surface $-1 -1 $-1 1.2610920512079999 4.726 4.75 0 0 -1 -1000 0 0 forward_v I I I I #
-66 loop $-1 -1 $-1 $-1 $103 $23 #
-67 coedge $-1 -1 $-1 $104 $105 $106 $107 reversed $38 $-1 #
-68 integer_attrib-name_attrib-gen-attrib $-1 -1 $108 $-1 $42 copy keep_kept ignore copy @9 Imported1 0 #
-69 face $109 -1 $-1 $110 $111 $13 $-1 $112 forward single #
-70 loop $-1 -1 $-1 $-1 $113 $42 #
-71 plane-surface $-1 -1 $-1 0 2.7600000000000002 -1.8320000000000001 -1 0 0 0 0 1000 forward_v I I I I #
-72 coedge $-1 -1 $-1 $114 $115 $74 $116 reversed $43 $-1 #
-73 coedge $-1 -1 $-1 $117 $118 $119 $120 reversed $45 $-1 #
-74 coedge $-1 -1 $-1 $121 $46 $72 $116 forward $26 $-1 #
-75 coedge $-1 -1 $-1 $46 $121 $122 $123 reversed $26 $-1 #
-76 coedge $-1 -1 $-1 $124 $125 $46 $77 forward $111 $-1 #
-77 edge $-1 -1 $-1 $126 -0.00025000000000001952 $127 0.00024999999999999979 $76 $128 forward @7 unknown #
-78 integer_attrib-name_attrib-gen-attrib $-1 -1 $129 $-1 $49 copy keep_kept ignore copy @9 Imported1 0 #
-79 face $130 -1 $-1 $131 $132 $15 $-1 $133 forward single #
-80 loop $-1 -1 $-1 $-1 $134 $49 #
-81 plane-surface $-1 -1 $-1 2 2.7600000000000002 1.8320000000000001 1 0 0 0 0 -1000 forward_v I I I I #
-82 coedge $-1 -1 $-1 $135 $136 $84 $137 reversed $50 $-1 #
-83 coedge $-1 -1 $-1 $138 $139 $140 $141 reversed $52 $-1 #
-84 coedge $-1 -1 $-1 $142 $53 $82 $137 forward $30 $-1 #
-85 coedge $-1 -1 $-1 $53 $142 $143 $144 reversed $30 $-1 #
-86 coedge $-1 -1 $-1 $145 $146 $53 $87 forward $132 $-1 #
-87 edge $-1 -1 $-1 $147 -0.00025000000000001952 $148 0.00024999999999999979 $86 $149 forward @7 unknown #
-88 integer_attrib-name_attrib-gen-attrib $-1 -1 $150 $-1 $56 copy keep_kept ignore copy @9 Imported1 0 #
-89 face $151 -1 $-1 $152 $153 $17 $-1 $154 forward single #
-90 loop $-1 -1 $-1 $-1 $155 $56 #
-91 plane-surface $-1 -1 $-1 2 2.7600000000000002 3.8319999999999994 1 0 0 0 0 -1000 forward_v I I I I #
-92 coedge $-1 -1 $-1 $156 $157 $94 $158 reversed $57 $-1 #
-93 coedge $-1 -1 $-1 $159 $160 $161 $162 reversed $59 $-1 #
-94 coedge $-1 -1 $-1 $163 $60 $92 $158 forward $34 $-1 #
-95 coedge $-1 -1 $-1 $60 $163 $164 $165 reversed $34 $-1 #
-96 coedge $-1 -1 $-1 $166 $167 $60 $97 forward $153 $-1 #
-97 edge $-1 -1 $-1 $168 -0.00025000000000001909 $169 0.00025000000000000044 $96 $170 forward @7 unknown #
-98 integer_attrib-name_attrib-gen-attrib $-1 -1 $171 $-1 $63 copy keep_kept ignore copy @9 Imported1 0 #
-99 face $172 -1 $-1 $173 $174 $19 $-1 $175 forward single #
-100 loop $-1 -1 $-1 $-1 $176 $63 #
-101 plane-surface $-1 -1 $-1 2 2.7600000000000002 5.8320000000000007 1 0 0 0 0 -1000 forward_v I I I I #
-102 coedge $-1 -1 $-1 $177 $178 $104 $179 reversed $64 $-1 #
-103 coedge $-1 -1 $-1 $180 $181 $182 $183 reversed $66 $-1 #
-104 coedge $-1 -1 $-1 $184 $67 $102 $179 forward $38 $-1 #
-105 coedge $-1 -1 $-1 $67 $184 $185 $186 reversed $38 $-1 #
-106 coedge $-1 -1 $-1 $187 $188 $67 $107 forward $174 $-1 #
-107 edge $-1 -1 $-1 $189 -0.00025000000000002044 $190 0.00024999999999999914 $106 $191 forward @7 unknown #
-108 rgb_color-st-attrib $-1 -1 $-1 $68 $42 0.15686274509803921 0.1803921568627451 0.16862745098039217 #
-109 integer_attrib-name_attrib-gen-attrib $-1 -1 $-1 $-1 $69 copy keep_kept ignore copy @9 Imported1 0 #
-110 face $192 -1 $-1 $193 $194 $13 $-1 $195 forward single #
-111 loop $-1 -1 $-1 $-1 $76 $69 #
-112 plane-surface $-1 -1 $-1 1.25 4.726 -0.73890794879200017 1 0 0 0 0 -1000 forward_v I I I I #
-113 coedge $-1 -1 $-1 $196 $197 $198 $199 forward $70 $-1 #
-114 coedge $-1 -1 $-1 $200 $72 $125 $201 forward $43 $-1 #
-115 coedge $-1 -1 $-1 $72 $200 $202 $203 forward $43 $-1 #
-116 edge $-1 -1 $-1 $126 -0.00024999999999999979 $204 0.00025000000000000976 $74 $205 forward @7 unknown #
-117 coedge $-1 -1 $-1 $206 $73 $197 $207 forward $45 $-1 #
-118 coedge $-1 -1 $-1 $73 $208 $209 $210 reversed $45 $-1 #
-119 coedge $-1 -1 $-1 $211 $198 $73 $120 forward $212 $-1 #
-120 edge $-1 -1 $-1 $213 -0.00014142135623714818 $214 0.00014142135623723478 $119 $215 forward @7 unknown #
-121 coedge $-1 -1 $-1 $75 $74 $216 $217 reversed $26 $-1 #
-122 coedge $-1 -1 $-1 $218 $219 $75 $123 forward $220 $-1 #
-123 edge $-1 -1 $-1 $127 -0.00025000000000000976 $221 0.00024999999999999957 $122 $222 forward @7 unknown #
-124 coedge $-1 -1 $-1 $223 $76 $219 $224 forward $111 $-1 #
-125 coedge $-1 -1 $-1 $76 $223 $114 $201 reversed $111 $-1 #
-126 vertex $-1 -1 $-1 $77 $225 #
-127 vertex $-1 -1 $-1 $123 $226 #
-128 straight-curve $-1 -1 $-1 1.25 4.7999999999999998 -1 0 0 -1000 I I #
-129 rgb_color-st-attrib $-1 -1 $-1 $78 $49 0.15686274509803921 0.1803921568627451 0.16862745098039217 #
-130 integer_attrib-name_attrib-gen-attrib $-1 -1 $-1 $-1 $79 copy keep_kept ignore copy @9 Imported1 0 #
-131 face $227 -1 $-1 $228 $229 $15 $-1 $230 forward single #
-132 loop $-1 -1 $-1 $-1 $86 $79 #
-133 plane-surface $-1 -1 $-1 0.75 4.726 0.73890794879200017 -1 0 0 0 0 1000 forward_v I I I I #
-134 coedge $-1 -1 $-1 $231 $232 $233 $234 forward $80 $-1 #
-135 coedge $-1 -1 $-1 $235 $82 $146 $236 forward $50 $-1 #
-136 coedge $-1 -1 $-1 $82 $235 $237 $238 forward $50 $-1 #
-137 edge $-1 -1 $-1 $147 -0.00024999999999999979 $239 0.00025000000000000976 $84 $240 forward @7 unknown #
-138 coedge $-1 -1 $-1 $241 $83 $232 $242 forward $52 $-1 #
-139 coedge $-1 -1 $-1 $83 $243 $244 $245 reversed $52 $-1 #
-140 coedge $-1 -1 $-1 $246 $233 $83 $141 forward $247 $-1 #
-141 edge $-1 -1 $-1 $248 -0.00014142135623701726 $249 0.00014142135623716328 $140 $250 forward @7 unknown #
-142 coedge $-1 -1 $-1 $85 $84 $251 $252 reversed $30 $-1 #
-143 coedge $-1 -1 $-1 $253 $254 $85 $144 forward $255 $-1 #
-144 edge $-1 -1 $-1 $148 -0.00025000000000000976 $256 0.00024999999999999957 $143 $257 forward @7 unknown #
-145 coedge $-1 -1 $-1 $258 $86 $254 $259 forward $132 $-1 #
-146 coedge $-1 -1 $-1 $86 $258 $135 $236 reversed $132 $-1 #
-147 vertex $-1 -1 $-1 $87 $260 #
-148 vertex $-1 -1 $-1 $144 $261 #
-149 straight-curve $-1 -1 $-1 0.75 4.7999999999999998 1 0 0 1000 I I #
-150 rgb_color-st-attrib $-1 -1 $-1 $88 $56 0.15686274509803921 0.1803921568627451 0.16862745098039217 #
-151 integer_attrib-name_attrib-gen-attrib $-1 -1 $-1 $-1 $89 copy keep_kept ignore copy @9 Imported1 0 #
-152 face $262 -1 $-1 $263 $264 $17 $-1 $265 forward single #
-153 loop $-1 -1 $-1 $-1 $96 $89 #
-154 plane-surface $-1 -1 $-1 0.75 4.726 2.7389079487920007 -1 0 0 0 0 1000 forward_v I I I I #
-155 coedge $-1 -1 $-1 $266 $267 $268 $269 forward $90 $-1 #
-156 coedge $-1 -1 $-1 $270 $92 $167 $271 forward $57 $-1 #
-157 coedge $-1 -1 $-1 $92 $270 $272 $273 forward $57 $-1 #
-158 edge $-1 -1 $-1 $168 -0.00024999999999999979 $274 0.00025000000000000976 $94 $275 forward @7 unknown #
-159 coedge $-1 -1 $-1 $276 $93 $267 $277 forward $59 $-1 #
-160 coedge $-1 -1 $-1 $93 $278 $279 $280 reversed $59 $-1 #
-161 coedge $-1 -1 $-1 $281 $268 $93 $162 forward $282 $-1 #
-162 edge $-1 -1 $-1 $283 -0.0001414213562370171 $284 0.00014142135623716328 $161 $285 forward @7 unknown #
-163 coedge $-1 -1 $-1 $95 $94 $286 $287 reversed $34 $-1 #
-164 coedge $-1 -1 $-1 $288 $289 $95 $165 forward $290 $-1 #
-165 edge $-1 -1 $-1 $169 -0.00025000000000000976 $291 0.00024999999999999957 $164 $292 forward @7 unknown #
-166 coedge $-1 -1 $-1 $293 $96 $289 $294 forward $153 $-1 #
-167 coedge $-1 -1 $-1 $96 $293 $156 $271 reversed $153 $-1 #
-168 vertex $-1 -1 $-1 $97 $295 #
-169 vertex $-1 -1 $-1 $165 $296 #
-170 straight-curve $-1 -1 $-1 0.75 4.7999999999999998 3 0 0 1000 I I #
-171 rgb_color-st-attrib $-1 -1 $-1 $98 $63 0.15686274509803921 0.1803921568627451 0.16862745098039217 #
-172 integer_attrib-name_attrib-gen-attrib $-1 -1 $-1 $-1 $99 copy keep_kept ignore copy @9 Imported1 0 #
-173 face $297 -1 $-1 $298 $299 $19 $-1 $300 forward single #
-174 loop $-1 -1 $-1 $-1 $106 $99 #
-175 plane-surface $-1 -1 $-1 0.75 4.726 4.7389079487920007 -1 0 0 0 0 1000 forward_v I I I I #
-176 coedge $-1 -1 $-1 $301 $302 $303 $304 forward $100 $-1 #
-177 coedge $-1 -1 $-1 $305 $102 $188 $306 forward $64 $-1 #
-178 coedge $-1 -1 $-1 $102 $305 $307 $308 forward $64 $-1 #
-179 edge $-1 -1 $-1 $189 -0.00024999999999999979 $309 0.00025000000000000976 $104 $310 forward @7 unknown #
-180 coedge $-1 -1 $-1 $311 $103 $302 $312 forward $66 $-1 #
-181 coedge $-1 -1 $-1 $103 $313 $314 $315 reversed $66 $-1 #
-182 coedge $-1 -1 $-1 $316 $303 $103 $183 forward $317 $-1 #
-183 edge $-1 -1 $-1 $318 -0.00014142135623701618 $319 0.00014142135623716404 $182 $320 forward @7 unknown #
-184 coedge $-1 -1 $-1 $105 $104 $321 $322 reversed $38 $-1 #
-185 coedge $-1 -1 $-1 $323 $324 $105 $186 forward $325 $-1 #
-186 edge $-1 -1 $-1 $190 -0.00025000000000000976 $326 0.00024999999999999957 $185 $327 forward @7 unknown #
-187 coedge $-1 -1 $-1 $328 $106 $324 $329 forward $174 $-1 #
-188 coedge $-1 -1 $-1 $106 $328 $177 $306 reversed $174 $-1 #
-189 vertex $-1 -1 $-1 $107 $330 #
-190 vertex $-1 -1 $-1 $186 $331 #
-191 straight-curve $-1 -1 $-1 0.75 4.7999999999999998 5 0 0 1000 I I #
-192 integer_attrib-name_attrib-gen-attrib $-1 -1 $-1 $-1 $110 copy keep_kept ignore copy @9 Imported1 0 #
-193 face $332 -1 $-1 $333 $334 $13 $-1 $335 forward single #
-194 loop $-1 -1 $-1 $-1 $216 $110 #
-195 plane-surface $-1 -1 $-1 0.75 4.726 -1.2610920512079999 -1 0 0 0 0 1000 forward_v I I I I #
-196 coedge $-1 -1 $-1 $336 $113 $337 $338 forward $70 $-1 #
-197 coedge $-1 -1 $-1 $113 $336 $117 $207 reversed $70 $-1 #
-198 coedge $-1 -1 $-1 $119 $339 $113 $199 reversed $212 $-1 #
-199 edge $-1 -1 $-1 $213 -0.00099999999999999915 $340 0.001 $113 $341 forward @7 unknown #
-200 coedge $-1 -1 $-1 $115 $114 $342 $343 forward $43 $-1 #
-201 edge $-1 -1 $-1 $126 -0.0018499999999999996 $344 0.0018500000000000395 $114 $345 forward @7 unknown #
-202 coedge $-1 -1 $-1 $346 $216 $115 $203 reversed $194 $-1 #
-203 edge $-1 -1 $-1 $347 -0.0018500000000000005 $204 0.0018499999999999996 $115 $348 forward @7 unknown #
-204 vertex $-1 -1 $-1 $217 $349 #
-205 straight-curve $-1 -1 $-1 1 4.7999999999999998 -0.75 -1000 -0 -0 I I #
-206 coedge $-1 -1 $-1 $350 $117 $351 $352 reversed $45 $-1 #
-207 edge $-1 -1 $-1 $213 -0.0008000000000002068 $353 0.00080000000000002151 $117 $354 forward @7 unknown #
-208 coedge $-1 -1 $-1 $118 $355 $356 $357 reversed $45 $-1 #
-209 coedge $-1 -1 $-1 $358 $359 $118 $210 forward $360 $-1 #
-210 edge $-1 -1 $-1 $214 -0.00080000000000001066 $361 0.00080000000000010347 $209 $362 forward @7 unknown #
-211 coedge $-1 -1 $-1 $339 $119 $359 $363 forward $212 $-1 #
-212 loop $-1 -1 $-1 $-1 $119 $333 #
-213 vertex $-1 -1 $-1 $120 $364 #
-214 vertex $-1 -1 $-1 $210 $365 #
-215 straight-curve $-1 -1 $-1 0.099999999999991512 4.7999999999999998 -1.9000000000000001 707.10678118788712 0 -707.10678118520786 I I #
-216 coedge $-1 -1 $-1 $202 $366 $121 $217 forward $194 $-1 #
-217 edge $-1 -1 $-1 $221 -0.00025000000000000976 $204 0.00024999999999999957 $216 $367 forward @7 unknown #
-218 coedge $-1 -1 $-1 $368 $122 $366 $369 reversed $220 $-1 #
-219 coedge $-1 -1 $-1 $122 $368 $124 $224 reversed $220 $-1 #
-220 loop $-1 -1 $-1 $-1 $122 $370 #
-221 vertex $-1 -1 $-1 $123 $371 #
-222 straight-curve $-1 -1 $-1 1 4.7999999999999998 -1.25 -1000 0 0 I I #
-223 coedge $-1 -1 $-1 $125 $124 $372 $373 forward $111 $-1 #
-224 edge $-1 -1 $-1 $127 -0.0018499999999999996 $374 0.0018500000000000378 $124 $375 forward @7 unknown #
-225 point $-1 -1 $-1 1.2499999999999998 4.7999999999999998 -0.74999999999998046 #
-226 point $-1 -1 $-1 1.2500000000000098 4.7999999999999998 -1.2499999999999998 #
-227 integer_attrib-name_attrib-gen-attrib $-1 -1 $-1 $-1 $131 copy keep_kept ignore copy @9 Imported1 0 #
-228 face $376 -1 $-1 $377 $378 $15 $-1 $379 forward single #
-229 loop $-1 -1 $-1 $-1 $251 $131 #
-230 plane-surface $-1 -1 $-1 1.25 4.726 1.2610920512079999 1 0 0 0 0 -1000 forward_v I I I I #
-231 coedge $-1 -1 $-1 $380 $134 $381 $382 forward $80 $-1 #
-232 coedge $-1 -1 $-1 $134 $380 $138 $242 reversed $80 $-1 #
-233 coedge $-1 -1 $-1 $140 $383 $134 $234 reversed $247 $-1 #
-234 edge $-1 -1 $-1 $248 -0.00099999999999999915 $384 0.00099999999999999959 $134 $385 forward @7 unknown #
-235 coedge $-1 -1 $-1 $136 $135 $386 $387 forward $50 $-1 #
-236 edge $-1 -1 $-1 $147 -0.0018499999999999996 $388 0.0018500000000000395 $135 $389 forward @7 unknown #
-237 coedge $-1 -1 $-1 $390 $251 $136 $238 reversed $229 $-1 #
-238 edge $-1 -1 $-1 $391 -0.0018500000000000005 $239 0.0018499999999999996 $136 $392 forward @7 unknown #
-239 vertex $-1 -1 $-1 $252 $393 #
-240 straight-curve $-1 -1 $-1 1 4.7999999999999998 0.75 1000 0 0 I I #
-241 coedge $-1 -1 $-1 $394 $138 $395 $396 reversed $52 $-1 #
-242 edge $-1 -1 $-1 $248 -0.0008000000000002068 $397 0.00080000000000002151 $138 $398 forward @7 unknown #
-243 coedge $-1 -1 $-1 $139 $399 $400 $401 reversed $52 $-1 #
-244 coedge $-1 -1 $-1 $402 $403 $139 $245 forward $404 $-1 #
-245 edge $-1 -1 $-1 $249 -0.00080000000000010347 $405 0.00080000000000001066 $244 $406 forward @7 unknown #
-246 coedge $-1 -1 $-1 $383 $140 $403 $407 forward $247 $-1 #
-247 loop $-1 -1 $-1 $-1 $140 $377 #
-248 vertex $-1 -1 $-1 $141 $408 #
-249 vertex $-1 -1 $-1 $245 $409 #
-250 straight-curve $-1 -1 $-1 1.9000000000000001 4.7999999999999998 1.9000000000000001 -707.10678118654755 0 707.10678118654755 I I #
-251 coedge $-1 -1 $-1 $237 $410 $142 $252 forward $229 $-1 #
-252 edge $-1 -1 $-1 $256 -0.00025000000000000976 $239 0.00024999999999999957 $251 $411 forward @7 unknown #
-253 coedge $-1 -1 $-1 $412 $143 $410 $413 reversed $255 $-1 #
-254 coedge $-1 -1 $-1 $143 $412 $145 $259 reversed $255 $-1 #
-255 loop $-1 -1 $-1 $-1 $143 $414 #
-256 vertex $-1 -1 $-1 $144 $415 #
-257 straight-curve $-1 -1 $-1 1 4.7999999999999998 1.25 1000 0 0 I I #
-258 coedge $-1 -1 $-1 $146 $145 $416 $417 forward $132 $-1 #
-259 edge $-1 -1 $-1 $148 -0.0018499999999999996 $418 0.0018500000000000395 $145 $419 forward @7 unknown #
-260 point $-1 -1 $-1 0.75000000000000022 4.7999999999999998 0.74999999999998046 #
-261 point $-1 -1 $-1 0.74999999999999023 4.7999999999999998 1.2499999999999998 #
-262 integer_attrib-name_attrib-gen-attrib $-1 -1 $-1 $-1 $152 copy keep_kept ignore copy @9 Imported1 0 #
-263 face $420 -1 $-1 $421 $422 $17 $-1 $423 forward single #
-264 loop $-1 -1 $-1 $-1 $286 $152 #
-265 plane-surface $-1 -1 $-1 1.25 4.726 3.2610920512080002 1 0 0 0 0 -1000 forward_v I I I I #
-266 coedge $-1 -1 $-1 $424 $155 $425 $426 forward $90 $-1 #
-267 coedge $-1 -1 $-1 $155 $424 $159 $277 reversed $90 $-1 #
-268 coedge $-1 -1 $-1 $161 $427 $155 $269 reversed $282 $-1 #
-269 edge $-1 -1 $-1 $283 -0.00099999999999999915 $428 0.0010000000000000005 $155 $429 forward @7 unknown #
-270 coedge $-1 -1 $-1 $157 $156 $430 $431 forward $57 $-1 #
-271 edge $-1 -1 $-1 $168 -0.0018499999999999996 $432 0.0018500000000000395 $156 $433 forward @7 unknown #
-272 coedge $-1 -1 $-1 $434 $286 $157 $273 reversed $264 $-1 #
-273 edge $-1 -1 $-1 $435 -0.0018500000000000005 $274 0.0018499999999999996 $157 $436 forward @7 unknown #
-274 vertex $-1 -1 $-1 $287 $437 #
-275 straight-curve $-1 -1 $-1 1 4.7999999999999998 2.75 1000 0 0 I I #
-276 coedge $-1 -1 $-1 $438 $159 $439 $440 reversed $59 $-1 #
-277 edge $-1 -1 $-1 $283 -0.00080000000000020636 $441 0.0008000000000002068 $159 $442 forward @7 unknown #
-278 coedge $-1 -1 $-1 $160 $443 $444 $445 reversed $59 $-1 #
-279 coedge $-1 -1 $-1 $446 $447 $160 $280 forward $448 $-1 #
-280 edge $-1 -1 $-1 $284 -0.00080000000000010347 $449 0.00080000000000001066 $279 $450 forward @7 unknown #
-281 coedge $-1 -1 $-1 $427 $161 $447 $451 forward $282 $-1 #
-282 loop $-1 -1 $-1 $-1 $161 $421 #
-283 vertex $-1 -1 $-1 $162 $452 #
-284 vertex $-1 -1 $-1 $280 $453 #
-285 straight-curve $-1 -1 $-1 1.9000000000000001 4.7999999999999998 3.8999999999999995 -707.10678118654937 0 707.10678118654585 I I #
-286 coedge $-1 -1 $-1 $272 $454 $163 $287 forward $264 $-1 #
-287 edge $-1 -1 $-1 $291 -0.00025000000000000976 $274 0.00024999999999999914 $286 $455 forward @7 unknown #
-288 coedge $-1 -1 $-1 $456 $164 $454 $457 reversed $290 $-1 #
-289 coedge $-1 -1 $-1 $164 $456 $166 $294 reversed $290 $-1 #
-290 loop $-1 -1 $-1 $-1 $164 $458 #
-291 vertex $-1 -1 $-1 $165 $459 #
-292 straight-curve $-1 -1 $-1 1 4.7999999999999998 3.2500000000000004 1000 0 0 I I #
-293 coedge $-1 -1 $-1 $167 $166 $460 $461 forward $153 $-1 #
-294 edge $-1 -1 $-1 $169 -0.0018499999999999996 $462 0.0018500000000000395 $166 $463 forward @7 unknown #
-295 point $-1 -1 $-1 0.75000000000000022 4.7999999999999998 2.7499999999999809 #
-296 point $-1 -1 $-1 0.74999999999999023 4.7999999999999998 3.2500000000000004 #
-297 integer_attrib-name_attrib-gen-attrib $-1 -1 $-1 $-1 $173 copy keep_kept ignore copy @9 Imported1 0 #
-298 face $464 -1 $-1 $465 $466 $19 $-1 $467 forward single #
-299 loop $-1 -1 $-1 $-1 $321 $173 #
-300 plane-surface $-1 -1 $-1 1.25 4.726 5.2610920512080002 1 0 0 0 0 -1000 forward_v I I I I #
-301 coedge $-1 -1 $-1 $468 $176 $469 $470 forward $100 $-1 #
-302 coedge $-1 -1 $-1 $176 $468 $180 $312 reversed $100 $-1 #
-303 coedge $-1 -1 $-1 $182 $471 $176 $304 reversed $317 $-1 #
-304 edge $-1 -1 $-1 $318 -0.00099999999999999915 $472 0.0010000000000000005 $176 $473 forward @7 unknown #
-305 coedge $-1 -1 $-1 $178 $177 $474 $475 forward $64 $-1 #
-306 edge $-1 -1 $-1 $189 -0.0018499999999999996 $476 0.0018500000000000361 $177 $477 forward @7 unknown #
-307 coedge $-1 -1 $-1 $478 $321 $178 $308 reversed $299 $-1 #
-308 edge $-1 -1 $-1 $479 -0.0018500000000000005 $309 0.0018499999999999996 $178 $480 forward @7 unknown #
-309 vertex $-1 -1 $-1 $322 $481 #
-310 straight-curve $-1 -1 $-1 1 4.7999999999999998 4.75 1000 0 0 I I #
-311 coedge $-1 -1 $-1 $482 $180 $483 $484 reversed $66 $-1 #
-312 edge $-1 -1 $-1 $318 -0.0008000000000002068 $485 0.00080000000000020766 $180 $486 forward @7 unknown #
-313 coedge $-1 -1 $-1 $181 $487 $488 $489 reversed $66 $-1 #
-314 coedge $-1 -1 $-1 $490 $491 $181 $315 forward $492 $-1 #
-315 edge $-1 -1 $-1 $319 -0.00080000000000010325 $493 0.00080000000000001066 $314 $494 forward @7 unknown #
-316 coedge $-1 -1 $-1 $471 $182 $491 $495 forward $317 $-1 #
-317 loop $-1 -1 $-1 $-1 $182 $465 #
-318 vertex $-1 -1 $-1 $183 $496 #
-319 vertex $-1 -1 $-1 $315 $497 #
-320 straight-curve $-1 -1 $-1 1.9000000000000001 4.7999999999999998 5.8999999999999986 -707.10678118654937 0 707.10678118654585 I I #
-321 coedge $-1 -1 $-1 $307 $498 $184 $322 forward $299 $-1 #
-322 edge $-1 -1 $-1 $326 -0.00025000000000000976 $309 0.00024999999999999914 $321 $499 forward @7 unknown #
-323 coedge $-1 -1 $-1 $500 $185 $498 $501 reversed $325 $-1 #
-324 coedge $-1 -1 $-1 $185 $500 $187 $329 reversed $325 $-1 #
-325 loop $-1 -1 $-1 $-1 $185 $502 #
-326 vertex $-1 -1 $-1 $186 $503 #
-327 straight-curve $-1 -1 $-1 1 4.7999999999999998 5.25 1000 0 0 I I #
-328 coedge $-1 -1 $-1 $188 $187 $504 $505 forward $174 $-1 #
-329 edge $-1 -1 $-1 $190 -0.0018499999999999996 $506 0.0018500000000000395 $187 $507 forward @7 unknown #
-330 point $-1 -1 $-1 0.75000000000000022 4.7999999999999998 4.7499999999999796 #
-331 point $-1 -1 $-1 0.74999999999999023 4.7999999999999998 5.2499999999999991 #
-332 integer_attrib-name_attrib-gen-attrib $-1 -1 $-1 $-1 $193 copy keep_kept ignore copy @9 Imported1 0 #
-333 face $508 -1 $-1 $509 $212 $13 $-1 $510 forward single #
-334 loop $-1 -1 $-1 $-1 $511 $193 #
-335 plane-surface $-1 -1 $-1 0.73890794879200017 8.8105228437220013 -0.85350761457400004 0 0.31622776601683811 0.94868329805051377 0 -948.68329805051371 316.22776601683813 forward_v I I I I #
-336 coedge $-1 -1 $-1 $197 $196 $512 $513 forward $70 $-1 #
-337 coedge $-1 -1 $-1 $514 $515 $196 $338 reversed $516 $-1 #
-338 edge $-1 -1 $-1 $340 -0.00080000000000019389 $517 0.00080000000000000871 $196 $518 forward @7 unknown #
-339 coedge $-1 -1 $-1 $198 $211 $514 $519 forward $212 $-1 #
-340 vertex $-1 -1 $-1 $519 $520 #
-341 straight-curve $-1 -1 $-1 0 3.7999999999999998 -1.8000000000000003 -0 -1000 -0 I I #
-342 coedge $-1 -1 $-1 $521 $522 $200 $343 reversed $334 $-1 #
-343 edge $-1 -1 $-1 $344 -0.00025000000000002977 $347 0.00025000000000002386 $200 $523 forward @7 unknown #
-344 vertex $-1 -1 $-1 $524 $525 #
-345 straight-curve $-1 -1 $-1 1.2499999999999991 6.6499999999999995 -0.75 0 1000 0 I I #
-346 coedge $-1 -1 $-1 $366 $202 $526 $527 forward $194 $-1 #
-347 vertex $-1 -1 $-1 $527 $528 #
-348 straight-curve $-1 -1 $-1 0.74999999999996103 6.6499999999999995 -0.75 -0 -1000 -0 I I #
-349 point $-1 -1 $-1 0.74999999999999023 4.7999999999999998 -0.75000000000000044 #
-350 coedge $-1 -1 $-1 $529 $206 $530 $531 reversed $45 $-1 #
-351 coedge $-1 -1 $-1 $512 $532 $206 $352 forward $533 $-1 #
-352 edge $-1 -1 $-1 $534 -0.00014142135623729728 $353 0.00014142135623728506 $351 $535 forward @7 unknown #
-353 vertex $-1 -1 $-1 $352 $536 #
-354 straight-curve $-1 -1 $-1 0 4.7999999999999989 -1 0 0 1000 I I #
-355 coedge $-1 -1 $-1 $208 $529 $537 $538 reversed $45 $-1 #
-356 coedge $-1 -1 $-1 $539 $540 $208 $357 forward $541 $-1 #
-357 edge $-1 -1 $-1 $361 -0.00014142135623716328 $542 0.00014142135623716328 $356 $543 forward @7 unknown #
-358 coedge $-1 -1 $-1 $544 $209 $540 $545 forward $360 $-1 #
-359 coedge $-1 -1 $-1 $209 $546 $211 $363 reversed $360 $-1 #
-360 loop $-1 -1 $-1 $-1 $547 $548 #
-361 vertex $-1 -1 $-1 $357 $549 #
-362 straight-curve $-1 -1 $-1 1 4.7999999999999989 -2 1000 0 0 I I #
-363 edge $-1 -1 $-1 $214 -0.00099999999999999915 $550 0.0010000000000000005 $211 $551 forward @7 unknown #
-364 point $-1 -1 $-1 1.3023343322271681e-14 4.7999999999999989 -1.8000000000002068 #
-365 point $-1 -1 $-1 0.19999999999998924 4.7999999999999989 -1.9999999999998967 #
-366 coedge $-1 -1 $-1 $216 $346 $218 $369 forward $194 $-1 #
-367 straight-curve $-1 -1 $-1 0.75 4.7999999999999998 -1 0 0 1000 I I #
-368 coedge $-1 -1 $-1 $219 $218 $552 $553 forward $220 $-1 #
-369 edge $-1 -1 $-1 $554 -0.0018500000000000005 $221 0.0018499999999999996 $366 $555 forward @7 unknown #
-370 face $556 -1 $-1 $557 $220 $13 $-1 $558 forward single #
-371 point $-1 -1 $-1 0.75000000000000044 4.7999999999999998 -1.2500000000000098 #
-372 coedge $-1 -1 $-1 $559 $560 $223 $373 reversed $561 $-1 #
-373 edge $-1 -1 $-1 $374 -0.00025000000000002955 $344 0.00024999999999999388 $223 $562 forward @7 unknown #
-374 vertex $-1 -1 $-1 $563 $564 #
-375 straight-curve $-1 -1 $-1 1.25 6.6499999999999995 -1.2499999999999991 0 1000 0 I I #
-376 integer_attrib-name_attrib-gen-attrib $-1 -1 $-1 $-1 $228 copy keep_kept ignore copy @9 Imported1 0 #
-377 face $565 -1 $-1 $566 $247 $15 $-1 $567 forward single #
-378 loop $-1 -1 $-1 $-1 $568 $228 #
-379 plane-surface $-1 -1 $-1 1.2610920512079999 8.8105228437220013 0.85350761457400004 0 0.31622776601683811 -0.94868329805051377 0 -948.68329805051371 -316.22776601683813 forward_v I I I I #
-380 coedge $-1 -1 $-1 $232 $231 $569 $570 forward $80 $-1 #
-381 coedge $-1 -1 $-1 $571 $572 $231 $382 reversed $573 $-1 #
-382 edge $-1 -1 $-1 $384 -0.00080000000000000026 $574 0.00079999999999981486 $231 $575 forward @7 unknown #
-383 coedge $-1 -1 $-1 $233 $246 $571 $576 forward $247 $-1 #
-384 vertex $-1 -1 $-1 $576 $577 #
-385 straight-curve $-1 -1 $-1 2 3.7999999999999998 1.8000000000000003 -0 -1000 -0 I I #
-386 coedge $-1 -1 $-1 $578 $579 $235 $387 reversed $378 $-1 #
-387 edge $-1 -1 $-1 $388 -0.00025000000000002944 $391 0.00025000000000002418 $235 $580 forward @7 unknown #
-388 vertex $-1 -1 $-1 $581 $582 #
-389 straight-curve $-1 -1 $-1 0.75000000000000089 6.6499999999999995 0.75 0 1000 0 I I #
-390 coedge $-1 -1 $-1 $410 $237 $583 $584 forward $229 $-1 #
-391 vertex $-1 -1 $-1 $584 $585 #
-392 straight-curve $-1 -1 $-1 1.2500000000000391 6.6499999999999995 0.75 -0 -1000 -0 I I #
-393 point $-1 -1 $-1 1.2500000000000098 4.7999999999999998 0.75000000000000044 #
-394 coedge $-1 -1 $-1 $586 $241 $587 $588 reversed $52 $-1 #
-395 coedge $-1 -1 $-1 $569 $589 $241 $396 forward $590 $-1 #
-396 edge $-1 -1 $-1 $591 -0.00014142135623722578 $397 0.00014142135623715422 $395 $592 forward @7 unknown #
-397 vertex $-1 -1 $-1 $396 $593 #
-398 straight-curve $-1 -1 $-1 2 4.7999999999999989 1 -0 -0 -1000 I I #
-399 coedge $-1 -1 $-1 $243 $586 $594 $595 reversed $52 $-1 #
-400 coedge $-1 -1 $-1 $596 $597 $243 $401 forward $598 $-1 #
-401 edge $-1 -1 $-1 $405 -0.00014142135623723481 $599 0.00014142135623722573 $400 $600 forward @7 unknown #
-402 coedge $-1 -1 $-1 $601 $244 $597 $602 forward $404 $-1 #
-403 coedge $-1 -1 $-1 $244 $603 $246 $407 reversed $404 $-1 #
-404 loop $-1 -1 $-1 $-1 $604 $605 #
-405 vertex $-1 -1 $-1 $401 $606 #
-406 straight-curve $-1 -1 $-1 1 4.7999999999999989 2 -1000 -0 -0 I I #
-407 edge $-1 -1 $-1 $249 -0.00099999999999999915 $607 0.00099999999999999959 $246 $608 forward @7 unknown #
-408 point $-1 -1 $-1 1.9999999999997935 4.7999999999999989 1.8000000000002068 #
-409 point $-1 -1 $-1 1.8000000000001035 4.7999999999999989 1.9999999999998967 #
-410 coedge $-1 -1 $-1 $251 $390 $253 $413 forward $229 $-1 #
-411 straight-curve $-1 -1 $-1 1.25 4.7999999999999998 1 0 0 -1000 I I #
-412 coedge $-1 -1 $-1 $254 $253 $609 $610 forward $255 $-1 #
-413 edge $-1 -1 $-1 $611 -0.0018500000000000005 $256 0.0018499999999999996 $410 $612 forward @7 unknown #
-414 face $613 -1 $-1 $614 $255 $15 $-1 $615 forward single #
-415 point $-1 -1 $-1 1.2499999999999996 4.7999999999999998 1.2500000000000098 #
-416 coedge $-1 -1 $-1 $616 $617 $258 $417 reversed $618 $-1 #
-417 edge $-1 -1 $-1 $418 -0.00025000000000002977 $388 0.00024999999999999388 $258 $619 forward @7 unknown #
-418 vertex $-1 -1 $-1 $620 $621 #
-419 straight-curve $-1 -1 $-1 0.75 6.6499999999999995 1.2499999999999991 0 1000 0 I I #
-420 integer_attrib-name_attrib-gen-attrib $-1 -1 $-1 $-1 $263 copy keep_kept ignore copy @9 Imported1 0 #
-421 face $622 -1 $-1 $623 $282 $17 $-1 $624 forward single #
-422 loop $-1 -1 $-1 $-1 $625 $263 #
-423 plane-surface $-1 -1 $-1 1.2610920512079999 8.8105228437220013 2.8535076145739997 0 0.31622776601683755 -0.94868329805051399 0 -948.68329805051394 -316.22776601683756 forward_v I I I I #
-424 coedge $-1 -1 $-1 $267 $266 $626 $627 forward $90 $-1 #
-425 coedge $-1 -1 $-1 $628 $629 $266 $426 reversed $630 $-1 #
-426 edge $-1 -1 $-1 $428 -0.00079999999999999939 $631 0.00079999999999999939 $266 $632 forward @7 unknown #
-427 coedge $-1 -1 $-1 $268 $281 $628 $633 forward $282 $-1 #
-428 vertex $-1 -1 $-1 $633 $634 #
-429 straight-curve $-1 -1 $-1 2 3.7999999999999998 3.7999999999999994 -0 -1000 -0 I I #
-430 coedge $-1 -1 $-1 $635 $636 $270 $431 reversed $422 $-1 #
-431 edge $-1 -1 $-1 $432 -0.00025000000000002944 $435 0.00025000000000002418 $270 $637 forward @7 unknown #
-432 vertex $-1 -1 $-1 $638 $639 #
-433 straight-curve $-1 -1 $-1 0.75000000000000089 6.6499999999999995 2.75 0 1000 0 I I #
-434 coedge $-1 -1 $-1 $454 $272 $640 $641 forward $264 $-1 #
-435 vertex $-1 -1 $-1 $641 $642 #
-436 straight-curve $-1 -1 $-1 1.2500000000000391 6.6499999999999995 2.7499999999999996 -0 -1000 -0 I I #
-437 point $-1 -1 $-1 1.2500000000000098 4.7999999999999998 2.7500000000000009 #
-438 coedge $-1 -1 $-1 $643 $276 $644 $645 reversed $59 $-1 #
-439 coedge $-1 -1 $-1 $626 $646 $276 $440 forward $647 $-1 #
-440 edge $-1 -1 $-1 $648 -0.00014142135623716328 $441 0.00014142135623701713 $439 $649 forward @7 unknown #
-441 vertex $-1 -1 $-1 $440 $650 #
-442 straight-curve $-1 -1 $-1 2 4.7999999999999989 3 -0 -0 -1000 I I #
-443 coedge $-1 -1 $-1 $278 $643 $651 $652 reversed $59 $-1 #
-444 coedge $-1 -1 $-1 $653 $654 $278 $445 forward $655 $-1 #
-445 edge $-1 -1 $-1 $449 -0.00014142135623723491 $656 0.00014142135623722548 $444 $657 forward @7 unknown #
-446 coedge $-1 -1 $-1 $658 $279 $654 $659 forward $448 $-1 #
-447 coedge $-1 -1 $-1 $279 $660 $281 $451 reversed $448 $-1 #
-448 loop $-1 -1 $-1 $-1 $661 $662 #
-449 vertex $-1 -1 $-1 $445 $663 #
-450 straight-curve $-1 -1 $-1 1 4.7999999999999989 4 -1000 -0 -0 I I #
-451 edge $-1 -1 $-1 $284 -0.00099999999999999915 $664 0.0010000000000000005 $281 $665 forward @7 unknown #
-452 point $-1 -1 $-1 1.9999999999997935 4.7999999999999989 3.8000000000002063 #
-453 point $-1 -1 $-1 1.8000000000001035 4.7999999999999989 3.9999999999998961 #
-454 coedge $-1 -1 $-1 $286 $434 $288 $457 forward $264 $-1 #
-455 straight-curve $-1 -1 $-1 1.25 4.7999999999999998 3 0 0 -1000 I I #
-456 coedge $-1 -1 $-1 $289 $288 $666 $667 forward $290 $-1 #
-457 edge $-1 -1 $-1 $668 -0.0018500000000000005 $291 0.0018499999999999996 $454 $669 forward @7 unknown #
-458 face $670 -1 $-1 $671 $290 $17 $-1 $672 forward single #
-459 point $-1 -1 $-1 1.2499999999999996 4.7999999999999998 3.2500000000000098 #
-460 coedge $-1 -1 $-1 $673 $674 $293 $461 reversed $675 $-1 #
-461 edge $-1 -1 $-1 $462 -0.00025000000000002933 $432 0.00024999999999999469 $293 $676 forward @7 unknown #
-462 vertex $-1 -1 $-1 $677 $678 #
-463 straight-curve $-1 -1 $-1 0.75 6.6499999999999995 3.2499999999999996 0 1000 0 I I #
-464 integer_attrib-name_attrib-gen-attrib $-1 -1 $-1 $-1 $298 copy keep_kept ignore copy @9 Imported1 0 #
-465 face $679 -1 $-1 $680 $317 $19 $-1 $681 forward single #
-466 loop $-1 -1 $-1 $-1 $682 $298 #
-467 plane-surface $-1 -1 $-1 1.2610920512079999 8.8105228437220013 4.8535076145740002 0 0.31622776601683411 -0.9486832980505151 0 -948.68329805051508 -316.2277660168341 forward_v I I I I #
-468 coedge $-1 -1 $-1 $302 $301 $683 $684 forward $100 $-1 #
-469 coedge $-1 -1 $-1 $685 $686 $301 $470 reversed $687 $-1 #
-470 edge $-1 -1 $-1 $472 -0.00079999999999999982 $688 0.00079999999999999982 $301 $689 forward @7 unknown #
-471 coedge $-1 -1 $-1 $303 $316 $685 $690 forward $317 $-1 #
-472 vertex $-1 -1 $-1 $690 $691 #
-473 straight-curve $-1 -1 $-1 2 3.7999999999999998 5.8000000000000007 -0 -1000 -0 I I #
-474 coedge $-1 -1 $-1 $692 $693 $305 $475 reversed $466 $-1 #
-475 edge $-1 -1 $-1 $476 -0.00025000000000002977 $479 0.00025000000000002418 $305 $694 forward @7 unknown #
-476 vertex $-1 -1 $-1 $695 $696 #
-477 straight-curve $-1 -1 $-1 0.75000000000000089 6.6499999999999995 4.75 0 1000 0 I I #
-478 coedge $-1 -1 $-1 $498 $307 $697 $698 forward $299 $-1 #
-479 vertex $-1 -1 $-1 $698 $699 #
-480 straight-curve $-1 -1 $-1 1.2500000000000391 6.6499999999999995 4.75 -0 -1000 -0 I I #
-481 point $-1 -1 $-1 1.2500000000000098 4.7999999999999998 4.7500000000000009 #
-482 coedge $-1 -1 $-1 $700 $311 $701 $702 reversed $66 $-1 #
-483 coedge $-1 -1 $-1 $683 $703 $311 $484 forward $704 $-1 #
-484 edge $-1 -1 $-1 $705 -0.00014142135623716333 $485 0.00014142135623701683 $483 $706 forward @7 unknown #
-485 vertex $-1 -1 $-1 $484 $707 #
-486 straight-curve $-1 -1 $-1 2 4.7999999999999989 5 -0 -0 -1000 I I #
-487 coedge $-1 -1 $-1 $313 $700 $708 $709 reversed $66 $-1 #
-488 coedge $-1 -1 $-1 $710 $711 $313 $489 forward $712 $-1 #
-489 edge $-1 -1 $-1 $493 -0.00014142135623723548 $713 0.00014142135623722453 $488 $714 forward @7 unknown #
-490 coedge $-1 -1 $-1 $715 $314 $711 $716 forward $492 $-1 #
-491 coedge $-1 -1 $-1 $314 $717 $316 $495 reversed $492 $-1 #
-492 loop $-1 -1 $-1 $-1 $718 $719 #
-493 vertex $-1 -1 $-1 $489 $720 #
-494 straight-curve $-1 -1 $-1 1 4.7999999999999989 6 -1000 -0 -0 I I #
-495 edge $-1 -1 $-1 $319 -0.00099999999999999915 $721 0.0010000000000000005 $316 $722 forward @7 unknown #
-496 point $-1 -1 $-1 1.9999999999997935 4.7999999999999989 5.8000000000002068 #
-497 point $-1 -1 $-1 1.8000000000001033 4.7999999999999989 5.9999999999998961 #
-498 coedge $-1 -1 $-1 $321 $478 $323 $501 forward $299 $-1 #
-499 straight-curve $-1 -1 $-1 1.25 4.7999999999999998 5 0 0 -1000 I I #
-500 coedge $-1 -1 $-1 $324 $323 $723 $724 forward $325 $-1 #
-501 edge $-1 -1 $-1 $725 -0.0018500000000000005 $326 0.0018499999999999996 $498 $726 forward @7 unknown #
-502 face $727 -1 $-1 $728 $325 $19 $-1 $729 forward single #
-503 point $-1 -1 $-1 1.2499999999999996 4.7999999999999998 5.2500000000000098 #
-504 coedge $-1 -1 $-1 $730 $731 $328 $505 reversed $732 $-1 #
-505 edge $-1 -1 $-1 $506 -0.0002500000000000302 $476 0.0002499999999999929 $328 $733 forward @7 unknown #
-506 vertex $-1 -1 $-1 $734 $735 #
-507 straight-curve $-1 -1 $-1 0.75 6.6499999999999995 5.2499999999999982 0 1000 0 I I #
-508 integer_attrib-name_attrib-gen-attrib $-1 -1 $736 $-1 $333 copy keep_kept ignore copy @9 Imported1 0 #
-509 face $737 -1 $-1 $370 $533 $13 $-1 $738 forward single #
-510 plane-surface $-1 -1 $-1 -0.007843264626416999 4.8399999999999999 -1.7921567353740002 -0.70710678118520787 -0 -0.70710678118788728 707.10678118788712 0 -707.10678118520775 forward_v I I I I #
-511 coedge $-1 -1 $-1 $522 $521 $739 $740 forward $334 $-1 #
-512 coedge $-1 -1 $-1 $741 $351 $336 $513 reversed $533 $-1 #
-513 edge $-1 -1 $-1 $517 -0.00099999999999999959 $353 0.00099999999999999915 $336 $742 forward @7 unknown #
-514 coedge $-1 -1 $-1 $743 $337 $339 $519 reversed $516 $-1 #
-515 coedge $-1 -1 $-1 $337 $744 $741 $745 reversed $516 $-1 #
-516 loop $-1 -1 $-1 $-1 $514 $746 #
-517 vertex $-1 -1 $-1 $338 $747 #
-518 straight-curve $-1 -1 $-1 0 2.7999999999999998 -1 0 0 1000 I I #
-519 edge $-1 -1 $-1 $550 -0.00029393476368225365 $340 -1.1092051207802147e-05 $339 $748 forward @7 unknown #
-520 point $-1 -1 $-1 8.4703294725430034e-19 2.7999999999999998 -1.8000000000001939 #
-521 coedge $-1 -1 $-1 $511 $342 $560 $524 forward $334 $-1 #
-522 coedge $-1 -1 $-1 $342 $511 $749 $750 forward $334 $-1 #
-523 straight-curve $-1 -1 $-1 1 8.5 -0.75 -1000 -0 -0 I I #
-524 edge $-1 -1 $-1 $344 -1.1632383083523154e-16 $751 0.00033166247903524765 $521 $752 forward @7 unknown #
-525 point $-1 -1 $-1 1.2500000000000298 8.5000000000000391 -0.75000000000000611 #
-526 coedge $-1 -1 $-1 $749 $753 $346 $527 reversed $754 $-1 #
-527 edge $-1 -1 $-1 $347 -0.00025000000000000001 $554 0.00025000000000002418 $346 $755 forward @7 unknown #
-528 point $-1 -1 $-1 0.74999999999997613 8.5 -0.75 #
-529 coedge $-1 -1 $-1 $355 $350 $756 $757 reversed $45 $-1 #
-530 coedge $-1 -1 $-1 $758 $759 $350 $531 forward $760 $-1 #
-531 edge $-1 -1 $-1 $761 -0.0008000000000002068 $534 0.00080000000000001077 $530 $762 forward @7 unknown #
-532 coedge $-1 -1 $-1 $351 $741 $758 $763 forward $533 $-1 #
-533 loop $-1 -1 $-1 $-1 $351 $509 #
-534 vertex $-1 -1 $-1 $531 $764 #
-535 straight-curve $-1 -1 $-1 0.099999999999991512 4.7999999999999998 -0.099999999999991512 -707.10678118654755 0 -707.10678118654755 I I #
-536 point $-1 -1 $-1 1.303096661879697e-14 4.7999999999999989 -0.1999999999999785 #
-537 coedge $-1 -1 $-1 $765 $766 $355 $538 forward $767 $-1 #
-538 edge $-1 -1 $-1 $542 -0.00080000000000010347 $768 0.00080000000000001077 $537 $769 forward @7 unknown #
-539 coedge $-1 -1 $-1 $770 $356 $766 $771 forward $541 $-1 #
-540 coedge $-1 -1 $-1 $356 $770 $358 $545 reversed $541 $-1 #
-541 loop $-1 -1 $-1 $-1 $356 $772 #
-542 vertex $-1 -1 $-1 $538 $773 #
-543 straight-curve $-1 -1 $-1 1.9000000000000001 4.7999999999999998 -1.9000000000000001 707.10678118654755 0 707.10678118654755 I I #
-544 coedge $-1 -1 $-1 $774 $358 $775 $776 forward $360 $-1 #
-545 edge $-1 -1 $-1 $361 -0.00099999999999999915 $777 0.00099999999999999959 $358 $778 forward @7 unknown #
-546 coedge $-1 -1 $-1 $359 $547 $743 $779 forward $360 $-1 #
-547 coedge $-1 -1 $-1 $546 $780 $781 $782 forward $360 $-1 #
-548 face $783 -1 $-1 $784 $360 $13 $-1 $785 forward single #
-549 point $-1 -1 $-1 1.8000000000001035 4.7999999999999989 -1.9999999999998967 #
-550 vertex $-1 -1 $-1 $779 $786 #
-551 straight-curve $-1 -1 $-1 0.19999999999995696 3.7999999999999998 -1.9999999999995868 0 -1000 0 I I #
-552 coedge $-1 -1 $-1 $787 $788 $368 $553 reversed $789 $-1 #
-553 edge $-1 -1 $-1 $554 -0.00025000000000000001 $374 0.00024999999999999399 $368 $790 forward @7 unknown #
-554 vertex $-1 -1 $-1 $553 $791 #
-555 straight-curve $-1 -1 $-1 0.75 6.6499999999999995 -1.2500000000000391 -0 -1000 -0 I I #
-556 integer_attrib-name_attrib-gen-attrib $-1 -1 $-1 $-1 $370 copy keep_kept ignore copy @9 Imported1 0 #
-557 face $792 -1 $-1 $793 $561 $13 $-1 $794 forward single #
-558 plane-surface $-1 -1 $-1 1.2610920512079999 4.726 -1.25 0 0 -1 -1000 0 0 forward_v I I I I #
-559 coedge $-1 -1 $-1 $795 $372 $788 $563 forward $561 $-1 #
-560 coedge $-1 -1 $-1 $372 $795 $521 $524 reversed $561 $-1 #
-561 loop $-1 -1 $-1 $-1 $795 $557 #
-562 straight-curve $-1 -1 $-1 1.25 8.5 -1 0 0 1000 I I #
-563 edge $-1 -1 $-1 $374 -1.180310295036046e-16 $796 0.00033166247903532382 $559 $797 forward @7 unknown #
-564 point $-1 -1 $-1 1.249999999999994 8.5000000000000373 -1.2500000000000295 #
-565 integer_attrib-name_attrib-gen-attrib $-1 -1 $798 $-1 $377 copy keep_kept ignore copy @9 Imported1 0 #
-566 face $799 -1 $-1 $414 $590 $15 $-1 $800 forward single #
-567 plane-surface $-1 -1 $-1 2.007843264626 4.8399999999999999 1.7921567353740002 0.70710678118654757 0 0.70710678118654757 -707.10678118654744 0 707.10678118654744 forward_v I I I I #
-568 coedge $-1 -1 $-1 $579 $578 $801 $802 forward $378 $-1 #
-569 coedge $-1 -1 $-1 $803 $395 $380 $570 reversed $590 $-1 #
-570 edge $-1 -1 $-1 $574 -0.001 $397 0.00099999999999999915 $380 $804 forward @7 unknown #
-571 coedge $-1 -1 $-1 $805 $381 $383 $576 reversed $573 $-1 #
-572 coedge $-1 -1 $-1 $381 $806 $803 $807 reversed $573 $-1 #
-573 loop $-1 -1 $-1 $-1 $571 $808 #
-574 vertex $-1 -1 $-1 $382 $809 #
-575 straight-curve $-1 -1 $-1 2 2.7999999999999998 1 -0 -0 -1000 I I #
-576 edge $-1 -1 $-1 $607 -0.00029393476368169675 $384 -1.1092051207370404e-05 $383 $810 forward @7 unknown #
-577 point $-1 -1 $-1 2 2.8000000000000003 1.8000000000000003 #
-578 coedge $-1 -1 $-1 $568 $386 $617 $581 forward $378 $-1 #
-579 coedge $-1 -1 $-1 $386 $568 $811 $812 forward $378 $-1 #
-580 straight-curve $-1 -1 $-1 1 8.5 0.75 1000 0 0 I I #
-581 edge $-1 -1 $-1 $388 -1.1629035635153793e-16 $813 0.0003316624790352477 $578 $814 forward @7 unknown #
-582 point $-1 -1 $-1 0.74999999999997058 8.5000000000000391 0.75000000000000611 #
-583 coedge $-1 -1 $-1 $811 $815 $390 $584 reversed $816 $-1 #
-584 edge $-1 -1 $-1 $391 -0.00025000000000000001 $611 0.00025000000000002418 $390 $817 forward @7 unknown #
-585 point $-1 -1 $-1 1.2500000000000242 8.5 0.75 #
-586 coedge $-1 -1 $-1 $399 $394 $818 $819 reversed $52 $-1 #
-587 coedge $-1 -1 $-1 $820 $821 $394 $588 forward $822 $-1 #
-588 edge $-1 -1 $-1 $823 -0.00080000000000002151 $591 0.00080000000000010347 $587 $824 forward @7 unknown #
-589 coedge $-1 -1 $-1 $395 $803 $820 $825 forward $590 $-1 #
-590 loop $-1 -1 $-1 $-1 $395 $566 #
-591 vertex $-1 -1 $-1 $588 $826 #
-592 straight-curve $-1 -1 $-1 1.9000000000000001 4.7999999999999998 0.099999999999991512 707.10678118520786 0 707.10678118788712 I I #
-593 point $-1 -1 $-1 1.9999999999997935 4.7999999999999989 0.19999999999997853 #
-594 coedge $-1 -1 $-1 $827 $828 $399 $595 forward $829 $-1 #
-595 edge $-1 -1 $-1 $599 -0.00080000000000010347 $830 0.00080000000000001066 $594 $831 forward @7 unknown #
-596 coedge $-1 -1 $-1 $832 $400 $828 $833 forward $598 $-1 #
-597 coedge $-1 -1 $-1 $400 $832 $402 $602 reversed $598 $-1 #
-598 loop $-1 -1 $-1 $-1 $400 $834 #
-599 vertex $-1 -1 $-1 $595 $835 #
-600 straight-curve $-1 -1 $-1 0.099999999999991512 4.7999999999999998 1.9000000000000001 -707.10678118788712 0 -707.10678118520786 I I #
-601 coedge $-1 -1 $-1 $836 $402 $837 $838 forward $404 $-1 #
-602 edge $-1 -1 $-1 $405 -0.00099999999999999915 $839 0.001 $402 $840 forward @7 unknown #
-603 coedge $-1 -1 $-1 $403 $604 $805 $841 forward $404 $-1 #
-604 coedge $-1 -1 $-1 $603 $842 $843 $844 forward $404 $-1 #
-605 face $845 -1 $-1 $846 $404 $15 $-1 $847 forward single #
-606 point $-1 -1 $-1 0.19999999999998927 4.7999999999999989 1.9999999999998967 #
-607 vertex $-1 -1 $-1 $841 $848 #
-608 straight-curve $-1 -1 $-1 1.8000000000004137 3.7999999999999998 1.9999999999995868 0 -1000 0 I I #
-609 coedge $-1 -1 $-1 $849 $850 $412 $610 reversed $851 $-1 #
-610 edge $-1 -1 $-1 $611 -0.00025000000000000001 $418 0.00024999999999999388 $412 $852 forward @7 unknown #
-611 vertex $-1 -1 $-1 $610 $853 #
-612 straight-curve $-1 -1 $-1 1.2499999999999998 6.6499999999999995 1.2500000000000391 -0 -1000 -0 I I #
-613 integer_attrib-name_attrib-gen-attrib $-1 -1 $-1 $-1 $414 copy keep_kept ignore copy @9 Imported1 0 #
-614 face $854 -1 $-1 $855 $618 $15 $-1 $856 forward single #
-615 plane-surface $-1 -1 $-1 0.73890794879200017 4.726 1.25 0 0 1 1000 0 0 forward_v I I I I #
-616 coedge $-1 -1 $-1 $857 $416 $850 $620 forward $618 $-1 #
-617 coedge $-1 -1 $-1 $416 $857 $578 $581 reversed $618 $-1 #
-618 loop $-1 -1 $-1 $-1 $857 $614 #
-619 straight-curve $-1 -1 $-1 0.75 8.5 1 -0 -0 -1000 I I #
-620 edge $-1 -1 $-1 $418 -1.1632383083523154e-16 $858 0.00033166247903532387 $616 $859 forward @7 unknown #
-621 point $-1 -1 $-1 0.75000000000000611 8.5000000000000391 1.2500000000000298 #
-622 integer_attrib-name_attrib-gen-attrib $-1 -1 $860 $-1 $421 copy keep_kept ignore copy @9 Imported1 0 #
-623 face $861 -1 $-1 $458 $647 $17 $-1 $862 forward single #
-624 plane-surface $-1 -1 $-1 2.007843264626 4.8399999999999999 3.7921567353740002 0.70710678118654724 0 0.70710678118654791 -707.10678118654789 0 707.10678118654721 forward_v I I I I #
-625 coedge $-1 -1 $-1 $636 $635 $863 $864 forward $422 $-1 #
-626 coedge $-1 -1 $-1 $865 $439 $424 $627 reversed $647 $-1 #
-627 edge $-1 -1 $-1 $631 -0.0010000000000000005 $441 0.00099999999999999915 $424 $866 forward @7 unknown #
-628 coedge $-1 -1 $-1 $867 $425 $427 $633 reversed $630 $-1 #
-629 coedge $-1 -1 $-1 $425 $868 $865 $869 reversed $630 $-1 #
-630 loop $-1 -1 $-1 $-1 $628 $870 #
-631 vertex $-1 -1 $-1 $426 $871 #
-632 straight-curve $-1 -1 $-1 2 2.7999999999999998 3 -0 -0 -1000 I I #
-633 edge $-1 -1 $-1 $664 -0.00029393476368169718 $428 -1.109205120736978e-05 $427 $872 forward @7 unknown #
-634 point $-1 -1 $-1 2 2.7999999999999994 3.7999999999999994 #
-635 coedge $-1 -1 $-1 $625 $430 $674 $638 forward $422 $-1 #
-636 coedge $-1 -1 $-1 $430 $625 $873 $874 forward $422 $-1 #
-637 straight-curve $-1 -1 $-1 1 8.5 2.75 1000 0 0 I I #
-638 edge $-1 -1 $-1 $432 -1.1632383083523152e-16 $875 0.0003316624790352477 $635 $876 forward @7 unknown #
-639 point $-1 -1 $-1 0.74999999999997058 8.5000000000000391 2.7500000000000058 #
-640 coedge $-1 -1 $-1 $873 $877 $434 $641 reversed $878 $-1 #
-641 edge $-1 -1 $-1 $435 -0.00025000000000000044 $668 0.00025000000000002397 $434 $879 forward @7 unknown #
-642 point $-1 -1 $-1 1.2500000000000242 8.5 2.75 #
-643 coedge $-1 -1 $-1 $443 $438 $880 $881 reversed $59 $-1 #
-644 coedge $-1 -1 $-1 $882 $883 $438 $645 forward $884 $-1 #
-645 edge $-1 -1 $-1 $885 -0.00080000000000002151 $648 0.00080000000000010347 $644 $886 forward @7 unknown #
-646 coedge $-1 -1 $-1 $439 $865 $882 $887 forward $647 $-1 #
-647 loop $-1 -1 $-1 $-1 $439 $623 #
-648 vertex $-1 -1 $-1 $645 $888 #
-649 straight-curve $-1 -1 $-1 1.9000000000000001 4.7999999999999998 2.1000000000000001 707.1067811865471 0 707.10678118654789 I I #
-650 point $-1 -1 $-1 1.9999999999997935 4.7999999999999989 2.1999999999997932 #
-651 coedge $-1 -1 $-1 $889 $890 $443 $652 forward $891 $-1 #
-652 edge $-1 -1 $-1 $656 -0.00080000000000010369 $892 0.00080000000000010282 $651 $893 forward @7 unknown #
-653 coedge $-1 -1 $-1 $894 $444 $890 $895 forward $655 $-1 #
-654 coedge $-1 -1 $-1 $444 $894 $446 $659 reversed $655 $-1 #
-655 loop $-1 -1 $-1 $-1 $444 $896 #
-656 vertex $-1 -1 $-1 $652 $897 #
-657 straight-curve $-1 -1 $-1 0.099999999999991512 4.7999999999999998 3.8999999999999995 -707.10678118788894 0 -707.10678118520605 I I #
-658 coedge $-1 -1 $-1 $898 $446 $899 $900 forward $448 $-1 #
-659 edge $-1 -1 $-1 $449 -0.00099999999999999915 $901 0.00099999999999999959 $446 $902 forward @7 unknown #
-660 coedge $-1 -1 $-1 $447 $661 $867 $903 forward $448 $-1 #
-661 coedge $-1 -1 $-1 $660 $904 $905 $906 forward $448 $-1 #
-662 face $907 -1 $-1 $908 $448 $17 $-1 $909 forward single #
-663 point $-1 -1 $-1 0.19999999999998935 4.7999999999999989 3.9999999999998961 #
-664 vertex $-1 -1 $-1 $903 $910 #
-665 straight-curve $-1 -1 $-1 1.8000000000004137 3.7999999999999998 3.9999999999995866 0 -1000 0 I I #
-666 coedge $-1 -1 $-1 $911 $912 $456 $667 reversed $913 $-1 #
-667 edge $-1 -1 $-1 $668 -0.00025000000000000001 $462 0.00024999999999999388 $456 $914 forward @7 unknown #
-668 vertex $-1 -1 $-1 $667 $915 #
-669 straight-curve $-1 -1 $-1 1.2499999999999998 6.6499999999999995 3.2500000000000395 -0 -1000 -0 I I #
-670 integer_attrib-name_attrib-gen-attrib $-1 -1 $-1 $-1 $458 copy keep_kept ignore copy @9 Imported1 0 #
-671 face $916 -1 $-1 $917 $675 $17 $-1 $918 forward single #
-672 plane-surface $-1 -1 $-1 0.73890794879200017 4.726 3.2500000000000004 0 0 1 1000 0 0 forward_v I I I I #
-673 coedge $-1 -1 $-1 $919 $460 $912 $677 forward $675 $-1 #
-674 coedge $-1 -1 $-1 $460 $919 $635 $638 reversed $675 $-1 #
-675 loop $-1 -1 $-1 $-1 $919 $671 #
-676 straight-curve $-1 -1 $-1 0.75 8.5 3.0000000000000004 -0 -0 -1000 I I #
-677 edge $-1 -1 $-1 $462 -1.1618993290045706e-16 $920 0.00033166247903532392 $673 $921 forward @7 unknown #
-678 point $-1 -1 $-1 0.75000000000000611 8.5000000000000391 3.2500000000000298 #
-679 integer_attrib-name_attrib-gen-attrib $-1 -1 $922 $-1 $465 copy keep_kept ignore copy @9 Imported1 0 #
-680 face $923 -1 $-1 $502 $704 $19 $-1 $924 forward single #
-681 plane-surface $-1 -1 $-1 2.007843264626 4.8399999999999999 5.7921567353740002 0.70710678118654724 0 0.70710678118654791 -707.10678118654789 0 707.10678118654721 forward_v I I I I #
-682 coedge $-1 -1 $-1 $693 $692 $925 $926 forward $466 $-1 #
-683 coedge $-1 -1 $-1 $927 $483 $468 $684 reversed $704 $-1 #
-684 edge $-1 -1 $-1 $688 -0.001 $485 0.00099999999999999915 $468 $928 forward @7 unknown #
-685 coedge $-1 -1 $-1 $929 $469 $471 $690 reversed $687 $-1 #
-686 coedge $-1 -1 $-1 $469 $930 $927 $931 reversed $687 $-1 #
-687 loop $-1 -1 $-1 $-1 $685 $932 #
-688 vertex $-1 -1 $-1 $470 $933 #
-689 straight-curve $-1 -1 $-1 2 2.7999999999999998 5 -0 -0 -1000 I I #
-690 edge $-1 -1 $-1 $721 -0.00029393476368169745 $472 -1.1092051207370094e-05 $471 $934 forward @7 unknown #
-691 point $-1 -1 $-1 2 2.7999999999999994 5.7999999999999998 #
-692 coedge $-1 -1 $-1 $682 $474 $731 $695 forward $466 $-1 #
-693 coedge $-1 -1 $-1 $474 $682 $935 $936 forward $466 $-1 #
-694 straight-curve $-1 -1 $-1 1 8.5 4.75 1000 0 0 I I #
-695 edge $-1 -1 $-1 $476 -1.1990560059044564e-16 $937 0.00033166247903524733 $692 $938 forward @7 unknown #
-696 point $-1 -1 $-1 0.74999999999997025 8.5000000000000355 4.7500000000000071 #
-697 coedge $-1 -1 $-1 $935 $939 $478 $698 reversed $940 $-1 #
-698 edge $-1 -1 $-1 $479 -0.00024999999999999914 $725 0.00025000000000002397 $478 $941 forward @7 unknown #
-699 point $-1 -1 $-1 1.2500000000000242 8.5 4.7500000000000009 #
-700 coedge $-1 -1 $-1 $487 $482 $942 $943 reversed $66 $-1 #
-701 coedge $-1 -1 $-1 $944 $945 $482 $702 forward $946 $-1 #
-702 edge $-1 -1 $-1 $947 -0.00080000000000002151 $705 0.00080000000000010347 $701 $948 forward @7 unknown #
-703 coedge $-1 -1 $-1 $483 $927 $944 $949 forward $704 $-1 #
-704 loop $-1 -1 $-1 $-1 $483 $680 #
-705 vertex $-1 -1 $-1 $702 $950 #
-706 straight-curve $-1 -1 $-1 1.9000000000000001 4.7999999999999998 4.0999999999999996 707.10678118654641 0 707.10678118654857 I I #
-707 point $-1 -1 $-1 1.9999999999997935 4.7999999999999989 4.1999999999997923 #
-708 coedge $-1 -1 $-1 $951 $952 $487 $709 forward $953 $-1 #
-709 edge $-1 -1 $-1 $713 -0.00080000000000010466 $954 0.00080000000000010282 $708 $955 forward @7 unknown #
-710 coedge $-1 -1 $-1 $956 $488 $952 $957 forward $712 $-1 #
-711 coedge $-1 -1 $-1 $488 $956 $490 $716 reversed $712 $-1 #
-712 loop $-1 -1 $-1 $-1 $488 $958 #
-713 vertex $-1 -1 $-1 $709 $959 #
-714 straight-curve $-1 -1 $-1 0.099999999999991512 4.7999999999999998 5.8999999999999986 -707.10678118788894 0 -707.10678118520605 I I #
-715 coedge $-1 -1 $-1 $960 $490 $961 $962 forward $492 $-1 #
-716 edge $-1 -1 $-1 $493 -0.00099999999999999915 $963 0.00099999999999999959 $490 $964 forward @7 unknown #
-717 coedge $-1 -1 $-1 $491 $718 $929 $965 forward $492 $-1 #
-718 coedge $-1 -1 $-1 $717 $966 $967 $968 forward $492 $-1 #
-719 face $969 -1 $-1 $970 $492 $19 $-1 $971 forward single #
-720 point $-1 -1 $-1 0.1999999999999893 4.7999999999999989 5.9999999999998961 #
-721 vertex $-1 -1 $-1 $965 $972 #
-722 straight-curve $-1 -1 $-1 1.8000000000004137 3.7999999999999998 5.9999999999995861 0 -1000 0 I I #
-723 coedge $-1 -1 $-1 $973 $974 $500 $724 reversed $975 $-1 #
-724 edge $-1 -1 $-1 $725 -0.00025000000000000001 $506 0.00024999999999999388 $500 $976 forward @7 unknown #
-725 vertex $-1 -1 $-1 $724 $977 #
-726 straight-curve $-1 -1 $-1 1.2499999999999998 6.6499999999999995 5.2500000000000382 -0 -1000 -0 I I #
-727 integer_attrib-name_attrib-gen-attrib $-1 -1 $-1 $-1 $502 copy keep_kept ignore copy @9 Imported1 0 #
-728 face $978 -1 $-1 $979 $732 $19 $-1 $980 forward single #
-729 plane-surface $-1 -1 $-1 0.73890794879200017 4.726 5.25 0 0 1 1000 0 0 forward_v I I I I #
-730 coedge $-1 -1 $-1 $981 $504 $974 $734 forward $732 $-1 #
-731 coedge $-1 -1 $-1 $504 $981 $692 $695 reversed $732 $-1 #
-732 loop $-1 -1 $-1 $-1 $981 $728 #
-733 straight-curve $-1 -1 $-1 0.75 8.5 5 -0 -0 -1000 I I #
-734 edge $-1 -1 $-1 $506 -1.1645772877000604e-16 $982 0.00033166247903532398 $730 $983 forward @7 unknown #
-735 point $-1 -1 $-1 0.75000000000000611 8.5000000000000391 5.2500000000000302 #
-736 rgb_color-st-attrib $-1 -1 $-1 $508 $333 0.15686274509803921 0.1803921568627451 0.16862745098039217 #
-737 integer_attrib-name_attrib-gen-attrib $-1 -1 $984 $-1 $509 copy keep_kept ignore copy @9 Imported1 0 #
-738 plane-surface $-1 -1 $-1 0.20784326462640001 4.8399999999999999 0.007843264626416999 -0.70710678118654757 0 0.70710678118654757 -707.10678118654744 0 -707.10678118654744 forward_v I I I I #
-739 coedge $-1 -1 $-1 $985 $986 $511 $740 reversed $987 $-1 #
-740 edge $-1 -1 $-1 $751 -0.00015000000000002389 $988 0.00015000000000002357 $511 $989 forward @7 unknown #
-741 coedge $-1 -1 $-1 $532 $512 $515 $745 forward $533 $-1 #
-742 straight-curve $-1 -1 $-1 0 3.7999999999999998 -0.20000000000000012 0 1000 0 I I #
-743 coedge $-1 -1 $-1 $990 $514 $546 $779 reversed $516 $-1 #
-744 coedge $-1 -1 $-1 $515 $990 $991 $992 reversed $516 $-1 #
-745 edge $-1 -1 $-1 $517 -0.00029393476368256086 $993 -1.1092051207978489e-05 $741 $994 forward @7 unknown #
-746 face $995 -1 $-1 $996 $516 $13 $-1 $997 reversed single #
-747 point $-1 -1 $-1 7.453889935837843e-17 2.8000000000000003 -0.19999999999999135 #
-748 straight-curve $-1 -1 $-1 -0.007843264626416999 2.7999999999999998 -1.7921567353740002 -707.10678118788724 0 707.10678118520786 I I #
-749 coedge $-1 -1 $-1 $998 $526 $522 $750 reversed $754 $-1 #
-750 edge $-1 -1 $-1 $988 7.1635395104348845e-18 $347 0.00033166247903540681 $522 $999 forward @7 unknown #
-751 vertex $-1 -1 $-1 $1000 $1001 #
-752 straight-curve $-1 -1 $-1 1.25 8.5000000000001439 -0.75000000000004774 -301.51134457802374 904.53403373321282 -301.51134457773776 I I #
-753 coedge $-1 -1 $-1 $526 $998 $787 $1002 forward $754 $-1 #
-754 loop $-1 -1 $-1 $-1 $998 $793 #
-755 straight-curve $-1 -1 $-1 0.75 8.5 -1 -0 -0 -1000 I I #
-756 coedge $-1 -1 $-1 $1003 $1004 $529 $757 forward $1005 $-1 #
-757 edge $-1 -1 $-1 $768 -0.00014142135623723478 $761 0.00014142135623714818 $756 $1006 forward @7 unknown #
-758 coedge $-1 -1 $-1 $991 $530 $532 $763 reversed $760 $-1 #
-759 coedge $-1 -1 $-1 $530 $1007 $1003 $1008 forward $760 $-1 #
-760 loop $-1 -1 $-1 $-1 $759 $784 #
-761 vertex $-1 -1 $-1 $757 $1009 #
-762 straight-curve $-1 -1 $-1 1 4.7999999999999989 0 -1000 -0 -0 I I #
-763 edge $-1 -1 $-1 $993 -0.00099999999999999959 $534 0.00099999999999999915 $532 $1010 forward @7 unknown #
-764 point $-1 -1 $-1 0.19999999999998921 4.7999999999999989 -6.5091305622940777e-15 #
-765 coedge $-1 -1 $-1 $1011 $537 $1004 $1012 reversed $767 $-1 #
-766 coedge $-1 -1 $-1 $537 $1011 $539 $771 reversed $767 $-1 #
-767 loop $-1 -1 $-1 $-1 $766 $1013 #
-768 vertex $-1 -1 $-1 $538 $1014 #
-769 straight-curve $-1 -1 $-1 2 4.7999999999999989 -1 0 0 1000 I I #
-770 coedge $-1 -1 $-1 $540 $539 $1015 $1016 forward $541 $-1 #
-771 edge $-1 -1 $-1 $542 -0.00099999999999999915 $1017 0.00099999999999999959 $539 $1018 forward @7 unknown #
-772 face $1019 -1 $-1 $1020 $541 $13 $-1 $1021 forward single #
-773 point $-1 -1 $-1 1.9999999999998967 4.7999999999999989 -1.8000000000001035 #
-774 coedge $-1 -1 $-1 $780 $544 $1022 $1023 forward $360 $-1 #
-775 coedge $-1 -1 $-1 $1015 $1024 $544 $776 reversed $1025 $-1 #
-776 edge $-1 -1 $-1 $777 -0.00080000000000000026 $1026 -0.00069999999999999999 $544 $1027 forward @7 unknown #
-777 vertex $-1 -1 $-1 $1016 $1028 #
-778 straight-curve $-1 -1 $-1 1.8000000000000003 3.7999999999999998 -2 -0 -1000 -0 I I #
-779 edge $-1 -1 $-1 $1029 0.00069999999999999999 $550 0.00079999999999983643 $546 $1030 forward @7 unknown #
-780 coedge $-1 -1 $-1 $547 $774 $1031 $1032 forward $360 $-1 #
-781 coedge $-1 -1 $-1 $1033 $1034 $547 $782 reversed $1035 $-1 #
-782 edge $-1 -1 $-1 $1036 -0.00025000000000000933 $1029 0.00025000000000000001 $547 $1037 forward @7 unknown #
-783 integer_attrib-name_attrib-gen-attrib $-1 -1 $1038 $-1 $548 copy keep_kept ignore copy @9 Imported1 0 #
-784 face $1039 -1 $-1 $1040 $760 $13 $-1 $1041 forward single #
-785 plane-surface $-1 -1 $-1 1.8320000000000001 2.7600000000000002 -2 0 0 -1 -1000 0 0 forward_v I I I I #
-786 point $-1 -1 $-1 0.20000000000016357 2.7999999999999994 -1.9999999999997935 #
-787 coedge $-1 -1 $-1 $1042 $552 $753 $1002 reversed $789 $-1 #
-788 coedge $-1 -1 $-1 $552 $1042 $559 $563 reversed $789 $-1 #
-789 loop $-1 -1 $-1 $-1 $552 $1040 #
-790 straight-curve $-1 -1 $-1 1 8.5 -1.25 1000 0 0 I I #
-791 point $-1 -1 $-1 0.75 8.5 -1.2500000000000242 #
-792 integer_attrib-name_attrib-gen-attrib $-1 -1 $-1 $-1 $557 copy keep_kept ignore copy @9 Imported1 0 #
-793 face $1043 -1 $-1 $1044 $754 $13 $-1 $1045 forward single #
-794 plane-surface $-1 -1 $-1 1.1464923854260003 8.8105228437220013 -0.73890794879200017 0.9486832980505141 0.31622776601683694 0 316.22776601683694 -948.68329805051405 0 forward_v I I I I #
-795 coedge $-1 -1 $-1 $560 $559 $985 $1000 forward $561 $-1 #
-796 vertex $-1 -1 $-1 $1046 $1047 #
-797 straight-curve $-1 -1 $-1 1.249999999999952 8.5000000000001439 -1.2499999999999998 -301.51134457773685 904.53403373321328 301.51134457802323 I I #
-798 rgb_color-st-attrib $-1 -1 $-1 $565 $377 0.15686274509803921 0.1803921568627451 0.16862745098039217 #
-799 integer_attrib-name_attrib-gen-attrib $-1 -1 $1048 $-1 $566 copy keep_kept ignore copy @9 Imported1 0 #
-800 plane-surface $-1 -1 $-1 1.7921567353740002 4.8399999999999999 -0.007843264626416999 0.70710678118788728 0 -0.70710678118520787 707.10678118520775 0 707.10678118788712 forward_v I I I I #
-801 coedge $-1 -1 $-1 $1049 $1050 $568 $802 reversed $1051 $-1 #
-802 edge $-1 -1 $-1 $813 -0.00015000000000002346 $1052 0.00015000000000002389 $568 $1053 forward @7 unknown #
-803 coedge $-1 -1 $-1 $589 $569 $572 $807 forward $590 $-1 #
-804 straight-curve $-1 -1 $-1 2 3.7999999999999998 0.20000000000000012 0 1000 0 I I #
-805 coedge $-1 -1 $-1 $1054 $571 $603 $841 reversed $573 $-1 #
-806 coedge $-1 -1 $-1 $572 $1054 $1055 $1056 reversed $573 $-1 #
-807 edge $-1 -1 $-1 $574 -0.00029393476368241487 $1057 -1.1092051207957545e-05 $803 $1058 forward @7 unknown #
-808 face $1059 -1 $-1 $1060 $573 $15 $-1 $1061 reversed single #
-809 point $-1 -1 $-1 2 2.7999999999999998 0.20000000000018511 #
-810 straight-curve $-1 -1 $-1 2.007843264626 2.8000000000000007 1.7921567353740002 707.10678118654755 0 -707.10678118654755 I I #
-811 coedge $-1 -1 $-1 $1062 $583 $579 $812 reversed $816 $-1 #
-812 edge $-1 -1 $-1 $1052 7.2639629615157508e-18 $391 0.00033166247903540676 $579 $1063 forward @7 unknown #
-813 vertex $-1 -1 $-1 $1064 $1065 #
-814 straight-curve $-1 -1 $-1 0.75000000000000022 8.5000000000001439 0.75000000000004774 301.51134457802374 904.53403373321282 301.51134457773776 I I #
-815 coedge $-1 -1 $-1 $583 $1062 $849 $1066 forward $816 $-1 #
-816 loop $-1 -1 $-1 $-1 $1062 $855 #
-817 straight-curve $-1 -1 $-1 1.25 8.5 1 0 0 1000 I I #
-818 coedge $-1 -1 $-1 $1067 $1068 $586 $819 forward $1069 $-1 #
-819 edge $-1 -1 $-1 $830 -0.00014142135623729726 $823 0.00014142135623728506 $818 $1070 forward @7 unknown #
-820 coedge $-1 -1 $-1 $1055 $587 $589 $825 reversed $822 $-1 #
-821 coedge $-1 -1 $-1 $587 $1071 $1067 $1072 forward $822 $-1 #
-822 loop $-1 -1 $-1 $-1 $821 $846 #
-823 vertex $-1 -1 $-1 $819 $1073 #
-824 straight-curve $-1 -1 $-1 1 4.7999999999999989 0 1000 0 0 I I #
-825 edge $-1 -1 $-1 $1057 -0.001 $591 0.00099999999999999915 $589 $1074 forward @7 unknown #
-826 point $-1 -1 $-1 1.8000000000001035 4.7999999999999989 6.5108246281885863e-15 #
-827 coedge $-1 -1 $-1 $1075 $594 $1068 $1076 reversed $829 $-1 #
-828 coedge $-1 -1 $-1 $594 $1075 $596 $833 reversed $829 $-1 #
-829 loop $-1 -1 $-1 $-1 $828 $1077 #
-830 vertex $-1 -1 $-1 $595 $1078 #
-831 straight-curve $-1 -1 $-1 0 4.7999999999999989 1 -0 -0 -1000 I I #
-832 coedge $-1 -1 $-1 $597 $596 $1079 $1080 forward $598 $-1 #
-833 edge $-1 -1 $-1 $599 -0.00099999999999999915 $1081 0.00099999999999999959 $596 $1082 forward @7 unknown #
-834 face $1083 -1 $-1 $1084 $598 $15 $-1 $1085 forward single #
-835 point $-1 -1 $-1 6.5586819897084543e-15 4.7999999999999989 1.8000000000001035 #
-836 coedge $-1 -1 $-1 $842 $601 $1086 $1087 forward $404 $-1 #
-837 coedge $-1 -1 $-1 $1079 $1088 $601 $838 reversed $1089 $-1 #
-838 edge $-1 -1 $-1 $839 -0.00079999999999981486 $1090 -0.00069999999999999999 $601 $1091 forward @7 unknown #
-839 vertex $-1 -1 $-1 $1080 $1092 #
-840 straight-curve $-1 -1 $-1 0.20000000000000001 3.7999999999999998 2 -0 -1000 -0 I I #
-841 edge $-1 -1 $-1 $1093 0.00070000000000000021 $607 0.00080000000000020701 $603 $1094 forward @7 unknown #
-842 coedge $-1 -1 $-1 $604 $836 $1095 $1096 forward $404 $-1 #
-843 coedge $-1 -1 $-1 $1097 $1098 $604 $844 reversed $1099 $-1 #
-844 edge $-1 -1 $-1 $1100 -0.00025000000000000933 $1093 0.00025000000000000001 $604 $1101 forward @7 unknown #
-845 integer_attrib-name_attrib-gen-attrib $-1 -1 $1102 $-1 $605 copy keep_kept ignore copy @9 Imported1 0 #
-846 face $1103 -1 $-1 $1104 $822 $15 $-1 $1105 forward single #
-847 plane-surface $-1 -1 $-1 0.16800000000000004 2.7600000000000002 2 0 0 1 1000 0 0 forward_v I I I I #
-848 point $-1 -1 $-1 1.800000000000207 2.8000000000000003 1.9999999999997935 #
-849 coedge $-1 -1 $-1 $1106 $609 $815 $1066 reversed $851 $-1 #
-850 coedge $-1 -1 $-1 $609 $1106 $616 $620 reversed $851 $-1 #
-851 loop $-1 -1 $-1 $-1 $609 $1104 #
-852 straight-curve $-1 -1 $-1 1 8.5 1.25 -1000 -0 -0 I I #
-853 point $-1 -1 $-1 1.25 8.5 1.2500000000000242 #
-854 integer_attrib-name_attrib-gen-attrib $-1 -1 $-1 $-1 $614 copy keep_kept ignore copy @9 Imported1 0 #
-855 face $1107 -1 $-1 $1108 $816 $15 $-1 $1109 forward single #
-856 plane-surface $-1 -1 $-1 0.85350761457400004 8.8105228437220013 0.73890794879200017 -0.94868329805051377 0.31622776601683811 0 -316.22776601683813 -948.68329805051371 0 forward_v I I I I #
-857 coedge $-1 -1 $-1 $617 $616 $1049 $1064 forward $618 $-1 #
-858 vertex $-1 -1 $-1 $1110 $1111 #
-859 straight-curve $-1 -1 $-1 0.75000000000004774 8.5000000000001439 1.25 301.51134457773776 904.53403373321282 -301.51134457802374 I I #
-860 rgb_color-st-attrib $-1 -1 $-1 $622 $421 0.15686274509803921 0.1803921568627451 0.16862745098039217 #
-861 integer_attrib-name_attrib-gen-attrib $-1 -1 $1112 $-1 $623 copy keep_kept ignore copy @9 Imported1 0 #
-862 plane-surface $-1 -1 $-1 1.7921567353740002 4.8399999999999999 1.9921567353740002 0.70710678118654791 0 -0.70710678118654724 707.10678118654721 0 707.10678118654789 forward_v I I I I #
-863 coedge $-1 -1 $-1 $1113 $1114 $625 $864 reversed $1115 $-1 #
-864 edge $-1 -1 $-1 $875 -0.00015000000000002346 $1116 0.00015000000000002389 $625 $1117 forward @7 unknown #
-865 coedge $-1 -1 $-1 $646 $626 $629 $869 forward $647 $-1 #
-866 straight-curve $-1 -1 $-1 2 3.7999999999999998 2.2000000000000006 0 1000 0 I I #
-867 coedge $-1 -1 $-1 $1118 $628 $660 $903 reversed $630 $-1 #
-868 coedge $-1 -1 $-1 $629 $1118 $1119 $1120 reversed $630 $-1 #
-869 edge $-1 -1 $-1 $631 -0.00029393476368198954 $1121 -1.1092051207662288e-05 $865 $1122 forward @7 unknown #
-870 face $1123 -1 $-1 $1124 $630 $17 $-1 $1125 reversed single #
-871 point $-1 -1 $-1 2 2.7999999999999994 2.2000000000000006 #
-872 straight-curve $-1 -1 $-1 2.007843264626 2.7999999999999989 3.7921567353740002 707.10678118654789 0 -707.10678118654721 I I #
-873 coedge $-1 -1 $-1 $1126 $640 $636 $874 reversed $878 $-1 #
-874 edge $-1 -1 $-1 $1116 7.2304884778221652e-18 $435 0.00033166247903540665 $636 $1127 forward @7 unknown #
-875 vertex $-1 -1 $-1 $1128 $1129 #
-876 straight-curve $-1 -1 $-1 0.75000000000000022 8.5000000000001439 2.7500000000000475 301.51134457802385 904.53403373321316 301.51134457773685 I I #
-877 coedge $-1 -1 $-1 $640 $1126 $911 $1130 forward $878 $-1 #
-878 loop $-1 -1 $-1 $-1 $1126 $917 #
-879 straight-curve $-1 -1 $-1 1.25 8.5 3.0000000000000004 0 0 1000 I I #
-880 coedge $-1 -1 $-1 $1131 $1132 $643 $881 forward $1133 $-1 #
-881 edge $-1 -1 $-1 $892 -0.00014142135623722578 $885 0.00014142135623715441 $880 $1134 forward @7 unknown #
-882 coedge $-1 -1 $-1 $1119 $644 $646 $887 reversed $884 $-1 #
-883 coedge $-1 -1 $-1 $644 $1135 $1131 $1136 forward $884 $-1 #
-884 loop $-1 -1 $-1 $-1 $883 $908 #
-885 vertex $-1 -1 $-1 $881 $1137 #
-886 straight-curve $-1 -1 $-1 1 4.7999999999999989 2 1000 0 0 I I #
-887 edge $-1 -1 $-1 $1121 -0.0010000000000000005 $648 0.00099999999999999915 $646 $1138 forward @7 unknown #
-888 point $-1 -1 $-1 1.8000000000001035 4.7999999999999989 2.0000000000001035 #
-889 coedge $-1 -1 $-1 $1139 $651 $1132 $1140 reversed $891 $-1 #
-890 coedge $-1 -1 $-1 $651 $1139 $653 $895 reversed $891 $-1 #
-891 loop $-1 -1 $-1 $-1 $890 $1141 #
-892 vertex $-1 -1 $-1 $652 $1142 #
-893 straight-curve $-1 -1 $-1 0 4.7999999999999989 2.9999999999999996 -0 -0 -1000 I I #
-894 coedge $-1 -1 $-1 $654 $653 $1143 $1144 forward $655 $-1 #
-895 edge $-1 -1 $-1 $656 -0.00099999999999999915 $1145 0.00099999999999999959 $653 $1146 forward @7 unknown #
-896 face $1147 -1 $-1 $1148 $655 $17 $-1 $1149 forward single #
-897 point $-1 -1 $-1 6.5535997920249285e-15 4.7999999999999989 3.8000000000001033 #
-898 coedge $-1 -1 $-1 $904 $658 $1150 $1151 forward $448 $-1 #
-899 coedge $-1 -1 $-1 $1143 $1152 $658 $900 reversed $1153 $-1 #
-900 edge $-1 -1 $-1 $901 -0.00079999999999981464 $1154 -0.00069999999999999999 $658 $1155 forward @7 unknown #
-901 vertex $-1 -1 $-1 $1144 $1156 #
-902 straight-curve $-1 -1 $-1 0.20000000000000001 3.7999999999999998 4 -0 -1000 -0 I I #
-903 edge $-1 -1 $-1 $1157 0.00070000000000000021 $664 0.00080000000000020658 $660 $1158 forward @7 unknown #
-904 coedge $-1 -1 $-1 $661 $898 $1159 $1160 forward $448 $-1 #
-905 coedge $-1 -1 $-1 $1161 $1162 $661 $906 reversed $1163 $-1 #
-906 edge $-1 -1 $-1 $1164 -0.00025000000000000933 $1157 0.00025000000000000001 $661 $1165 forward @7 unknown #
-907 integer_attrib-name_attrib-gen-attrib $-1 -1 $1166 $-1 $662 copy keep_kept ignore copy @9 Imported1 0 #
-908 face $1167 -1 $-1 $1168 $884 $17 $-1 $1169 forward single #
-909 plane-surface $-1 -1 $-1 0.16800000000000004 2.7600000000000002 4 0 0 1 1000 0 0 forward_v I I I I #
-910 point $-1 -1 $-1 1.8000000000002065 2.7999999999999994 3.9999999999997935 #
-911 coedge $-1 -1 $-1 $1170 $666 $877 $1130 reversed $913 $-1 #
-912 coedge $-1 -1 $-1 $666 $1170 $673 $677 reversed $913 $-1 #
-913 loop $-1 -1 $-1 $-1 $666 $1168 #
-914 straight-curve $-1 -1 $-1 1 8.5 3.2500000000000004 -1000 -0 -0 I I #
-915 point $-1 -1 $-1 1.25 8.5 3.2500000000000244 #
-916 integer_attrib-name_attrib-gen-attrib $-1 -1 $-1 $-1 $671 copy keep_kept ignore copy @9 Imported1 0 #
-917 face $1171 -1 $-1 $1172 $878 $17 $-1 $1173 forward single #
-918 plane-surface $-1 -1 $-1 0.85350761457400004 8.8105228437220013 2.7389079487920007 -0.94868329805051377 0.31622776601683811 0 -316.22776601683813 -948.68329805051371 0 forward_v I I I I #
-919 coedge $-1 -1 $-1 $674 $673 $1113 $1128 forward $675 $-1 #
-920 vertex $-1 -1 $-1 $1174 $1175 #
-921 straight-curve $-1 -1 $-1 0.75000000000004774 8.5000000000001439 3.2500000000000004 301.51134457773776 904.53403373321305 -301.51134457802317 I I #
-922 rgb_color-st-attrib $-1 -1 $-1 $679 $465 0.15686274509803921 0.1803921568627451 0.16862745098039217 #
-923 integer_attrib-name_attrib-gen-attrib $-1 -1 $1176 $-1 $680 copy keep_kept ignore copy @9 Imported1 0 #
-924 plane-surface $-1 -1 $-1 1.7921567353740002 4.8399999999999999 3.9921567353739995 0.70710678118654857 0 -0.70710678118654646 707.10678118654641 0 707.10678118654857 forward_v I I I I #
-925 coedge $-1 -1 $-1 $1177 $1178 $682 $926 reversed $1179 $-1 #
-926 edge $-1 -1 $-1 $937 -0.00015000000000002346 $1180 0.00015000000000002389 $682 $1181 forward @7 unknown #
-927 coedge $-1 -1 $-1 $703 $683 $686 $931 forward $704 $-1 #
-928 straight-curve $-1 -1 $-1 2 3.7999999999999998 4.1999999999999993 0 1000 0 I I #
-929 coedge $-1 -1 $-1 $1182 $685 $717 $965 reversed $687 $-1 #
-930 coedge $-1 -1 $-1 $686 $1182 $1183 $1184 reversed $687 $-1 #
-931 edge $-1 -1 $-1 $688 -0.0002939347636819897 $1185 -1.1092051207663388e-05 $927 $1186 forward @7 unknown #
-932 face $1187 -1 $-1 $1188 $687 $19 $-1 $1189 reversed single #
-933 point $-1 -1 $-1 2 2.7999999999999998 4.2000000000000002 #
-934 straight-curve $-1 -1 $-1 2.007843264626 2.7999999999999989 5.7921567353740002 707.10678118654789 0 -707.10678118654721 I I #
-935 coedge $-1 -1 $-1 $1190 $697 $693 $936 reversed $940 $-1 #
-936 edge $-1 -1 $-1 $1180 7.2304884778221698e-18 $479 0.00033166247903540665 $693 $1191 forward @7 unknown #
-937 vertex $-1 -1 $-1 $1192 $1193 #
-938 straight-curve $-1 -1 $-1 0.75000000000000022 8.5000000000001439 4.7500000000000497 301.51134457802408 904.53403373321385 301.51134457773446 I I #
-939 coedge $-1 -1 $-1 $697 $1190 $973 $1194 forward $940 $-1 #
-940 loop $-1 -1 $-1 $-1 $1190 $979 #
-941 straight-curve $-1 -1 $-1 1.25 8.5 5 0 0 1000 I I #
-942 coedge $-1 -1 $-1 $1195 $1196 $700 $943 forward $1197 $-1 #
-943 edge $-1 -1 $-1 $954 -0.00014142135623722578 $947 0.00014142135623715374 $942 $1198 forward @7 unknown #
-944 coedge $-1 -1 $-1 $1183 $701 $703 $949 reversed $946 $-1 #
-945 coedge $-1 -1 $-1 $701 $1199 $1195 $1200 forward $946 $-1 #
-946 loop $-1 -1 $-1 $-1 $945 $970 #
-947 vertex $-1 -1 $-1 $943 $1201 #
-948 straight-curve $-1 -1 $-1 1 4.7999999999999989 4 1000 0 0 I I #
-949 edge $-1 -1 $-1 $1185 -0.001 $705 0.00099999999999999915 $703 $1202 forward @7 unknown #
-950 point $-1 -1 $-1 1.8000000000001035 4.7999999999999989 4.000000000000103 #
-951 coedge $-1 -1 $-1 $1203 $708 $1196 $1204 reversed $953 $-1 #
-952 coedge $-1 -1 $-1 $708 $1203 $710 $957 reversed $953 $-1 #
-953 loop $-1 -1 $-1 $-1 $952 $1205 #
-954 vertex $-1 -1 $-1 $709 $1206 #
-955 straight-curve $-1 -1 $-1 0 4.7999999999999989 4.9999999999999991 -0 -0 -1000 I I #
-956 coedge $-1 -1 $-1 $711 $710 $1207 $1208 forward $712 $-1 #
-957 edge $-1 -1 $-1 $713 -0.00099999999999999915 $1209 0.00099999999999999959 $710 $1210 forward @7 unknown #
-958 face $1211 -1 $-1 $1212 $712 $19 $-1 $1213 forward single #
-959 point $-1 -1 $-1 6.5823989122315747e-15 4.7999999999999989 5.8000000000001037 #
-960 coedge $-1 -1 $-1 $966 $715 $1214 $1215 forward $492 $-1 #
-961 coedge $-1 -1 $-1 $1207 $1216 $715 $962 reversed $1217 $-1 #
-962 edge $-1 -1 $-1 $963 -0.00079999999999981464 $1218 -0.00069999999999999999 $715 $1219 forward @7 unknown #
-963 vertex $-1 -1 $-1 $1208 $1220 #
-964 straight-curve $-1 -1 $-1 0.20000000000000001 3.7999999999999998 6 -0 -1000 -0 I I #
-965 edge $-1 -1 $-1 $1221 0.00070000000000000021 $721 0.00080000000000020658 $717 $1222 forward @7 unknown #
-966 coedge $-1 -1 $-1 $718 $960 $1223 $1224 forward $492 $-1 #
-967 coedge $-1 -1 $-1 $1225 $1226 $718 $968 reversed $1227 $-1 #
-968 edge $-1 -1 $-1 $1228 -0.00025000000000000933 $1221 0.00025000000000000001 $718 $1229 forward @7 unknown #
-969 integer_attrib-name_attrib-gen-attrib $-1 -1 $1230 $-1 $719 copy keep_kept ignore copy @9 Imported1 0 #
-970 face $1231 -1 $-1 $1232 $946 $19 $-1 $1233 forward single #
-971 plane-surface $-1 -1 $-1 0.16800000000000004 2.7600000000000002 6 0 0 1 1000 0 0 forward_v I I I I #
-972 point $-1 -1 $-1 1.8000000000002065 2.7999999999999994 5.9999999999997939 #
-973 coedge $-1 -1 $-1 $1234 $723 $939 $1194 reversed $975 $-1 #
-974 coedge $-1 -1 $-1 $723 $1234 $730 $734 reversed $975 $-1 #
-975 loop $-1 -1 $-1 $-1 $723 $1232 #
-976 straight-curve $-1 -1 $-1 1 8.5 5.25 -1000 -0 -0 I I #
-977 point $-1 -1 $-1 1.25 8.5 5.250000000000024 #
-978 integer_attrib-name_attrib-gen-attrib $-1 -1 $-1 $-1 $728 copy keep_kept ignore copy @9 Imported1 0 #
-979 face $1235 -1 $-1 $1236 $940 $19 $-1 $1237 forward single #
-980 plane-surface $-1 -1 $-1 0.85350761457400004 8.8105228437220013 4.7389079487920007 -0.94868329805051377 0.31622776601683811 0 -316.22776601683813 -948.68329805051371 0 forward_v I I I I #
-981 coedge $-1 -1 $-1 $731 $730 $1177 $1192 forward $732 $-1 #
-982 vertex $-1 -1 $-1 $1238 $1239 #
-983 straight-curve $-1 -1 $-1 0.75000000000004774 8.5000000000001439 5.25 301.51134457773765 904.5340337332126 -301.51134457802431 I I #
-984 rgb_color-st-attrib $-1 -1 $-1 $737 $509 0.15686274509803921 0.1803921568627451 0.16862745098039217 #
-985 coedge $-1 -1 $-1 $1240 $739 $795 $1000 reversed $987 $-1 #
-986 coedge $-1 -1 $-1 $739 $1240 $998 $1241 reversed $987 $-1 #
-987 loop $-1 -1 $-1 $-1 $1240 $1044 #
-988 vertex $-1 -1 $-1 $1241 $1242 #
-989 straight-curve $-1 -1 $-1 1 8.7999999999998604 -0.84999999999995279 -1000 -0 -0 I I #
-990 coedge $-1 -1 $-1 $744 $743 $1034 $1243 forward $516 $-1 #
-991 coedge $-1 -1 $-1 $1244 $758 $744 $992 forward $760 $-1 #
-992 edge $-1 -1 $-1 $993 -0.00080000000000003007 $1245 -0.00069999999999999999 $991 $1246 forward @7 unknown #
-993 vertex $-1 -1 $-1 $745 $1247 #
-994 straight-curve $-1 -1 $-1 0.20784326462640001 2.8000000000000007 0.007843264626416999 707.10678118654755 0 707.10678118654755 I I #
-995 integer_attrib-name_attrib-gen-attrib $-1 -1 $1248 $-1 $746 copy keep_kept ignore copy @9 Imported1 0 #
-996 face $1249 -1 $-1 $1250 $1251 $13 $-1 $1252 forward single #
-997 plane-surface $-1 -1 $-1 -0.040000000000000001 2.7999999999999998 0.040000000000000001 0 1 0 1000 0 0 forward_v I I I I #
-998 coedge $-1 -1 $-1 $753 $749 $986 $1241 forward $754 $-1 #
-999 straight-curve $-1 -1 $-1 0.85000000000000009 8.7999999999998604 -0.8499999999999529 -301.51134457802334 -904.53403373321271 301.51134457773765 I I #
-1000 edge $-1 -1 $-1 $796 -0.00014999999999998947 $751 0.0001500000000000472 $795 $1253 forward @7 unknown #
-1001 point $-1 -1 $-1 1.1500000000000239 8.7999999999998604 -0.84999999999995279 #
-1002 edge $-1 -1 $-1 $1254 -6.8923961925103473e-17 $554 0.00033166247903540676 $753 $1255 forward @7 unknown #
-1003 coedge $-1 -1 $-1 $1256 $756 $759 $1008 reversed $1005 $-1 #
-1004 coedge $-1 -1 $-1 $756 $1256 $765 $1012 forward $1005 $-1 #
-1005 loop $-1 -1 $-1 $-1 $756 $1020 #
-1006 straight-curve $-1 -1 $-1 1.9000000000000001 4.7999999999999998 -0.099999999999991512 -707.10678118520786 0 707.10678118788712 I I #
-1007 coedge $-1 -1 $-1 $759 $1257 $1258 $1259 forward $760 $-1 #
-1008 edge $-1 -1 $-1 $1260 -0.001 $761 0.00099999999999999915 $759 $1261 forward @7 unknown #
-1009 point $-1 -1 $-1 1.8000000000002068 4.7999999999999989 -1.3027578487007953e-14 #
-1010 straight-curve $-1 -1 $-1 0.19999999999995696 3.7999999999999998 -2.6052192358700516e-14 0 1000 0 I I #
-1011 coedge $-1 -1 $-1 $766 $765 $1262 $1263 forward $767 $-1 #
-1012 edge $-1 -1 $-1 $1264 -0.00099999999999999959 $768 0.00099999999999999915 $1004 $1265 forward @7 unknown #
-1013 face $1266 -1 $-1 $1267 $767 $13 $-1 $1268 forward single #
-1014 point $-1 -1 $-1 1.9999999999998967 4.7999999999999989 -0.19999999999998921 #
-1015 coedge $-1 -1 $-1 $1262 $775 $770 $1016 reversed $1025 $-1 #
-1016 edge $-1 -1 $-1 $1017 -0.00029393476368169691 $777 -1.1092051207370404e-05 $770 $1269 forward @7 unknown #
-1017 vertex $-1 -1 $-1 $1016 $1270 #
-1018 straight-curve $-1 -1 $-1 1.9999999999995868 3.7999999999999998 -1.8000000000004137 0 -1000 0 I I #
-1019 integer_attrib-name_attrib-gen-attrib $-1 -1 $1271 $-1 $772 copy keep_kept ignore copy @9 Imported1 0 #
-1020 face $1272 -1 $-1 $1013 $1005 $13 $-1 $1273 forward single #
-1021 plane-surface $-1 -1 $-1 1.7921567353740002 4.8399999999999999 -2.007843264626 0.70710678118654757 0 -0.70710678118654757 707.10678118654744 0 707.10678118654744 forward_v I I I I #
-1022 coedge $-1 -1 $-1 $1274 $1275 $774 $1023 reversed $1276 $-1 #
-1023 edge $-1 -1 $-1 $1026 -0.00025000000000000976 $1277 0.00024999999999999957 $774 $1278 forward @7 unknown #
-1024 coedge $-1 -1 $-1 $775 $1258 $1274 $1279 reversed $1025 $-1 #
-1025 loop $-1 -1 $-1 $-1 $1024 $1267 #
-1026 vertex $-1 -1 $-1 $776 $1280 #
-1027 straight-curve $-1 -1 $-1 1 2.7999999999999998 -2 -1000 -0 -0 I I #
-1028 point $-1 -1 $-1 1.8000000000000003 2.8000000000000003 -2 #
-1029 vertex $-1 -1 $-1 $779 $1281 #
-1030 straight-curve $-1 -1 $-1 1 2.7999999999999998 -2 -1000 -0 -0 I I #
-1031 coedge $-1 -1 $-1 $1282 $1283 $780 $1032 reversed $1284 $-1 #
-1032 edge $-1 -1 $-1 $1277 -0.00070000000000000021 $1036 0.00069999999999999988 $780 $1285 forward @7 unknown #
-1033 coedge $-1 -1 $-1 $1286 $781 $1283 $1287 forward $1035 $-1 #
-1034 coedge $-1 -1 $-1 $781 $1286 $990 $1243 reversed $1035 $-1 #
-1035 loop $-1 -1 $-1 $-1 $1033 $1288 #
-1036 vertex $-1 -1 $-1 $1032 $1289 #
-1037 straight-curve $-1 -1 $-1 0.30000000000000004 3.0500000000000003 -2 0 -1000 0 I I #
-1038 rgb_color-st-attrib $-1 -1 $-1 $783 $548 0.15686274509803921 0.1803921568627451 0.16862745098039217 #
-1039 integer_attrib-name_attrib-gen-attrib $-1 -1 $1290 $-1 $784 copy keep_kept ignore copy @9 Imported1 0 #
-1040 face $1291 -1 $-1 $772 $789 $13 $-1 $1292 forward single #
-1041 plane-surface $-1 -1 $-1 0.16800000000000004 2.7600000000000002 0 0 0 1 1000 0 0 forward_v I I I I #
-1042 coedge $-1 -1 $-1 $788 $787 $1240 $1046 reversed $789 $-1 #
-1043 integer_attrib-name_attrib-gen-attrib $-1 -1 $-1 $-1 $793 copy keep_kept ignore copy @9 Imported1 0 #
-1044 face $1293 -1 $-1 $548 $987 $13 $-1 $1294 forward single #
-1045 plane-surface $-1 -1 $-1 0.85350761457400004 8.8105228437220013 -1.2610920512079999 -0.94868329805051377 0.31622776601683811 0 -316.22776601683813 -948.68329805051371 0 forward_v I I I I #
-1046 edge $-1 -1 $-1 $796 -0.00015000000000002612 $1254 0.00015000000000002612 $1240 $1295 forward @7 unknown #
-1047 point $-1 -1 $-1 1.1500000000000261 8.7999999999999261 -1.1499999999999895 #
-1048 rgb_color-st-attrib $-1 -1 $-1 $799 $566 0.15686274509803921 0.1803921568627451 0.16862745098039217 #
-1049 coedge $-1 -1 $-1 $1296 $801 $857 $1064 reversed $1051 $-1 #
-1050 coedge $-1 -1 $-1 $801 $1296 $1062 $1297 reversed $1051 $-1 #
-1051 loop $-1 -1 $-1 $-1 $1296 $1108 #
-1052 vertex $-1 -1 $-1 $1297 $1298 #
-1053 straight-curve $-1 -1 $-1 1 8.7999999999998604 0.84999999999995279 1000 0 0 I I #
-1054 coedge $-1 -1 $-1 $806 $805 $1098 $1299 forward $573 $-1 #
-1055 coedge $-1 -1 $-1 $1300 $820 $806 $1056 forward $822 $-1 #
-1056 edge $-1 -1 $-1 $1057 -0.00080000000000040065 $1301 -0.00070000000000000021 $1055 $1302 forward @7 unknown #
-1057 vertex $-1 -1 $-1 $807 $1303 #
-1058 straight-curve $-1 -1 $-1 1.7921567353740002 2.7999999999999998 -0.007843264626416999 -707.10678118520786 -0 -707.10678118788724 I I #
-1059 integer_attrib-name_attrib-gen-attrib $-1 -1 $1304 $-1 $808 copy keep_kept ignore copy @9 Imported1 0 #
-1060 face $1305 -1 $-1 $1306 $1307 $15 $-1 $1308 forward single #
-1061 plane-surface $-1 -1 $-1 2.04 2.7999999999999998 -0.040000000000000001 0 1 0 -1000 0 0 forward_v I I I I #
-1062 coedge $-1 -1 $-1 $815 $811 $1050 $1297 forward $816 $-1 #
-1063 straight-curve $-1 -1 $-1 1.1499999999999999 8.7999999999998604 0.8499999999999529 301.51134457802374 -904.53403373321282 -301.51134457773776 I I #
-1064 edge $-1 -1 $-1 $858 -0.00014999999999998947 $813 0.0001500000000000472 $857 $1309 forward @7 unknown #
-1065 point $-1 -1 $-1 0.84999999999997655 8.7999999999998604 0.84999999999995279 #
-1066 edge $-1 -1 $-1 $1310 -6.895743640879708e-17 $611 0.00033166247903540676 $815 $1311 forward @7 unknown #
-1067 coedge $-1 -1 $-1 $1312 $818 $821 $1072 reversed $1069 $-1 #
-1068 coedge $-1 -1 $-1 $818 $1312 $827 $1076 forward $1069 $-1 #
-1069 loop $-1 -1 $-1 $-1 $818 $1084 #
-1070 straight-curve $-1 -1 $-1 0.099999999999991512 4.7999999999999998 0.099999999999991512 707.10678118654755 0 -707.10678118654755 I I #
-1071 coedge $-1 -1 $-1 $821 $1313 $1314 $1315 forward $822 $-1 #
-1072 edge $-1 -1 $-1 $1316 -0.00099999999999999959 $823 0.00099999999999999915 $821 $1317 forward @7 unknown #
-1073 point $-1 -1 $-1 0.19999999999997853 4.7999999999999989 1.303096661879697e-14 #
-1074 straight-curve $-1 -1 $-1 1.8000000000004137 3.7999999999999998 2.6052192358700516e-14 0 1000 0 I I #
-1075 coedge $-1 -1 $-1 $828 $827 $1318 $1319 forward $829 $-1 #
-1076 edge $-1 -1 $-1 $1320 -0.00099999999999999959 $830 0.00099999999999999915 $1068 $1321 forward @7 unknown #
-1077 face $1322 -1 $-1 $1323 $829 $15 $-1 $1324 forward single #
-1078 point $-1 -1 $-1 6.5328474848171982e-15 4.7999999999999989 0.19999999999998924 #
-1079 coedge $-1 -1 $-1 $1318 $837 $832 $1080 reversed $1089 $-1 #
-1080 edge $-1 -1 $-1 $1081 -0.0002939347636819801 $839 -1.1092051207522292e-05 $832 $1325 forward @7 unknown #
-1081 vertex $-1 -1 $-1 $1080 $1326 #
-1082 straight-curve $-1 -1 $-1 2.6055580490489533e-14 3.7999999999999998 1.8000000000004137 0 -1000 0 I I #
-1083 integer_attrib-name_attrib-gen-attrib $-1 -1 $1327 $-1 $834 copy keep_kept ignore copy @9 Imported1 0 #
-1084 face $1328 -1 $-1 $1077 $1069 $15 $-1 $1329 forward single #
-1085 plane-surface $-1 -1 $-1 0.20784326462640001 4.8399999999999999 2.007843264626 -0.70710678118520787 0 0.70710678118788728 -707.10678118788712 0 -707.10678118520775 forward_v I I I I #
-1086 coedge $-1 -1 $-1 $1330 $1331 $836 $1087 reversed $1332 $-1 #
-1087 edge $-1 -1 $-1 $1090 -0.00025000000000000976 $1333 0.00024999999999999957 $836 $1334 forward @7 unknown #
-1088 coedge $-1 -1 $-1 $837 $1314 $1330 $1335 reversed $1089 $-1 #
-1089 loop $-1 -1 $-1 $-1 $1088 $1323 #
-1090 vertex $-1 -1 $-1 $838 $1336 #
-1091 straight-curve $-1 -1 $-1 1 2.7999999999999998 2 1000 0 0 I I #
-1092 point $-1 -1 $-1 0.20000000000018517 2.7999999999999998 2 #
-1093 vertex $-1 -1 $-1 $841 $1337 #
-1094 straight-curve $-1 -1 $-1 1 2.7999999999999998 2 1000 0 0 I I #
-1095 coedge $-1 -1 $-1 $1338 $1339 $842 $1096 reversed $1340 $-1 #
-1096 edge $-1 -1 $-1 $1333 -0.00069999999999999999 $1100 0.00070000000000000021 $842 $1341 forward @7 unknown #
-1097 coedge $-1 -1 $-1 $1342 $843 $1339 $1343 forward $1099 $-1 #
-1098 coedge $-1 -1 $-1 $843 $1342 $1054 $1299 reversed $1099 $-1 #
-1099 loop $-1 -1 $-1 $-1 $1097 $1344 #
-1100 vertex $-1 -1 $-1 $1096 $1345 #
-1101 straight-curve $-1 -1 $-1 1.7000000000000002 3.0500000000000003 2 0 -1000 0 I I #
-1102 rgb_color-st-attrib $-1 -1 $-1 $845 $605 0.15686274509803921 0.1803921568627451 0.16862745098039217 #
-1103 integer_attrib-name_attrib-gen-attrib $-1 -1 $1346 $-1 $846 copy keep_kept ignore copy @9 Imported1 0 #
-1104 face $1347 -1 $-1 $834 $851 $15 $-1 $1348 forward single #
-1105 plane-surface $-1 -1 $-1 1.8320000000000001 2.7600000000000002 0 0 0 -1 -1000 0 0 forward_v I I I I #
-1106 coedge $-1 -1 $-1 $850 $849 $1296 $1110 reversed $851 $-1 #
-1107 integer_attrib-name_attrib-gen-attrib $-1 -1 $-1 $-1 $855 copy keep_kept ignore copy @9 Imported1 0 #
-1108 face $1349 -1 $-1 $605 $1051 $15 $-1 $1350 forward single #
-1109 plane-surface $-1 -1 $-1 1.1464923854260003 8.8105228437220013 1.2610920512079999 0.9486832980505141 0.31622776601683694 0 316.22776601683694 -948.68329805051405 0 forward_v I I I I #
-1110 edge $-1 -1 $-1 $858 -0.00015000000000002612 $1310 0.00015000000000002612 $1296 $1351 forward @7 unknown #
-1111 point $-1 -1 $-1 0.84999999999997389 8.7999999999999261 1.1499999999999895 #
-1112 rgb_color-st-attrib $-1 -1 $-1 $861 $623 0.15686274509803921 0.1803921568627451 0.16862745098039217 #
-1113 coedge $-1 -1 $-1 $1352 $863 $919 $1128 reversed $1115 $-1 #
-1114 coedge $-1 -1 $-1 $863 $1352 $1126 $1353 reversed $1115 $-1 #
-1115 loop $-1 -1 $-1 $-1 $1352 $1172 #
-1116 vertex $-1 -1 $-1 $1353 $1354 #
-1117 straight-curve $-1 -1 $-1 1 8.7999999999998604 2.8499999999999526 1000 0 0 I I #
-1118 coedge $-1 -1 $-1 $868 $867 $1162 $1355 forward $630 $-1 #
-1119 coedge $-1 -1 $-1 $1356 $882 $868 $1120 forward $884 $-1 #
-1120 edge $-1 -1 $-1 $1121 -0.0008000000000002068 $1357 -0.00070000000000000021 $1119 $1358 forward @7 unknown #
-1121 vertex $-1 -1 $-1 $869 $1359 #
-1122 straight-curve $-1 -1 $-1 1.7921567353740002 2.7999999999999989 1.9921567353740002 -707.10678118654721 -0 -707.10678118654789 I I #
-1123 integer_attrib-name_attrib-gen-attrib $-1 -1 $1360 $-1 $870 copy keep_kept ignore copy @9 Imported1 0 #
-1124 face $1361 -1 $-1 $1362 $1363 $17 $-1 $1364 forward single #
-1125 plane-surface $-1 -1 $-1 2.04 2.7999999999999998 1.96 0 1 0 -1000 0 0 forward_v I I I I #
-1126 coedge $-1 -1 $-1 $877 $873 $1114 $1353 forward $878 $-1 #
-1127 straight-curve $-1 -1 $-1 1.1499999999999999 8.7999999999998604 2.8499999999999526 301.51134457802385 -904.53403373321316 -301.51134457773685 I I #
-1128 edge $-1 -1 $-1 $920 -0.00014999999999998925 $875 0.00015000000000004788 $919 $1365 forward @7 unknown #
-1129 point $-1 -1 $-1 0.84999999999997655 8.7999999999998604 2.8499999999999526 #
-1130 edge $-1 -1 $-1 $1366 -6.9024385376184331e-17 $668 0.00033166247903540676 $877 $1367 forward @7 unknown #
-1131 coedge $-1 -1 $-1 $1368 $880 $883 $1136 reversed $1133 $-1 #
-1132 coedge $-1 -1 $-1 $880 $1368 $889 $1140 forward $1133 $-1 #
-1133 loop $-1 -1 $-1 $-1 $880 $1148 #
-1134 straight-curve $-1 -1 $-1 0.099999999999991512 4.7999999999999998 2.1000000000000001 707.10678118788678 0 -707.10678118520821 I I #
-1135 coedge $-1 -1 $-1 $883 $1369 $1370 $1371 forward $884 $-1 #
-1136 edge $-1 -1 $-1 $1372 -0.001 $885 0.00099999999999999915 $883 $1373 forward @7 unknown #
-1137 point $-1 -1 $-1 0.19999999999997856 4.7999999999999989 2.0000000000002065 #
-1138 straight-curve $-1 -1 $-1 1.8000000000004137 3.7999999999999998 2.0000000000004134 0 1000 0 I I #
-1139 coedge $-1 -1 $-1 $890 $889 $1374 $1375 forward $891 $-1 #
-1140 edge $-1 -1 $-1 $1376 -0.00099999999999999959 $892 0.00099999999999999915 $1132 $1377 forward @7 unknown #
-1141 face $1378 -1 $-1 $1379 $891 $17 $-1 $1380 forward single #
-1142 point $-1 -1 $-1 6.5396237483952326e-15 4.7999999999999989 2.1999999999998967 #
-1143 coedge $-1 -1 $-1 $1374 $899 $894 $1144 reversed $1153 $-1 #
-1144 edge $-1 -1 $-1 $1145 -0.00029393476368197956 $901 -1.1092051207521823e-05 $894 $1381 forward @7 unknown #
-1145 vertex $-1 -1 $-1 $1144 $1382 #
-1146 straight-curve $-1 -1 $-1 2.6055580490489533e-14 3.7999999999999998 3.8000000000004133 0 -1000 0 I I #
-1147 integer_attrib-name_attrib-gen-attrib $-1 -1 $1383 $-1 $896 copy keep_kept ignore copy @9 Imported1 0 #
-1148 face $1384 -1 $-1 $1141 $1133 $17 $-1 $1385 forward single #
-1149 plane-surface $-1 -1 $-1 0.20784326462640001 4.8399999999999999 4.0078432646259996 -0.70710678118520753 0 0.70710678118788761 -707.10678118788746 0 -707.10678118520741 forward_v I I I I #
-1150 coedge $-1 -1 $-1 $1386 $1387 $898 $1151 reversed $1388 $-1 #
-1151 edge $-1 -1 $-1 $1154 -0.00025000000000000976 $1389 0.00024999999999999957 $898 $1390 forward @7 unknown #
-1152 coedge $-1 -1 $-1 $899 $1370 $1386 $1391 reversed $1153 $-1 #
-1153 loop $-1 -1 $-1 $-1 $1152 $1379 #
-1154 vertex $-1 -1 $-1 $900 $1392 #
-1155 straight-curve $-1 -1 $-1 1 2.7999999999999998 4 1000 0 0 I I #
-1156 point $-1 -1 $-1 0.20000000000018539 2.8000000000000003 4 #
-1157 vertex $-1 -1 $-1 $903 $1393 #
-1158 straight-curve $-1 -1 $-1 1 2.7999999999999998 4 1000 0 0 I I #
-1159 coedge $-1 -1 $-1 $1394 $1395 $904 $1160 reversed $1396 $-1 #
-1160 edge $-1 -1 $-1 $1389 -0.00069999999999999999 $1164 0.00070000000000000021 $904 $1397 forward @7 unknown #
-1161 coedge $-1 -1 $-1 $1398 $905 $1395 $1399 forward $1163 $-1 #
-1162 coedge $-1 -1 $-1 $905 $1398 $1118 $1355 reversed $1163 $-1 #
-1163 loop $-1 -1 $-1 $-1 $1161 $1400 #
-1164 vertex $-1 -1 $-1 $1160 $1401 #
-1165 straight-curve $-1 -1 $-1 1.7000000000000002 3.0500000000000003 4 0 -1000 0 I I #
-1166 rgb_color-st-attrib $-1 -1 $-1 $907 $662 0.15686274509803921 0.1803921568627451 0.16862745098039217 #
-1167 integer_attrib-name_attrib-gen-attrib $-1 -1 $1402 $-1 $908 copy keep_kept ignore copy @9 Imported1 0 #
-1168 face $1403 -1 $-1 $896 $913 $17 $-1 $1404 forward single #
-1169 plane-surface $-1 -1 $-1 1.8320000000000001 2.7600000000000002 2 0 0 -1 -1000 0 0 forward_v I I I I #
-1170 coedge $-1 -1 $-1 $912 $911 $1352 $1174 reversed $913 $-1 #
-1171 integer_attrib-name_attrib-gen-attrib $-1 -1 $-1 $-1 $917 copy keep_kept ignore copy @9 Imported1 0 #
-1172 face $1405 -1 $-1 $662 $1115 $17 $-1 $1406 forward single #
-1173 plane-surface $-1 -1 $-1 1.1464923854260003 8.8105228437220013 3.2610920512080002 0.9486832980505141 0.31622776601683694 0 316.22776601683694 -948.68329805051405 0 forward_v I I I I #
-1174 edge $-1 -1 $-1 $920 -0.00015000000000002612 $1366 0.00015000000000002612 $1352 $1407 forward @7 unknown #
-1175 point $-1 -1 $-1 0.84999999999997389 8.7999999999999261 3.1499999999999897 #
-1176 rgb_color-st-attrib $-1 -1 $-1 $923 $680 0.15686274509803921 0.1803921568627451 0.16862745098039217 #
-1177 coedge $-1 -1 $-1 $1408 $925 $981 $1192 reversed $1179 $-1 #
-1178 coedge $-1 -1 $-1 $925 $1408 $1190 $1409 reversed $1179 $-1 #
-1179 loop $-1 -1 $-1 $-1 $1408 $1236 #
-1180 vertex $-1 -1 $-1 $1409 $1410 #
-1181 straight-curve $-1 -1 $-1 1 8.7999999999998604 4.8499999999999526 1000 0 0 I I #
-1182 coedge $-1 -1 $-1 $930 $929 $1226 $1411 forward $687 $-1 #
-1183 coedge $-1 -1 $-1 $1412 $944 $930 $1184 forward $946 $-1 #
-1184 edge $-1 -1 $-1 $1185 -0.00080000000000020723 $1413 -0.00070000000000000021 $1183 $1414 forward @7 unknown #
-1185 vertex $-1 -1 $-1 $931 $1415 #
-1186 straight-curve $-1 -1 $-1 1.7921567353740002 2.7999999999999998 3.9921567353739995 -707.10678118654641 -0 -707.10678118654857 I I #
-1187 integer_attrib-name_attrib-gen-attrib $-1 -1 $1416 $-1 $932 copy keep_kept ignore copy @9 Imported1 0 #
-1188 face $1417 -1 $-1 $1418 $1419 $19 $-1 $1420 forward single #
-1189 plane-surface $-1 -1 $-1 2.04 2.7999999999999998 3.96 0 1 0 -1000 0 0 forward_v I I I I #
-1190 coedge $-1 -1 $-1 $939 $935 $1178 $1409 forward $940 $-1 #
-1191 straight-curve $-1 -1 $-1 1.1499999999999999 8.7999999999998604 4.8499999999999535 301.51134457802408 -904.53403373321385 -301.51134457773446 I I #
-1192 edge $-1 -1 $-1 $982 -0.00014999999999998969 $937 0.00015000000000004655 $981 $1421 forward @7 unknown #
-1193 point $-1 -1 $-1 0.84999999999997655 8.7999999999998604 4.8499999999999535 #
-1194 edge $-1 -1 $-1 $1422 -6.9024385376184344e-17 $725 0.00033166247903540659 $939 $1423 forward @7 unknown #
-1195 coedge $-1 -1 $-1 $1424 $942 $945 $1200 reversed $1197 $-1 #
-1196 coedge $-1 -1 $-1 $942 $1424 $951 $1204 forward $1197 $-1 #
-1197 loop $-1 -1 $-1 $-1 $942 $1212 #
-1198 straight-curve $-1 -1 $-1 0.099999999999991512 4.7999999999999998 4.0999999999999996 707.10678118788621 0 -707.106781185209 I I #
-1199 coedge $-1 -1 $-1 $945 $1425 $1426 $1427 forward $946 $-1 #
-1200 edge $-1 -1 $-1 $1428 -0.0010000000000000005 $947 0.00099999999999999915 $945 $1429 forward @7 unknown #
-1201 point $-1 -1 $-1 0.1999999999999785 4.7999999999999989 4.0000000000002069 #
-1202 straight-curve $-1 -1 $-1 1.8000000000004137 3.7999999999999998 4.000000000000413 0 1000 0 I I #
-1203 coedge $-1 -1 $-1 $952 $951 $1430 $1431 forward $953 $-1 #
-1204 edge $-1 -1 $-1 $1432 -0.0010000000000000005 $954 0.00099999999999999915 $1196 $1433 forward @7 unknown #
-1205 face $1434 -1 $-1 $1435 $953 $19 $-1 $1436 forward single #
-1206 point $-1 -1 $-1 6.4989661669270261e-15 4.7999999999999989 4.1999999999998963 #
-1207 coedge $-1 -1 $-1 $1430 $961 $956 $1208 reversed $1217 $-1 #
-1208 edge $-1 -1 $-1 $1209 -0.00029393476368197956 $963 -1.1092051207521823e-05 $956 $1437 forward @7 unknown #
-1209 vertex $-1 -1 $-1 $1208 $1438 #
-1210 straight-curve $-1 -1 $-1 2.6055580490489533e-14 3.7999999999999998 5.8000000000004137 0 -1000 0 I I #
-1211 integer_attrib-name_attrib-gen-attrib $-1 -1 $1439 $-1 $958 copy keep_kept ignore copy @9 Imported1 0 #
-1212 face $1440 -1 $-1 $1205 $1197 $19 $-1 $1441 forward single #
-1213 plane-surface $-1 -1 $-1 0.20784326462640001 4.8399999999999999 6.0078432646259996 -0.70710678118520753 0 0.70710678118788761 -707.10678118788746 0 -707.10678118520741 forward_v I I I I #
-1214 coedge $-1 -1 $-1 $1442 $1443 $960 $1215 reversed $1444 $-1 #
-1215 edge $-1 -1 $-1 $1218 -0.00025000000000000976 $1445 0.00024999999999999957 $960 $1446 forward @7 unknown #
-1216 coedge $-1 -1 $-1 $961 $1426 $1442 $1447 reversed $1217 $-1 #
-1217 loop $-1 -1 $-1 $-1 $1216 $1435 #
-1218 vertex $-1 -1 $-1 $962 $1448 #
-1219 straight-curve $-1 -1 $-1 1 2.7999999999999998 6 1000 0 0 I I #
-1220 point $-1 -1 $-1 0.20000000000018539 2.8000000000000003 6 #
-1221 vertex $-1 -1 $-1 $965 $1449 #
-1222 straight-curve $-1 -1 $-1 1 2.7999999999999998 6 1000 0 0 I I #
-1223 coedge $-1 -1 $-1 $1450 $1451 $966 $1224 reversed $1452 $-1 #
-1224 edge $-1 -1 $-1 $1445 -0.00069999999999999999 $1228 0.00070000000000000021 $966 $1453 forward @7 unknown #
-1225 coedge $-1 -1 $-1 $1454 $967 $1451 $1455 forward $1227 $-1 #
-1226 coedge $-1 -1 $-1 $967 $1454 $1182 $1411 reversed $1227 $-1 #
-1227 loop $-1 -1 $-1 $-1 $1225 $1456 #
-1228 vertex $-1 -1 $-1 $1224 $1457 #
-1229 straight-curve $-1 -1 $-1 1.7000000000000002 3.0500000000000003 6 0 -1000 0 I I #
-1230 rgb_color-st-attrib $-1 -1 $-1 $969 $719 0.15686274509803921 0.1803921568627451 0.16862745098039217 #
-1231 integer_attrib-name_attrib-gen-attrib $-1 -1 $1458 $-1 $970 copy keep_kept ignore copy @9 Imported1 0 #
-1232 face $1459 -1 $-1 $958 $975 $19 $-1 $1460 forward single #
-1233 plane-surface $-1 -1 $-1 1.8320000000000001 2.7600000000000002 4 0 0 -1 -1000 0 0 forward_v I I I I #
-1234 coedge $-1 -1 $-1 $974 $973 $1408 $1238 reversed $975 $-1 #
-1235 integer_attrib-name_attrib-gen-attrib $-1 -1 $-1 $-1 $979 copy keep_kept ignore copy @9 Imported1 0 #
-1236 face $1461 -1 $-1 $719 $1179 $19 $-1 $1462 forward single #
-1237 plane-surface $-1 -1 $-1 1.1464923854260003 8.8105228437220013 5.2610920512080002 0.9486832980505141 0.31622776601683694 0 316.22776601683694 -948.68329805051405 0 forward_v I I I I #
-1238 edge $-1 -1 $-1 $982 -0.00015000000000002612 $1422 0.00015000000000002612 $1408 $1463 forward @7 unknown #
-1239 point $-1 -1 $-1 0.84999999999997389 8.7999999999999261 5.1499999999999897 #
-1240 coedge $-1 -1 $-1 $986 $985 $1042 $1046 forward $987 $-1 #
-1241 edge $-1 -1 $-1 $988 -0.0001500000000000472 $1254 0.00014999999999998947 $998 $1464 forward @7 unknown #
-1242 point $-1 -1 $-1 0.84999999999997644 8.7999999999998604 -0.84999999999995279 #
-1243 edge $-1 -1 $-1 $1029 -0.001 $1245 0.001 $990 $1465 forward @7 unknown #
-1244 coedge $-1 -1 $-1 $1466 $991 $1286 $1467 forward $760 $-1 #
-1245 vertex $-1 -1 $-1 $992 $1468 #
-1246 straight-curve $-1 -1 $-1 1 2.7999999999999998 0 1000 0 0 I I #
-1247 point $-1 -1 $-1 0.19999999999996998 2.8000000000000003 -1.3023343322271681e-14 #
-1248 rgb_color-st-attrib $-1 -1 $-1 $995 $746 0.15686274509803921 0.1803921568627451 0.16862745098039217 #
-1249 integer_attrib-name_attrib-gen-attrib $-1 -1 $-1 $-1 $996 copy keep_kept ignore copy @9 Imported1 0 #
-1250 face $1469 -1 $-1 $1470 $1471 $13 $-1 $1472 forward single #
-1251 loop $-1 -1 $-1 $-1 $1473 $996 #
-1252 plane-surface $-1 -1 $-1 1.2610920512079999 0.24000000000000002 -1.25 0 0 -1 -1000 0 0 forward_v I I I I #
-1253 straight-curve $-1 -1 $-1 1.1500000000000474 8.7999999999998604 -1 0 0 1000 I I #
-1254 vertex $-1 -1 $-1 $1046 $1474 #
-1255 straight-curve $-1 -1 $-1 0.8499999999999529 8.7999999999998604 -1.1499999999999999 -301.51134457773776 -904.53403373321282 -301.51134457802374 I I #
-1256 coedge $-1 -1 $-1 $1004 $1003 $1475 $1476 forward $1005 $-1 #
-1257 coedge $-1 -1 $-1 $1007 $1466 $1477 $1478 forward $760 $-1 #
-1258 coedge $-1 -1 $-1 $1024 $1475 $1007 $1259 reversed $1025 $-1 #
-1259 edge $-1 -1 $-1 $1479 0.00070000000000000021 $1260 0.00080000000000019411 $1007 $1480 forward @7 unknown #
-1260 vertex $-1 -1 $-1 $1259 $1481 #
-1261 straight-curve $-1 -1 $-1 1.8 3.7999999999999998 0 0 1000 0 I I #
-1262 coedge $-1 -1 $-1 $1475 $1015 $1011 $1263 reversed $1025 $-1 #
-1263 edge $-1 -1 $-1 $1264 -0.000799999999999836 $1017 0.00080000000000020701 $1011 $1482 forward @7 unknown #
-1264 vertex $-1 -1 $-1 $1476 $1483 #
-1265 straight-curve $-1 -1 $-1 1.9999999999995868 3.7999999999999998 -0.19999999999995696 0 1000 0 I I #
-1266 integer_attrib-name_attrib-gen-attrib $-1 -1 $1484 $-1 $1013 copy keep_kept ignore copy @9 Imported1 0 #
-1267 face $1485 -1 $-1 $1486 $1025 $13 $-1 $1487 reversed single #
-1268 plane-surface $-1 -1 $-1 2 2.7600000000000002 -0.16800000000000004 1 0 0 0 0 -1000 forward_v I I I I #
-1269 straight-curve $-1 -1 $-1 1.7921567353740002 2.8000000000000007 -2.007843264626 -707.10678118654755 -0 -707.10678118654755 I I #
-1270 point $-1 -1 $-1 1.9999999999997935 2.8000000000000003 -1.8000000000002068 #
-1271 rgb_color-st-attrib $-1 -1 $-1 $1019 $772 0.15686274509803921 0.1803921568627451 0.16862745098039217 #
-1272 integer_attrib-name_attrib-gen-attrib $-1 -1 $1488 $-1 $1020 copy keep_kept ignore copy @9 Imported1 0 #
-1273 plane-surface $-1 -1 $-1 2.007843264626 4.8399999999999999 -0.20784326462640001 0.70710678118788728 0 0.70710678118520787 -707.10678118520775 0 707.10678118788712 forward_v I I I I #
-1274 coedge $-1 -1 $-1 $1477 $1022 $1024 $1279 forward $1276 $-1 #
-1275 coedge $-1 -1 $-1 $1022 $1477 $1282 $1489 reversed $1276 $-1 #
-1276 loop $-1 -1 $-1 $-1 $1275 $1486 #
-1277 vertex $-1 -1 $-1 $1023 $1490 #
-1278 straight-curve $-1 -1 $-1 1.7000000000000002 3.0500000000000003 -2 0 1000 0 I I #
-1279 edge $-1 -1 $-1 $1026 -0.001 $1479 0.001 $1274 $1491 forward @7 unknown #
-1280 point $-1 -1 $-1 1.7 2.7999999999999905 -2 #
-1281 point $-1 -1 $-1 0.3000000000000001 2.8000000000000003 -2 #
-1282 coedge $-1 -1 $-1 $1492 $1031 $1275 $1489 forward $1284 $-1 #
-1283 coedge $-1 -1 $-1 $1031 $1492 $1033 $1287 reversed $1284 $-1 #
-1284 loop $-1 -1 $-1 $-1 $1031 $1493 #
-1285 straight-curve $-1 -1 $-1 1 3.2999999999999998 -2 -1000 0 0 I I #
-1286 coedge $-1 -1 $-1 $1034 $1033 $1244 $1467 reversed $1035 $-1 #
-1287 edge $-1 -1 $-1 $1036 -0.001 $1494 0.001 $1033 $1495 forward @7 unknown #
-1288 face $1496 -1 $-1 $1497 $1035 $13 $-1 $1498 reversed single #
-1289 point $-1 -1 $-1 0.30000000000000016 3.3000000000000096 -2 #
-1290 rgb_color-st-attrib $-1 -1 $-1 $1039 $784 0.15686274509803921 0.1803921568627451 0.16862745098039217 #
-1291 integer_attrib-name_attrib-gen-attrib $-1 -1 $-1 $-1 $1040 copy keep_kept ignore copy @9 Imported1 0 #
-1292 plane-surface $-1 -1 $-1 1.2610920512079999 8.8105228437220013 -1.1464923854260003 0 0.31622776601683694 -0.9486832980505141 0 -948.68329805051405 -316.22776601683694 forward_v I I I I #
-1293 integer_attrib-name_attrib-gen-attrib $-1 -1 $-1 $-1 $1044 copy keep_kept ignore copy @9 Imported1 0 #
-1294 plane-surface $-1 -1 $-1 0.83890794879200004 8.8000000000000007 -0.83890794879200004 0 1 0 1000 0 0 forward_v I I I I #
-1295 straight-curve $-1 -1 $-1 1 8.8000000000000007 -1.1500000000000001 -1000 -0 -0 I I #
-1296 coedge $-1 -1 $-1 $1050 $1049 $1106 $1110 forward $1051 $-1 #
-1297 edge $-1 -1 $-1 $1052 -0.0001500000000000472 $1310 0.00014999999999998947 $1062 $1499 forward @7 unknown #
-1298 point $-1 -1 $-1 1.1500000000000239 8.7999999999998604 0.84999999999995279 #
-1299 edge $-1 -1 $-1 $1093 -0.001 $1301 0.001 $1054 $1500 forward @7 unknown #
-1300 coedge $-1 -1 $-1 $1501 $1055 $1342 $1502 forward $822 $-1 #
-1301 vertex $-1 -1 $-1 $1056 $1503 #
-1302 straight-curve $-1 -1 $-1 1 2.7999999999999998 0 -1000 0 0 I I #
-1303 point $-1 -1 $-1 1.8000000000004006 2.7999999999999998 1.3041131014164022e-14 #
-1304 rgb_color-st-attrib $-1 -1 $-1 $1059 $808 0.15686274509803921 0.1803921568627451 0.16862745098039217 #
-1305 integer_attrib-name_attrib-gen-attrib $-1 -1 $-1 $-1 $1060 copy keep_kept ignore copy @9 Imported1 0 #
-1306 face $1504 -1 $-1 $1505 $1506 $15 $-1 $1507 forward single #
-1307 loop $-1 -1 $-1 $-1 $1508 $1060 #
-1308 plane-surface $-1 -1 $-1 0.73890794879200017 0.24000000000000002 1.25 0 0 1 1000 0 0 forward_v I I I I #
-1309 straight-curve $-1 -1 $-1 0.84999999999995279 8.7999999999998604 1 -0 -0 -1000 I I #
-1310 vertex $-1 -1 $-1 $1110 $1509 #
-1311 straight-curve $-1 -1 $-1 1.1500000000000472 8.7999999999998604 1.1499999999999999 301.51134457773685 -904.53403373321316 301.51134457802385 I I #
-1312 coedge $-1 -1 $-1 $1068 $1067 $1510 $1511 forward $1069 $-1 #
-1313 coedge $-1 -1 $-1 $1071 $1501 $1512 $1513 forward $822 $-1 #
-1314 coedge $-1 -1 $-1 $1088 $1510 $1071 $1315 reversed $1089 $-1 #
-1315 edge $-1 -1 $-1 $1514 0.00069999999999999999 $1316 0.00080000000000000871 $1071 $1515 forward @7 unknown #
-1316 vertex $-1 -1 $-1 $1315 $1516 #
-1317 straight-curve $-1 -1 $-1 0.20000000000000012 3.7999999999999998 0 0 1000 0 I I #
-1318 coedge $-1 -1 $-1 $1510 $1079 $1075 $1319 reversed $1089 $-1 #
-1319 edge $-1 -1 $-1 $1320 -0.00080000000000002964 $1081 0.00080000000000040043 $1075 $1517 forward @7 unknown #
-1320 vertex $-1 -1 $-1 $1511 $1518 #
-1321 straight-curve $-1 -1 $-1 2.6052192358700516e-14 3.7999999999999998 0.19999999999995696 0 1000 0 I I #
-1322 integer_attrib-name_attrib-gen-attrib $-1 -1 $1519 $-1 $1077 copy keep_kept ignore copy @9 Imported1 0 #
-1323 face $1520 -1 $-1 $1521 $1089 $15 $-1 $1522 reversed single #
-1324 plane-surface $-1 -1 $-1 0 2.7600000000000002 0.16800000000000004 -1 0 0 0 0 1000 forward_v I I I I #
-1325 straight-curve $-1 -1 $-1 0.20784326462640001 2.7999999999999998 2.007843264626 707.10678118788724 0 707.10678118520786 I I #
-1326 point $-1 -1 $-1 1.2924240467442928e-14 2.8000000000000003 1.8000000000004002 #
-1327 rgb_color-st-attrib $-1 -1 $-1 $1083 $834 0.15686274509803921 0.1803921568627451 0.16862745098039217 #
-1328 integer_attrib-name_attrib-gen-attrib $-1 -1 $1523 $-1 $1084 copy keep_kept ignore copy @9 Imported1 0 #
-1329 plane-surface $-1 -1 $-1 -0.007843264626416999 4.8399999999999999 0.20784326462640001 -0.70710678118654757 -0 -0.70710678118654757 707.10678118654744 0 -707.10678118654744 forward_v I I I I #
-1330 coedge $-1 -1 $-1 $1512 $1086 $1088 $1335 forward $1332 $-1 #
-1331 coedge $-1 -1 $-1 $1086 $1512 $1338 $1524 reversed $1332 $-1 #
-1332 loop $-1 -1 $-1 $-1 $1331 $1521 #
-1333 vertex $-1 -1 $-1 $1087 $1525 #
-1334 straight-curve $-1 -1 $-1 0.30000000000000004 3.0500000000000003 2 0 1000 0 I I #
-1335 edge $-1 -1 $-1 $1090 -0.001 $1514 0.001 $1330 $1526 forward @7 unknown #
-1336 point $-1 -1 $-1 0.30000000000000004 2.7999999999999905 2 #
-1337 point $-1 -1 $-1 1.7000000000000002 2.8000000000000003 2 #
-1338 coedge $-1 -1 $-1 $1527 $1095 $1331 $1524 forward $1340 $-1 #
-1339 coedge $-1 -1 $-1 $1095 $1527 $1097 $1343 reversed $1340 $-1 #
-1340 loop $-1 -1 $-1 $-1 $1095 $1528 #
-1341 straight-curve $-1 -1 $-1 1 3.2999999999999998 2 1000 0 0 I I #
-1342 coedge $-1 -1 $-1 $1098 $1097 $1300 $1502 reversed $1099 $-1 #
-1343 edge $-1 -1 $-1 $1100 -0.001 $1529 0.001 $1097 $1530 forward @7 unknown #
-1344 face $1531 -1 $-1 $1532 $1099 $15 $-1 $1533 reversed single #
-1345 point $-1 -1 $-1 1.7000000000000002 3.3000000000000096 2 #
-1346 rgb_color-st-attrib $-1 -1 $-1 $1103 $846 0.15686274509803921 0.1803921568627451 0.16862745098039217 #
-1347 integer_attrib-name_attrib-gen-attrib $-1 -1 $-1 $-1 $1104 copy keep_kept ignore copy @9 Imported1 0 #
-1348 plane-surface $-1 -1 $-1 0.73890794879200017 8.8105228437220013 1.1464923854260003 0 0.31622776601683694 0.9486832980505141 0 -948.68329805051405 316.22776601683694 forward_v I I I I #
-1349 integer_attrib-name_attrib-gen-attrib $-1 -1 $-1 $-1 $1108 copy keep_kept ignore copy @9 Imported1 0 #
-1350 plane-surface $-1 -1 $-1 1.1610920512080001 8.8000000000000007 0.83890794879200004 0 1 0 -1000 0 0 forward_v I I I I #
-1351 straight-curve $-1 -1 $-1 1 8.8000000000000007 1.1500000000000001 1000 0 0 I I #
-1352 coedge $-1 -1 $-1 $1114 $1113 $1170 $1174 forward $1115 $-1 #
-1353 edge $-1 -1 $-1 $1116 -0.00015000000000004788 $1366 0.00014999999999998925 $1126 $1534 forward @7 unknown #
-1354 point $-1 -1 $-1 1.1500000000000239 8.7999999999998604 2.8499999999999526 #
-1355 edge $-1 -1 $-1 $1157 -0.001 $1357 0.001 $1118 $1535 forward @7 unknown #
-1356 coedge $-1 -1 $-1 $1536 $1119 $1398 $1537 forward $884 $-1 #
-1357 vertex $-1 -1 $-1 $1120 $1538 #
-1358 straight-curve $-1 -1 $-1 1 2.7999999999999998 2 -1000 0 0 I I #
-1359 point $-1 -1 $-1 1.8000000000002068 2.7999999999999994 2.0000000000002065 #
-1360 rgb_color-st-attrib $-1 -1 $-1 $1123 $870 0.15686274509803921 0.1803921568627451 0.16862745098039217 #
-1361 integer_attrib-name_attrib-gen-attrib $-1 -1 $-1 $-1 $1124 copy keep_kept ignore copy @9 Imported1 0 #
-1362 face $1539 -1 $-1 $1540 $1541 $17 $-1 $1542 forward single #
-1363 loop $-1 -1 $-1 $-1 $1543 $1124 #
-1364 plane-surface $-1 -1 $-1 0.73890794879200017 0.24000000000000002 3.2500000000000004 0 0 1 1000 0 0 forward_v I I I I #
-1365 straight-curve $-1 -1 $-1 0.84999999999995279 8.7999999999998604 3.0000000000000004 -0 -0 -1000 I I #
-1366 vertex $-1 -1 $-1 $1174 $1544 #
-1367 straight-curve $-1 -1 $-1 1.1500000000000472 8.7999999999998604 3.1500000000000004 301.51134457773685 -904.53403373321328 301.51134457802323 I I #
-1368 coedge $-1 -1 $-1 $1132 $1131 $1545 $1546 forward $1133 $-1 #
-1369 coedge $-1 -1 $-1 $1135 $1536 $1547 $1548 forward $884 $-1 #
-1370 coedge $-1 -1 $-1 $1152 $1545 $1135 $1371 reversed $1153 $-1 #
-1371 edge $-1 -1 $-1 $1549 0.00069999999999999999 $1372 0.00079999999999981475 $1135 $1550 forward @7 unknown #
-1372 vertex $-1 -1 $-1 $1371 $1551 #
-1373 straight-curve $-1 -1 $-1 0.20000000000000012 3.7999999999999998 2 0 1000 0 I I #
-1374 coedge $-1 -1 $-1 $1545 $1143 $1139 $1375 reversed $1153 $-1 #
-1375 edge $-1 -1 $-1 $1376 -0.00080000000000039902 $1145 0.0008000000000004013 $1139 $1552 forward @7 unknown #
-1376 vertex $-1 -1 $-1 $1546 $1553 #
-1377 straight-curve $-1 -1 $-1 2.6052192358700516e-14 3.7999999999999998 2.1999999999995867 0 1000 0 I I #
-1378 integer_attrib-name_attrib-gen-attrib $-1 -1 $1554 $-1 $1141 copy keep_kept ignore copy @9 Imported1 0 #
-1379 face $1555 -1 $-1 $1556 $1153 $17 $-1 $1557 reversed single #
-1380 plane-surface $-1 -1 $-1 0 2.7600000000000002 2.1680000000000001 -1 0 0 0 0 1000 forward_v I I I I #
-1381 straight-curve $-1 -1 $-1 0.20784326462640001 2.8000000000000007 4.0078432646259996 707.10678118788758 0 707.10678118520752 I I #
-1382 point $-1 -1 $-1 1.301910815753541e-14 2.8000000000000003 3.8000000000004004 #
-1383 rgb_color-st-attrib $-1 -1 $-1 $1147 $896 0.15686274509803921 0.1803921568627451 0.16862745098039217 #
-1384 integer_attrib-name_attrib-gen-attrib $-1 -1 $1558 $-1 $1148 copy keep_kept ignore copy @9 Imported1 0 #
-1385 plane-surface $-1 -1 $-1 -0.007843264626416999 4.8399999999999999 2.2078432646260002 -0.7071067811852082 -0 -0.70710678118788683 707.10678118788678 0 -707.10678118520821 forward_v I I I I #
-1386 coedge $-1 -1 $-1 $1547 $1150 $1152 $1391 forward $1388 $-1 #
-1387 coedge $-1 -1 $-1 $1150 $1547 $1394 $1559 reversed $1388 $-1 #
-1388 loop $-1 -1 $-1 $-1 $1387 $1556 #
-1389 vertex $-1 -1 $-1 $1151 $1560 #
-1390 straight-curve $-1 -1 $-1 0.30000000000000004 3.0500000000000003 4 0 1000 0 I I #
-1391 edge $-1 -1 $-1 $1154 -0.001 $1549 0.001 $1386 $1561 forward @7 unknown #
-1392 point $-1 -1 $-1 0.30000000000000004 2.7999999999999905 4 #
-1393 point $-1 -1 $-1 1.7000000000000002 2.8000000000000003 4 #
-1394 coedge $-1 -1 $-1 $1562 $1159 $1387 $1559 forward $1396 $-1 #
-1395 coedge $-1 -1 $-1 $1159 $1562 $1161 $1399 reversed $1396 $-1 #
-1396 loop $-1 -1 $-1 $-1 $1159 $1563 #
-1397 straight-curve $-1 -1 $-1 1 3.2999999999999998 4 1000 0 0 I I #
-1398 coedge $-1 -1 $-1 $1162 $1161 $1356 $1537 reversed $1163 $-1 #
-1399 edge $-1 -1 $-1 $1164 -0.001 $1564 0.001 $1161 $1565 forward @7 unknown #
-1400 face $1566 -1 $-1 $1567 $1163 $17 $-1 $1568 reversed single #
-1401 point $-1 -1 $-1 1.7000000000000002 3.3000000000000096 4 #
-1402 rgb_color-st-attrib $-1 -1 $-1 $1167 $908 0.15686274509803921 0.1803921568627451 0.16862745098039217 #
-1403 integer_attrib-name_attrib-gen-attrib $-1 -1 $-1 $-1 $1168 copy keep_kept ignore copy @9 Imported1 0 #
-1404 plane-surface $-1 -1 $-1 0.73890794879200017 8.8105228437220013 3.1464923854259998 0 0.31622776601683872 0.94868329805051366 0 -948.6832980505136 316.22776601683864 forward_v I I I I #
-1405 integer_attrib-name_attrib-gen-attrib $-1 -1 $-1 $-1 $1172 copy keep_kept ignore copy @9 Imported1 0 #
-1406 plane-surface $-1 -1 $-1 1.1610920512080001 8.8000000000000007 2.8389079487920004 0 1 0 -1000 0 0 forward_v I I I I #
-1407 straight-curve $-1 -1 $-1 1 8.8000000000000007 3.1499999999999999 1000 0 0 I I #
-1408 coedge $-1 -1 $-1 $1178 $1177 $1234 $1238 forward $1179 $-1 #
-1409 edge $-1 -1 $-1 $1180 -0.00015000000000004655 $1422 0.00014999999999998969 $1190 $1569 forward @7 unknown #
-1410 point $-1 -1 $-1 1.1500000000000239 8.7999999999998604 4.8499999999999535 #
-1411 edge $-1 -1 $-1 $1221 -0.001 $1413 0.001 $1182 $1570 forward @7 unknown #
-1412 coedge $-1 -1 $-1 $1571 $1183 $1454 $1572 forward $946 $-1 #
-1413 vertex $-1 -1 $-1 $1184 $1573 #
-1414 straight-curve $-1 -1 $-1 1 2.7999999999999998 4 -1000 0 0 I I #
-1415 point $-1 -1 $-1 1.8000000000002072 2.7999999999999998 4.0000000000002069 #
-1416 rgb_color-st-attrib $-1 -1 $-1 $1187 $932 0.15686274509803921 0.1803921568627451 0.16862745098039217 #
-1417 integer_attrib-name_attrib-gen-attrib $-1 -1 $-1 $-1 $1188 copy keep_kept ignore copy @9 Imported1 0 #
-1418 face $1574 -1 $-1 $1575 $1576 $19 $-1 $1577 forward single #
-1419 loop $-1 -1 $-1 $-1 $1578 $1188 #
-1420 plane-surface $-1 -1 $-1 0.73890794879200017 0.24000000000000002 5.25 0 0 1 1000 0 0 forward_v I I I I #
-1421 straight-curve $-1 -1 $-1 0.84999999999995279 8.7999999999998604 5 -0 -0 -1000 I I #
-1422 vertex $-1 -1 $-1 $1238 $1579 #
-1423 straight-curve $-1 -1 $-1 1.1500000000000472 8.7999999999998604 5.1500000000000004 301.51134457773696 -904.53403373321362 301.51134457802203 I I #
-1424 coedge $-1 -1 $-1 $1196 $1195 $1580 $1581 forward $1197 $-1 #
-1425 coedge $-1 -1 $-1 $1199 $1571 $1582 $1583 forward $946 $-1 #
-1426 coedge $-1 -1 $-1 $1216 $1580 $1199 $1427 reversed $1217 $-1 #
-1427 edge $-1 -1 $-1 $1584 0.00069999999999999999 $1428 0.00079999999999981486 $1199 $1585 forward @7 unknown #
-1428 vertex $-1 -1 $-1 $1427 $1586 #
-1429 straight-curve $-1 -1 $-1 0.20000000000000012 3.7999999999999998 4 0 1000 0 I I #
-1430 coedge $-1 -1 $-1 $1580 $1207 $1203 $1431 reversed $1217 $-1 #
-1431 edge $-1 -1 $-1 $1432 -0.00080000000000039946 $1209 0.0008000000000004013 $1203 $1587 forward @7 unknown #
-1432 vertex $-1 -1 $-1 $1581 $1588 #
-1433 straight-curve $-1 -1 $-1 2.6052192358700516e-14 3.7999999999999998 4.1999999999995872 0 1000 0 I I #
-1434 integer_attrib-name_attrib-gen-attrib $-1 -1 $1589 $-1 $1205 copy keep_kept ignore copy @9 Imported1 0 #
-1435 face $1590 -1 $-1 $1591 $1217 $19 $-1 $1592 reversed single #
-1436 plane-surface $-1 -1 $-1 0 2.7600000000000002 4.1679999999999993 -1 0 0 0 0 1000 forward_v I I I I #
-1437 straight-curve $-1 -1 $-1 0.20784326462640001 2.8000000000000007 6.0078432646259996 707.10678118788758 0 707.10678118520752 I I #
-1438 point $-1 -1 $-1 1.301910815753541e-14 2.8000000000000003 5.8000000000004004 #
-1439 rgb_color-st-attrib $-1 -1 $-1 $1211 $958 0.15686274509803921 0.1803921568627451 0.16862745098039217 #
-1440 integer_attrib-name_attrib-gen-attrib $-1 -1 $1593 $-1 $1212 copy keep_kept ignore copy @9 Imported1 0 #
-1441 plane-surface $-1 -1 $-1 -0.007843264626416999 4.8399999999999999 4.2078432646259998 -0.70710678118520898 -0 -0.70710678118788617 707.10678118788621 0 -707.106781185209 forward_v I I I I #
-1442 coedge $-1 -1 $-1 $1582 $1214 $1216 $1447 forward $1444 $-1 #
-1443 coedge $-1 -1 $-1 $1214 $1582 $1450 $1594 reversed $1444 $-1 #
-1444 loop $-1 -1 $-1 $-1 $1443 $1591 #
-1445 vertex $-1 -1 $-1 $1215 $1595 #
-1446 straight-curve $-1 -1 $-1 0.30000000000000004 3.0500000000000003 6 0 1000 0 I I #
-1447 edge $-1 -1 $-1 $1218 -0.001 $1584 0.001 $1442 $1596 forward @7 unknown #
-1448 point $-1 -1 $-1 0.30000000000000004 2.7999999999999905 6 #
-1449 point $-1 -1 $-1 1.7000000000000002 2.8000000000000003 6 #
-1450 coedge $-1 -1 $-1 $1597 $1223 $1443 $1594 forward $1452 $-1 #
-1451 coedge $-1 -1 $-1 $1223 $1597 $1225 $1455 reversed $1452 $-1 #
-1452 loop $-1 -1 $-1 $-1 $1223 $1598 #
-1453 straight-curve $-1 -1 $-1 1 3.2999999999999998 6 1000 0 0 I I #
-1454 coedge $-1 -1 $-1 $1226 $1225 $1412 $1572 reversed $1227 $-1 #
-1455 edge $-1 -1 $-1 $1228 -0.001 $1599 0.001 $1225 $1600 forward @7 unknown #
-1456 face $1601 -1 $-1 $1602 $1227 $19 $-1 $1603 reversed single #
-1457 point $-1 -1 $-1 1.7000000000000002 3.3000000000000096 6 #
-1458 rgb_color-st-attrib $-1 -1 $-1 $1231 $970 0.15686274509803921 0.1803921568627451 0.16862745098039217 #
-1459 integer_attrib-name_attrib-gen-attrib $-1 -1 $-1 $-1 $1232 copy keep_kept ignore copy @9 Imported1 0 #
-1460 plane-surface $-1 -1 $-1 0.73890794879200017 8.8105228437220013 5.1464923854260007 0 0.31622776601683639 0.94868329805051432 0 -948.68329805051428 316.22776601683637 forward_v I I I I #
-1461 integer_attrib-name_attrib-gen-attrib $-1 -1 $-1 $-1 $1236 copy keep_kept ignore copy @9 Imported1 0 #
-1462 plane-surface $-1 -1 $-1 1.1610920512080001 8.8000000000000007 4.8389079487919995 0 1 0 -1000 0 0 forward_v I I I I #
-1463 straight-curve $-1 -1 $-1 1 8.8000000000000007 5.1500000000000004 1000 0 0 I I #
-1464 straight-curve $-1 -1 $-1 0.84999999999995279 8.7999999999998604 -1 -0 -0 -1000 I I #
-1465 straight-curve $-1 -1 $-1 0.30000000000000004 2.8000000000000012 -1 0 0 1000 I I #
-1466 coedge $-1 -1 $-1 $1257 $1244 $1492 $1604 forward $760 $-1 #
-1467 edge $-1 -1 $-1 $1245 -0.00025000000000000001 $1494 0.00025000000000000933 $1244 $1605 forward @7 unknown #
-1468 point $-1 -1 $-1 0.30000000000000004 2.8000000000000003 -1.1011428314305904e-17 #
-1469 integer_attrib-name_attrib-gen-attrib $-1 -1 $-1 $-1 $1250 copy keep_kept ignore copy @9 Imported1 0 #
-1470 face $1606 -1 $-1 $1607 $1608 $13 $-1 $1609 forward single #
-1471 loop $-1 -1 $-1 $-1 $1610 $1250 #
-1472 plane-surface $-1 -1 $-1 0.85350761457400004 -0.010522843722110001 -0.73890794879200017 -0.94868329805057583 -0.31622776601665209 -0 -316.22776601665203 948.68329805057567 0 forward_v I I I I #
-1473 coedge $-1 -1 $-1 $1611 $1612 $1613 $1614 forward $1251 $-1 #
-1474 point $-1 -1 $-1 0.84999999999997389 8.7999999999999261 -1.1499999999999895 #
-1475 coedge $-1 -1 $-1 $1258 $1262 $1256 $1476 reversed $1025 $-1 #
-1476 edge $-1 -1 $-1 $1260 -0.00029393476368213487 $1264 -1.1092051207683422e-05 $1256 $1615 forward @7 unknown #
-1477 coedge $-1 -1 $-1 $1275 $1274 $1257 $1478 reversed $1276 $-1 #
-1478 edge $-1 -1 $-1 $1616 -0.00024999999999999957 $1479 0.00025000000000002001 $1257 $1617 forward @7 unknown #
-1479 vertex $-1 -1 $-1 $1478 $1618 #
-1480 straight-curve $-1 -1 $-1 1 2.7999999999999998 0 1000 0 0 I I #
-1481 point $-1 -1 $-1 1.8000000000001941 2.7999999999999998 -8.1315162936412833e-17 #
-1482 straight-curve $-1 -1 $-1 2 2.8000000000000003 -0.99999999999999978 0 0 -1000 I I #
-1483 point $-1 -1 $-1 1.9999999999997935 2.8000000000000003 -0.2000000000001638 #
-1484 rgb_color-st-attrib $-1 -1 $-1 $1266 $1013 0.15686274509803921 0.1803921568627451 0.16862745098039217 #
-1485 integer_attrib-name_attrib-gen-attrib $-1 -1 $1619 $-1 $1267 copy keep_kept ignore copy @9 Imported1 0 #
-1486 face $1620 -1 $-1 $1493 $1276 $13 $-1 $1621 reversed single #
-1487 plane-surface $-1 -1 $-1 -0.040000000000000001 2.7999999999999998 0.040000000000000001 0 1 0 1000 0 0 forward_v I I I I #
-1488 rgb_color-st-attrib $-1 -1 $-1 $1272 $1020 0.15686274509803921 0.1803921568627451 0.16862745098039217 #
-1489 edge $-1 -1 $-1 $1277 -0.001 $1616 0.001 $1282 $1622 forward @7 unknown #
-1490 point $-1 -1 $-1 1.7000000000000002 3.2999999999999998 -2 #
-1491 straight-curve $-1 -1 $-1 1.7000000000000004 2.7999999999999994 -1 0 0 1000 I I #
-1492 coedge $-1 -1 $-1 $1283 $1282 $1466 $1604 reversed $1284 $-1 #
-1493 face $1623 -1 $-1 $1624 $1625 $13 $-1 $1626 reversed single #
-1494 vertex $-1 -1 $-1 $1467 $1627 #
-1495 straight-curve $-1 -1 $-1 0.30000000000000016 3.2999999999999998 -1 0 0 1000 I I #
-1496 integer_attrib-name_attrib-gen-attrib $-1 -1 $1628 $-1 $1288 copy keep_kept ignore copy @9 Imported1 0 #
-1497 face $1629 -1 $-1 $1630 $1631 $13 $-1 $1632 forward single #
-1498 plane-surface $-1 -1 $-1 0.30000000000000004 3.3110920512079995 -2.04 -1 0 0 0 -1000 0 forward_v I I I I #
-1499 straight-curve $-1 -1 $-1 1.1500000000000474 8.7999999999998604 1 0 0 1000 I I #
-1500 straight-curve $-1 -1 $-1 1.7000000000000002 2.8000000000000012 1 0 0 -1000 I I #
-1501 coedge $-1 -1 $-1 $1313 $1300 $1527 $1633 forward $822 $-1 #
-1502 edge $-1 -1 $-1 $1301 -0.00025000000000000001 $1529 0.00025000000000000933 $1300 $1634 forward @7 unknown #
-1503 point $-1 -1 $-1 1.7000000000000002 2.8000000000000003 1.1011428314305904e-17 #
-1504 integer_attrib-name_attrib-gen-attrib $-1 -1 $-1 $-1 $1306 copy keep_kept ignore copy @9 Imported1 0 #
-1505 face $1635 -1 $-1 $1636 $1637 $15 $-1 $1638 forward single #
-1506 loop $-1 -1 $-1 $-1 $1639 $1306 #
-1507 plane-surface $-1 -1 $-1 1.1464923854260003 -0.010522843722110001 0.73890794879200017 0.94868329805057616 -0.31622776601665087 0 316.22776601665083 948.68329805057601 0 forward_v I I I I #
-1508 coedge $-1 -1 $-1 $1640 $1641 $1642 $1643 forward $1307 $-1 #
-1509 point $-1 -1 $-1 1.1500000000000261 8.7999999999999261 1.1499999999999895 #
-1510 coedge $-1 -1 $-1 $1314 $1318 $1312 $1511 reversed $1089 $-1 #
-1511 edge $-1 -1 $-1 $1316 -0.00029393476368256086 $1320 -1.1092051207978367e-05 $1312 $1644 forward @7 unknown #
-1512 coedge $-1 -1 $-1 $1331 $1330 $1313 $1513 reversed $1332 $-1 #
-1513 edge $-1 -1 $-1 $1645 -0.00024999999999999957 $1514 0.00025000000000002001 $1313 $1646 forward @7 unknown #
-1514 vertex $-1 -1 $-1 $1513 $1647 #
-1515 straight-curve $-1 -1 $-1 1 2.7999999999999998 0 -1000 0 0 I I #
-1516 point $-1 -1 $-1 0.19999999999999135 2.8000000000000003 7.453889935837843e-17 #
-1517 straight-curve $-1 -1 $-1 0 2.8000000000000003 0.99999999999999978 0 0 1000 I I #
-1518 point $-1 -1 $-1 1.2985650356118865e-14 2.8000000000000003 0.19999999999997012 #
-1519 rgb_color-st-attrib $-1 -1 $-1 $1322 $1077 0.15686274509803921 0.1803921568627451 0.16862745098039217 #
-1520 integer_attrib-name_attrib-gen-attrib $-1 -1 $1648 $-1 $1323 copy keep_kept ignore copy @9 Imported1 0 #
-1521 face $1649 -1 $-1 $1528 $1332 $15 $-1 $1650 reversed single #
-1522 plane-surface $-1 -1 $-1 2.04 2.7999999999999998 -0.040000000000000001 0 1 0 -1000 0 0 forward_v I I I I #
-1523 rgb_color-st-attrib $-1 -1 $-1 $1328 $1084 0.15686274509803921 0.1803921568627451 0.16862745098039217 #
-1524 edge $-1 -1 $-1 $1333 -0.001 $1645 0.001 $1338 $1651 forward @7 unknown #
-1525 point $-1 -1 $-1 0.30000000000000004 3.2999999999999998 2 #
-1526 straight-curve $-1 -1 $-1 0.29999999999999999 2.7999999999999994 1 -0 -0 -1000 I I #
-1527 coedge $-1 -1 $-1 $1339 $1338 $1501 $1633 reversed $1340 $-1 #
-1528 face $1652 -1 $-1 $1653 $1654 $15 $-1 $1655 reversed single #
-1529 vertex $-1 -1 $-1 $1502 $1656 #
-1530 straight-curve $-1 -1 $-1 1.7000000000000002 3.2999999999999998 1 0 0 -1000 I I #
-1531 integer_attrib-name_attrib-gen-attrib $-1 -1 $1657 $-1 $1344 copy keep_kept ignore copy @9 Imported1 0 #
-1532 face $1658 -1 $-1 $1659 $1660 $15 $-1 $1661 forward single #
-1533 plane-surface $-1 -1 $-1 1.7000000000000002 3.3110920512079995 2.04 1 0 0 0 -1000 0 forward_v I I I I #
-1534 straight-curve $-1 -1 $-1 1.1500000000000474 8.7999999999998604 3.0000000000000004 0 0 1000 I I #
-1535 straight-curve $-1 -1 $-1 1.7000000000000002 2.8000000000000012 3 0 0 -1000 I I #
-1536 coedge $-1 -1 $-1 $1369 $1356 $1562 $1662 forward $884 $-1 #
-1537 edge $-1 -1 $-1 $1357 -0.00025000000000000001 $1564 0.00025000000000000933 $1356 $1663 forward @7 unknown #
-1538 point $-1 -1 $-1 1.7000000000000002 2.8000000000000003 2 #
-1539 integer_attrib-name_attrib-gen-attrib $-1 -1 $-1 $-1 $1362 copy keep_kept ignore copy @9 Imported1 0 #
-1540 face $1664 -1 $-1 $1665 $1666 $17 $-1 $1667 forward single #
-1541 loop $-1 -1 $-1 $-1 $1668 $1362 #
-1542 plane-surface $-1 -1 $-1 1.1464923854260003 -0.010522843722110001 2.7389079487920007 0.94868329805057616 -0.31622776601665087 0 316.22776601665083 948.68329805057601 0 forward_v I I I I #
-1543 coedge $-1 -1 $-1 $1669 $1670 $1671 $1672 forward $1363 $-1 #
-1544 point $-1 -1 $-1 1.1500000000000261 8.7999999999999261 3.1499999999999897 #
-1545 coedge $-1 -1 $-1 $1370 $1374 $1368 $1546 reversed $1153 $-1 #
-1546 edge $-1 -1 $-1 $1372 -0.00029393476368241541 $1376 -1.1092051207957369e-05 $1368 $1673 forward @7 unknown #
-1547 coedge $-1 -1 $-1 $1387 $1386 $1369 $1548 reversed $1388 $-1 #
-1548 edge $-1 -1 $-1 $1674 -0.00024999999999999957 $1549 0.00025000000000002001 $1369 $1675 forward @7 unknown #
-1549 vertex $-1 -1 $-1 $1548 $1676 #
-1550 straight-curve $-1 -1 $-1 1 2.7999999999999998 2 -1000 0 0 I I #
-1551 point $-1 -1 $-1 0.20000000000018528 2.7999999999999998 2 #
-1552 straight-curve $-1 -1 $-1 0 2.8000000000000003 2.9999999999999991 0 0 1000 I I #
-1553 point $-1 -1 $-1 1.3014449476325511e-14 2.8000000000000003 2.1999999999996001 #
-1554 rgb_color-st-attrib $-1 -1 $-1 $1378 $1141 0.15686274509803921 0.1803921568627451 0.16862745098039217 #
-1555 integer_attrib-name_attrib-gen-attrib $-1 -1 $1677 $-1 $1379 copy keep_kept ignore copy @9 Imported1 0 #
-1556 face $1678 -1 $-1 $1563 $1388 $17 $-1 $1679 reversed single #
-1557 plane-surface $-1 -1 $-1 2.04 2.7999999999999998 1.96 0 1 0 -1000 0 0 forward_v I I I I #
-1558 rgb_color-st-attrib $-1 -1 $-1 $1384 $1148 0.15686274509803921 0.1803921568627451 0.16862745098039217 #
-1559 edge $-1 -1 $-1 $1389 -0.001 $1674 0.001 $1394 $1680 forward @7 unknown #
-1560 point $-1 -1 $-1 0.30000000000000004 3.2999999999999998 4 #
-1561 straight-curve $-1 -1 $-1 0.29999999999999999 2.7999999999999994 3 -0 -0 -1000 I I #
-1562 coedge $-1 -1 $-1 $1395 $1394 $1536 $1662 reversed $1396 $-1 #
-1563 face $1681 -1 $-1 $1682 $1683 $17 $-1 $1684 reversed single #
-1564 vertex $-1 -1 $-1 $1537 $1685 #
-1565 straight-curve $-1 -1 $-1 1.7000000000000002 3.2999999999999998 3 0 0 -1000 I I #
-1566 integer_attrib-name_attrib-gen-attrib $-1 -1 $1686 $-1 $1400 copy keep_kept ignore copy @9 Imported1 0 #
-1567 face $1687 -1 $-1 $1688 $1689 $17 $-1 $1690 forward single #
-1568 plane-surface $-1 -1 $-1 1.7000000000000002 3.3110920512079995 4.04 1 0 0 0 -1000 0 forward_v I I I I #
-1569 straight-curve $-1 -1 $-1 1.1500000000000474 8.7999999999998604 5 0 0 1000 I I #
-1570 straight-curve $-1 -1 $-1 1.7000000000000002 2.8000000000000012 5 0 0 -1000 I I #
-1571 coedge $-1 -1 $-1 $1425 $1412 $1597 $1691 forward $946 $-1 #
-1572 edge $-1 -1 $-1 $1413 -0.00025000000000000001 $1599 0.00025000000000000933 $1412 $1692 forward @7 unknown #
-1573 point $-1 -1 $-1 1.7000000000000002 2.8000000000000003 4 #
-1574 integer_attrib-name_attrib-gen-attrib $-1 -1 $-1 $-1 $1418 copy keep_kept ignore copy @9 Imported1 0 #
-1575 face $1693 -1 $-1 $1694 $1695 $19 $-1 $1696 forward single #
-1576 loop $-1 -1 $-1 $-1 $1697 $1418 #
-1577 plane-surface $-1 -1 $-1 1.1464923854260003 -0.010522843722110001 4.7389079487920007 0.94868329805057616 -0.31622776601665087 0 316.22776601665083 948.68329805057601 0 forward_v I I I I #
-1578 coedge $-1 -1 $-1 $1698 $1699 $1700 $1701 forward $1419 $-1 #
-1579 point $-1 -1 $-1 1.1500000000000261 8.7999999999999261 5.1499999999999897 #
-1580 coedge $-1 -1 $-1 $1426 $1430 $1424 $1581 reversed $1217 $-1 #
-1581 edge $-1 -1 $-1 $1428 -0.00029393476368241492 $1432 -1.1092051207957367e-05 $1424 $1702 forward @7 unknown #
-1582 coedge $-1 -1 $-1 $1443 $1442 $1425 $1583 reversed $1444 $-1 #
-1583 edge $-1 -1 $-1 $1703 -0.00024999999999999957 $1584 0.00025000000000002001 $1425 $1704 forward @7 unknown #
-1584 vertex $-1 -1 $-1 $1583 $1705 #
-1585 straight-curve $-1 -1 $-1 1 2.7999999999999998 4 -1000 0 0 I I #
-1586 point $-1 -1 $-1 0.20000000000018514 2.7999999999999994 4 #
-1587 straight-curve $-1 -1 $-1 0 2.8000000000000003 4.9999999999999991 0 0 1000 I I #
-1588 point $-1 -1 $-1 1.3014449476325511e-14 2.7999999999999994 4.1999999999995996 #
-1589 rgb_color-st-attrib $-1 -1 $-1 $1434 $1205 0.15686274509803921 0.1803921568627451 0.16862745098039217 #
-1590 integer_attrib-name_attrib-gen-attrib $-1 -1 $1706 $-1 $1435 copy keep_kept ignore copy @9 Imported1 0 #
-1591 face $1707 -1 $-1 $1598 $1444 $19 $-1 $1708 reversed single #
-1592 plane-surface $-1 -1 $-1 2.04 2.7999999999999998 3.96 0 1 0 -1000 0 0 forward_v I I I I #
-1593 rgb_color-st-attrib $-1 -1 $-1 $1440 $1212 0.15686274509803921 0.1803921568627451 0.16862745098039217 #
-1594 edge $-1 -1 $-1 $1445 -0.001 $1703 0.001 $1450 $1709 forward @7 unknown #
-1595 point $-1 -1 $-1 0.30000000000000004 3.2999999999999998 6 #
-1596 straight-curve $-1 -1 $-1 0.29999999999999999 2.7999999999999994 5 -0 -0 -1000 I I #
-1597 coedge $-1 -1 $-1 $1451 $1450 $1571 $1691 reversed $1452 $-1 #
-1598 face $1710 -1 $-1 $1711 $1712 $19 $-1 $1713 reversed single #
-1599 vertex $-1 -1 $-1 $1572 $1714 #
-1600 straight-curve $-1 -1 $-1 1.7000000000000002 3.2999999999999998 5 0 0 -1000 I I #
-1601 integer_attrib-name_attrib-gen-attrib $-1 -1 $1715 $-1 $1456 copy keep_kept ignore copy @9 Imported1 0 #
-1602 face $1716 -1 $-1 $1717 $1718 $19 $-1 $1719 forward single #
-1603 plane-surface $-1 -1 $-1 1.7000000000000002 3.3110920512079995 6.04 1 0 0 0 -1000 0 forward_v I I I I #
-1604 edge $-1 -1 $-1 $1494 -0.00069999999999999999 $1616 0.00070000000000000021 $1466 $1720 forward @7 unknown #
-1605 straight-curve $-1 -1 $-1 0.30000000000000004 3.0500000000000003 -8.8091426514447235e-17 0 1000 0 I I #
-1606 integer_attrib-name_attrib-gen-attrib $-1 -1 $-1 $-1 $1470 copy keep_kept ignore copy @9 Imported1 0 #
-1607 face $1721 -1 $-1 $1722 $1723 $13 $-1 $1724 reversed single #
-1608 loop $-1 -1 $-1 $-1 $1725 $1470 #
-1609 plane-surface $-1 -1 $-1 1.1464923854260003 -0.010522843722110001 -1.2610920512079999 0.94868329805057616 -0.31622776601665087 0 316.22776601665083 948.68329805057601 0 forward_v I I I I #
-1610 coedge $-1 -1 $-1 $1726 $1727 $1728 $1729 forward $1471 $-1 #
-1611 coedge $-1 -1 $-1 $1730 $1473 $1731 $1732 reversed $1251 $-1 #
-1612 coedge $-1 -1 $-1 $1473 $1730 $1733 $1734 reversed $1251 $-1 #
-1613 coedge $-1 -1 $-1 $1735 $1736 $1473 $1614 reversed $1625 $-1 #
-1614 edge $-1 -1 $-1 $1737 -0.00024999999999999979 $1738 0.0002500000000000193 $1473 $1739 forward @7 unknown #
-1615 straight-curve $-1 -1 $-1 2.007843264626 2.7999999999999998 -0.20784326462640001 707.10678118520786 0 -707.10678118788724 I I #
-1616 vertex $-1 -1 $-1 $1604 $1740 #
-1617 straight-curve $-1 -1 $-1 1.7000000000000002 3.0500000000000003 -8.8091426514447235e-17 -0 -1000 -0 I I #
-1618 point $-1 -1 $-1 1.7000000000000002 2.7999999999999803 -2.2022856628611809e-17 #
-1619 rgb_color-st-attrib $-1 -1 $-1 $1485 $1267 0.15686274509803921 0.1803921568627451 0.16862745098039217 #
-1620 integer_attrib-name_attrib-gen-attrib $-1 -1 $1741 $-1 $1486 copy keep_kept ignore copy @9 Imported1 0 #
-1621 plane-surface $-1 -1 $-1 1.7000000000000002 2.788907948792001 -2.04 1 0 0 0 1000 0 forward_v I I I I #
-1622 straight-curve $-1 -1 $-1 1.7000000000000002 3.2999999999999989 -1 0 0 1000 I I #
-1623 integer_attrib-name_attrib-gen-attrib $-1 -1 $1742 $-1 $1493 copy keep_kept ignore copy @9 Imported1 0 #
-1624 face $1743 -1 $-1 $1288 $1744 $13 $-1 $1745 forward single #
-1625 loop $-1 -1 $-1 $1284 $1736 $1493 #
-1626 plane-surface $-1 -1 $-1 1.7280000000000002 3.2999999999999998 -2.04 0 1 0 -1000 0 0 forward_v I I I I #
-1627 point $-1 -1 $-1 0.30000000000000004 3.3000000000000096 -2.2022856628611809e-17 #
-1628 rgb_color-st-attrib $-1 -1 $-1 $1496 $1288 0.15686274509803921 0.1803921568627451 0.16862745098039217 #
-1629 integer_attrib-name_attrib-gen-attrib $-1 -1 $-1 $-1 $1497 copy keep_kept ignore copy @9 Imported1 0 #
-1630 face $1746 -1 $-1 $1747 $1748 $13 $-1 $1749 forward single #
-1631 loop $-1 -1 $-1 $-1 $1750 $1497 #
-1632 plane-surface $-1 -1 $-1 0.75 0.24000000000000002 -1.2610920512079999 -1 0 0 0 0 1000 forward_v I I I I #
-1633 edge $-1 -1 $-1 $1529 -0.00070000000000000021 $1645 0.00069999999999999999 $1501 $1751 forward @7 unknown #
-1634 straight-curve $-1 -1 $-1 1.7000000000000002 3.0500000000000003 8.8091426514447235e-17 0 1000 0 I I #
-1635 integer_attrib-name_attrib-gen-attrib $-1 -1 $-1 $-1 $1505 copy keep_kept ignore copy @9 Imported1 0 #
-1636 face $1752 -1 $-1 $1753 $1754 $15 $-1 $1755 reversed single #
-1637 loop $-1 -1 $-1 $-1 $1756 $1505 #
-1638 plane-surface $-1 -1 $-1 0.85350761457400004 -0.010522843722110001 1.2610920512079999 -0.94868329805057583 -0.31622776601665209 -0 -316.22776601665203 948.68329805057567 0 forward_v I I I I #
-1639 coedge $-1 -1 $-1 $1757 $1758 $1759 $1760 forward $1506 $-1 #
-1640 coedge $-1 -1 $-1 $1761 $1508 $1762 $1763 reversed $1307 $-1 #
-1641 coedge $-1 -1 $-1 $1508 $1761 $1764 $1765 reversed $1307 $-1 #
-1642 coedge $-1 -1 $-1 $1766 $1767 $1508 $1643 reversed $1654 $-1 #
-1643 edge $-1 -1 $-1 $1768 -0.00024999999999999979 $1769 0.00025000000000001952 $1508 $1770 forward @7 unknown #
-1644 straight-curve $-1 -1 $-1 -0.007843264626416999 2.8000000000000007 0.20784326462640001 -707.10678118654755 0 707.10678118654755 I I #
-1645 vertex $-1 -1 $-1 $1633 $1771 #
-1646 straight-curve $-1 -1 $-1 0.30000000000000004 3.0500000000000003 8.8091426514447235e-17 -0 -1000 -0 I I #
-1647 point $-1 -1 $-1 0.30000000000000004 2.7999999999999803 2.2022856628611809e-17 #
-1648 rgb_color-st-attrib $-1 -1 $-1 $1520 $1323 0.15686274509803921 0.1803921568627451 0.16862745098039217 #
-1649 integer_attrib-name_attrib-gen-attrib $-1 -1 $1772 $-1 $1521 copy keep_kept ignore copy @9 Imported1 0 #
-1650 plane-surface $-1 -1 $-1 0.30000000000000004 2.788907948792001 2.04 -1 0 0 0 1000 0 forward_v I I I I #
-1651 straight-curve $-1 -1 $-1 0.30000000000000004 3.2999999999999989 1 0 0 -1000 I I #
-1652 integer_attrib-name_attrib-gen-attrib $-1 -1 $1773 $-1 $1528 copy keep_kept ignore copy @9 Imported1 0 #
-1653 face $1774 -1 $-1 $1344 $1775 $15 $-1 $1776 forward single #
-1654 loop $-1 -1 $-1 $1340 $1767 $1528 #
-1655 plane-surface $-1 -1 $-1 0.27200000000000008 3.2999999999999998 2.04 0 1 0 1000 0 0 forward_v I I I I #
-1656 point $-1 -1 $-1 1.7000000000000002 3.3000000000000096 2.2022856628611809e-17 #
-1657 rgb_color-st-attrib $-1 -1 $-1 $1531 $1344 0.15686274509803921 0.1803921568627451 0.16862745098039217 #
-1658 integer_attrib-name_attrib-gen-attrib $-1 -1 $-1 $-1 $1532 copy keep_kept ignore copy @9 Imported1 0 #
-1659 face $1777 -1 $-1 $1778 $1779 $15 $-1 $1780 forward single #
-1660 loop $-1 -1 $-1 $-1 $1781 $1532 #
-1661 plane-surface $-1 -1 $-1 1.25 0.24000000000000002 1.2610920512079999 1 0 0 0 0 -1000 forward_v I I I I #
-1662 edge $-1 -1 $-1 $1564 -0.00070000000000000021 $1674 0.00069999999999999999 $1536 $1782 forward @7 unknown #
-1663 straight-curve $-1 -1 $-1 1.7000000000000002 3.0500000000000003 2 0 1000 0 I I #
-1664 integer_attrib-name_attrib-gen-attrib $-1 -1 $-1 $-1 $1540 copy keep_kept ignore copy @9 Imported1 0 #
-1665 face $1783 -1 $-1 $1784 $1785 $17 $-1 $1786 reversed single #
-1666 loop $-1 -1 $-1 $-1 $1787 $1540 #
-1667 plane-surface $-1 -1 $-1 0.85350761457400004 -0.010522843722110001 3.2610920512080002 -0.94868329805057583 -0.31622776601665209 -0 -316.22776601665203 948.68329805057567 0 forward_v I I I I #
-1668 coedge $-1 -1 $-1 $1788 $1789 $1790 $1791 forward $1541 $-1 #
-1669 coedge $-1 -1 $-1 $1792 $1543 $1793 $1794 reversed $1363 $-1 #
-1670 coedge $-1 -1 $-1 $1543 $1792 $1795 $1796 reversed $1363 $-1 #
-1671 coedge $-1 -1 $-1 $1797 $1798 $1543 $1672 reversed $1683 $-1 #
-1672 edge $-1 -1 $-1 $1799 -0.00024999999999999979 $1800 0.00025000000000001952 $1543 $1801 forward @7 unknown #
-1673 straight-curve $-1 -1 $-1 -0.007843264626416999 2.7999999999999998 2.2078432646260002 -707.10678118788678 0 707.10678118520821 I I #
-1674 vertex $-1 -1 $-1 $1662 $1802 #
-1675 straight-curve $-1 -1 $-1 0.30000000000000004 3.0500000000000003 2 -0 -1000 -0 I I #
-1676 point $-1 -1 $-1 0.30000000000000004 2.7999999999999803 2 #
-1677 rgb_color-st-attrib $-1 -1 $-1 $1555 $1379 0.15686274509803921 0.1803921568627451 0.16862745098039217 #
-1678 integer_attrib-name_attrib-gen-attrib $-1 -1 $1803 $-1 $1556 copy keep_kept ignore copy @9 Imported1 0 #
-1679 plane-surface $-1 -1 $-1 0.30000000000000004 2.788907948792001 4.04 -1 0 0 0 1000 0 forward_v I I I I #
-1680 straight-curve $-1 -1 $-1 0.30000000000000004 3.2999999999999989 3 0 0 -1000 I I #
-1681 integer_attrib-name_attrib-gen-attrib $-1 -1 $1804 $-1 $1563 copy keep_kept ignore copy @9 Imported1 0 #
-1682 face $1805 -1 $-1 $1400 $1806 $17 $-1 $1807 forward single #
-1683 loop $-1 -1 $-1 $1396 $1798 $1563 #
-1684 plane-surface $-1 -1 $-1 0.27200000000000008 3.2999999999999998 4.04 0 1 0 1000 0 0 forward_v I I I I #
-1685 point $-1 -1 $-1 1.7000000000000002 3.3000000000000096 2 #
-1686 rgb_color-st-attrib $-1 -1 $-1 $1566 $1400 0.15686274509803921 0.1803921568627451 0.16862745098039217 #
-1687 integer_attrib-name_attrib-gen-attrib $-1 -1 $-1 $-1 $1567 copy keep_kept ignore copy @9 Imported1 0 #
-1688 face $1808 -1 $-1 $1809 $1810 $17 $-1 $1811 forward single #
-1689 loop $-1 -1 $-1 $-1 $1812 $1567 #
-1690 plane-surface $-1 -1 $-1 1.25 0.24000000000000002 3.2610920512080002 1 0 0 0 0 -1000 forward_v I I I I #
-1691 edge $-1 -1 $-1 $1599 -0.00070000000000000021 $1703 0.00069999999999999999 $1571 $1813 forward @7 unknown #
-1692 straight-curve $-1 -1 $-1 1.7000000000000002 3.0500000000000003 4 0 1000 0 I I #
-1693 integer_attrib-name_attrib-gen-attrib $-1 -1 $-1 $-1 $1575 copy keep_kept ignore copy @9 Imported1 0 #
-1694 face $1814 -1 $-1 $1815 $1816 $19 $-1 $1817 reversed single #
-1695 loop $-1 -1 $-1 $-1 $1818 $1575 #
-1696 plane-surface $-1 -1 $-1 0.85350761457400004 -0.010522843722110001 5.2610920512080002 -0.94868329805057583 -0.31622776601665209 -0 -316.22776601665203 948.68329805057567 0 forward_v I I I I #
-1697 coedge $-1 -1 $-1 $1819 $1820 $1821 $1822 forward $1576 $-1 #
-1698 coedge $-1 -1 $-1 $1823 $1578 $1824 $1825 reversed $1419 $-1 #
-1699 coedge $-1 -1 $-1 $1578 $1823 $1826 $1827 reversed $1419 $-1 #
-1700 coedge $-1 -1 $-1 $1828 $1829 $1578 $1701 reversed $1712 $-1 #
-1701 edge $-1 -1 $-1 $1830 -0.00024999999999999979 $1831 0.00025000000000001952 $1578 $1832 forward @7 unknown #
-1702 straight-curve $-1 -1 $-1 -0.007843264626416999 2.7999999999999989 4.2078432646259998 -707.10678118788621 0 707.106781185209 I I #
-1703 vertex $-1 -1 $-1 $1691 $1833 #
-1704 straight-curve $-1 -1 $-1 0.30000000000000004 3.0500000000000003 4 -0 -1000 -0 I I #
-1705 point $-1 -1 $-1 0.30000000000000004 2.7999999999999803 4 #
-1706 rgb_color-st-attrib $-1 -1 $-1 $1590 $1435 0.15686274509803921 0.1803921568627451 0.16862745098039217 #
-1707 integer_attrib-name_attrib-gen-attrib $-1 -1 $1834 $-1 $1591 copy keep_kept ignore copy @9 Imported1 0 #
-1708 plane-surface $-1 -1 $-1 0.30000000000000004 2.788907948792001 6.04 -1 0 0 0 1000 0 forward_v I I I I #
-1709 straight-curve $-1 -1 $-1 0.30000000000000004 3.2999999999999989 5 0 0 -1000 I I #
-1710 integer_attrib-name_attrib-gen-attrib $-1 -1 $1835 $-1 $1598 copy keep_kept ignore copy @9 Imported1 0 #
-1711 face $1836 -1 $-1 $1456 $1837 $19 $-1 $1838 forward single #
-1712 loop $-1 -1 $-1 $1452 $1829 $1598 #
-1713 plane-surface $-1 -1 $-1 0.27200000000000008 3.2999999999999998 6.04 0 1 0 1000 0 0 forward_v I I I I #
-1714 point $-1 -1 $-1 1.7000000000000002 3.3000000000000096 4 #
-1715 rgb_color-st-attrib $-1 -1 $-1 $1601 $1456 0.15686274509803921 0.1803921568627451 0.16862745098039217 #
-1716 integer_attrib-name_attrib-gen-attrib $-1 -1 $-1 $-1 $1602 copy keep_kept ignore copy @9 Imported1 0 #
-1717 face $1839 -1 $-1 $1840 $1841 $19 $-1 $1842 forward single #
-1718 loop $-1 -1 $-1 $-1 $1843 $1602 #
-1719 plane-surface $-1 -1 $-1 1.25 0.24000000000000002 5.2610920512080002 1 0 0 0 0 -1000 forward_v I I I I #
-1720 straight-curve $-1 -1 $-1 1 3.2999999999999998 -8.8091426514447235e-17 1000 0 0 I I #
-1721 integer_attrib-name_attrib-gen-attrib $-1 -1 $-1 $-1 $1607 copy keep_kept ignore copy @9 Imported1 0 #
-1722 face $1844 -1 $-1 $-1 $1845 $13 $-1 $1846 forward single #
-1723 loop $-1 -1 $-1 $-1 $1728 $1607 #
-1724 plane-surface $-1 -1 $-1 0.83890794879200004 0 -0.83890794879200004 0 1 0 1000 0 0 forward_v I I I I #
-1725 coedge $-1 -1 $-1 $1847 $1848 $1849 $1850 reversed $1608 $-1 #
-1726 coedge $-1 -1 $-1 $1851 $1610 $1852 $1853 reversed $1471 $-1 #
-1727 coedge $-1 -1 $-1 $1610 $1851 $1854 $1855 forward $1471 $-1 #
-1728 coedge $-1 -1 $-1 $1856 $1857 $1610 $1729 reversed $1723 $-1 #
-1729 edge $-1 -1 $-1 $1858 -0.00014999999999999725 $1859 0.0001500000000000472 $1610 $1860 forward @7 unknown #
-1730 coedge $-1 -1 $-1 $1612 $1611 $1861 $1862 forward $1251 $-1 #
-1731 coedge $-1 -1 $-1 $1863 $1849 $1611 $1732 forward $1748 $-1 #
-1732 edge $-1 -1 $-1 $1864 -0.0015000000000000018 $1738 0.0014999999999999998 $1731 $1865 forward @7 unknown #
-1733 coedge $-1 -1 $-1 $1866 $1750 $1612 $1734 forward $1631 $-1 #
-1734 edge $-1 -1 $-1 $1737 -0.0014999999999999998 $1867 0.0014999999999999601 $1733 $1868 forward @7 unknown #
-1735 coedge $-1 -1 $-1 $1869 $1613 $1750 $1870 reversed $1625 $-1 #
-1736 coedge $-1 -1 $-1 $1613 $1869 $1863 $1871 reversed $1625 $-1 #
-1737 vertex $-1 -1 $-1 $1614 $1872 #
-1738 vertex $-1 -1 $-1 $1614 $1873 #
-1739 straight-curve $-1 -1 $-1 1 3.2999999999999998 -1.25 1000 0 0 I I #
-1740 point $-1 -1 $-1 1.7000000000000002 3.2999999999999998 -3.3034284942917713e-17 #
-1741 rgb_color-st-attrib $-1 -1 $-1 $1620 $1486 0.15686274509803921 0.1803921568627451 0.16862745098039217 #
-1742 rgb_color-st-attrib $-1 -1 $-1 $1623 $1493 0.15686274509803921 0.1803921568627451 0.16862745098039217 #
-1743 integer_attrib-name_attrib-gen-attrib $-1 -1 $-1 $-1 $1624 copy keep_kept ignore copy @9 Imported1 0 #
-1744 loop $-1 -1 $-1 $-1 $1874 $1624 #
-1745 plane-surface $-1 -1 $-1 0.73890794879200017 0.24000000000000002 -0.75 0 0 1 1000 0 0 forward_v I I I I #
-1746 integer_attrib-name_attrib-gen-attrib $-1 -1 $-1 $-1 $1630 copy keep_kept ignore copy @9 Imported1 0 #
-1747 face $1875 -1 $-1 $746 $1876 $13 $-1 $1877 forward single #
-1748 loop $-1 -1 $-1 $-1 $1863 $1630 #
-1749 plane-surface $-1 -1 $-1 1.25 0.24000000000000002 -0.73890794879200017 1 0 0 0 0 -1000 forward_v I I I I #
-1750 coedge $-1 -1 $-1 $1733 $1878 $1735 $1870 forward $1631 $-1 #
-1751 straight-curve $-1 -1 $-1 1 3.2999999999999998 8.8091426514447235e-17 -1000 -0 -0 I I #
-1752 integer_attrib-name_attrib-gen-attrib $-1 -1 $-1 $-1 $1636 copy keep_kept ignore copy @9 Imported1 0 #
-1753 face $1879 -1 $-1 $-1 $1880 $15 $-1 $1881 forward single #
-1754 loop $-1 -1 $-1 $-1 $1759 $1636 #
-1755 plane-surface $-1 -1 $-1 1.1610920512080001 0 0.83890794879200004 0 1 0 -1000 0 0 forward_v I I I I #
-1756 coedge $-1 -1 $-1 $1882 $1883 $1884 $1885 reversed $1637 $-1 #
-1757 coedge $-1 -1 $-1 $1886 $1639 $1887 $1888 reversed $1506 $-1 #
-1758 coedge $-1 -1 $-1 $1639 $1886 $1889 $1890 forward $1506 $-1 #
-1759 coedge $-1 -1 $-1 $1891 $1892 $1639 $1760 reversed $1754 $-1 #
-1760 edge $-1 -1 $-1 $1893 -0.00014999999999999703 $1894 0.0001500000000000472 $1639 $1895 forward @7 unknown #
-1761 coedge $-1 -1 $-1 $1641 $1640 $1896 $1897 forward $1307 $-1 #
-1762 coedge $-1 -1 $-1 $1898 $1884 $1640 $1763 forward $1779 $-1 #
-1763 edge $-1 -1 $-1 $1899 -0.0015000000000000018 $1769 0.0014999999999999998 $1762 $1900 forward @7 unknown #
-1764 coedge $-1 -1 $-1 $1901 $1781 $1641 $1765 forward $1660 $-1 #
-1765 edge $-1 -1 $-1 $1768 -0.0014999999999999998 $1902 0.0014999999999999606 $1764 $1903 forward @7 unknown #
-1766 coedge $-1 -1 $-1 $1904 $1642 $1781 $1905 reversed $1654 $-1 #
-1767 coedge $-1 -1 $-1 $1642 $1904 $1898 $1906 reversed $1654 $-1 #
-1768 vertex $-1 -1 $-1 $1643 $1907 #
-1769 vertex $-1 -1 $-1 $1643 $1908 #
-1770 straight-curve $-1 -1 $-1 1 3.2999999999999998 1.25 -1000 -0 -0 I I #
-1771 point $-1 -1 $-1 0.30000000000000004 3.2999999999999998 3.3034284942917713e-17 #
-1772 rgb_color-st-attrib $-1 -1 $-1 $1649 $1521 0.15686274509803921 0.1803921568627451 0.16862745098039217 #
-1773 rgb_color-st-attrib $-1 -1 $-1 $1652 $1528 0.15686274509803921 0.1803921568627451 0.16862745098039217 #
-1774 integer_attrib-name_attrib-gen-attrib $-1 -1 $-1 $-1 $1653 copy keep_kept ignore copy @9 Imported1 0 #
-1775 loop $-1 -1 $-1 $-1 $1909 $1653 #
-1776 plane-surface $-1 -1 $-1 1.2610920512079999 0.24000000000000002 0.75 0 0 -1 -1000 0 0 forward_v I I I I #
-1777 integer_attrib-name_attrib-gen-attrib $-1 -1 $-1 $-1 $1659 copy keep_kept ignore copy @9 Imported1 0 #
-1778 face $1910 -1 $-1 $808 $1911 $15 $-1 $1912 forward single #
-1779 loop $-1 -1 $-1 $-1 $1898 $1659 #
-1780 plane-surface $-1 -1 $-1 0.75 0.24000000000000002 0.73890794879200017 -1 0 0 0 0 1000 forward_v I I I I #
-1781 coedge $-1 -1 $-1 $1764 $1913 $1766 $1905 forward $1660 $-1 #
-1782 straight-curve $-1 -1 $-1 1 3.2999999999999998 2 -1000 -0 -0 I I #
-1783 integer_attrib-name_attrib-gen-attrib $-1 -1 $-1 $-1 $1665 copy keep_kept ignore copy @9 Imported1 0 #
-1784 face $1914 -1 $-1 $-1 $1915 $17 $-1 $1916 forward single #
-1785 loop $-1 -1 $-1 $-1 $1790 $1665 #
-1786 plane-surface $-1 -1 $-1 1.1610920512080001 0 2.8389079487920004 0 1 0 -1000 0 0 forward_v I I I I #
-1787 coedge $-1 -1 $-1 $1917 $1918 $1919 $1920 reversed $1666 $-1 #
-1788 coedge $-1 -1 $-1 $1921 $1668 $1922 $1923 reversed $1541 $-1 #
-1789 coedge $-1 -1 $-1 $1668 $1921 $1924 $1925 forward $1541 $-1 #
-1790 coedge $-1 -1 $-1 $1926 $1927 $1668 $1791 reversed $1785 $-1 #
-1791 edge $-1 -1 $-1 $1928 -0.00014999999999999635 $1929 0.00015000000000004788 $1668 $1930 forward @7 unknown #
-1792 coedge $-1 -1 $-1 $1670 $1669 $1931 $1932 forward $1363 $-1 #
-1793 coedge $-1 -1 $-1 $1933 $1919 $1669 $1794 forward $1810 $-1 #
-1794 edge $-1 -1 $-1 $1934 -0.0014999999999999898 $1800 0.0014999999999999998 $1793 $1935 forward @7 unknown #
-1795 coedge $-1 -1 $-1 $1936 $1812 $1670 $1796 forward $1689 $-1 #
-1796 edge $-1 -1 $-1 $1799 -0.0014999999999999998 $1937 0.0014999999999999606 $1795 $1938 forward @7 unknown #
-1797 coedge $-1 -1 $-1 $1939 $1671 $1812 $1940 reversed $1683 $-1 #
-1798 coedge $-1 -1 $-1 $1671 $1939 $1933 $1941 reversed $1683 $-1 #
-1799 vertex $-1 -1 $-1 $1672 $1942 #
-1800 vertex $-1 -1 $-1 $1672 $1943 #
-1801 straight-curve $-1 -1 $-1 1 3.2999999999999998 3.2500000000000004 -1000 -0 -0 I I #
-1802 point $-1 -1 $-1 0.30000000000000004 3.2999999999999998 2 #
-1803 rgb_color-st-attrib $-1 -1 $-1 $1678 $1556 0.15686274509803921 0.1803921568627451 0.16862745098039217 #
-1804 rgb_color-st-attrib $-1 -1 $-1 $1681 $1563 0.15686274509803921 0.1803921568627451 0.16862745098039217 #
-1805 integer_attrib-name_attrib-gen-attrib $-1 -1 $-1 $-1 $1682 copy keep_kept ignore copy @9 Imported1 0 #
-1806 loop $-1 -1 $-1 $-1 $1944 $1682 #
-1807 plane-surface $-1 -1 $-1 1.2610920512079999 0.24000000000000002 2.75 0 0 -1 -1000 0 0 forward_v I I I I #
-1808 integer_attrib-name_attrib-gen-attrib $-1 -1 $-1 $-1 $1688 copy keep_kept ignore copy @9 Imported1 0 #
-1809 face $1945 -1 $-1 $870 $1946 $17 $-1 $1947 forward single #
-1810 loop $-1 -1 $-1 $-1 $1933 $1688 #
-1811 plane-surface $-1 -1 $-1 0.75 0.24000000000000002 2.7389079487920007 -1 0 0 0 0 1000 forward_v I I I I #
-1812 coedge $-1 -1 $-1 $1795 $1948 $1797 $1940 forward $1689 $-1 #
-1813 straight-curve $-1 -1 $-1 1 3.2999999999999998 4 -1000 -0 -0 I I #
-1814 integer_attrib-name_attrib-gen-attrib $-1 -1 $-1 $-1 $1694 copy keep_kept ignore copy @9 Imported1 0 #
-1815 face $1949 -1 $-1 $-1 $1950 $19 $-1 $1951 forward single #
-1816 loop $-1 -1 $-1 $-1 $1821 $1694 #
-1817 plane-surface $-1 -1 $-1 1.1610920512080001 0 4.8389079487919995 0 1 0 -1000 0 0 forward_v I I I I #
-1818 coedge $-1 -1 $-1 $1952 $1953 $1954 $1955 reversed $1695 $-1 #
-1819 coedge $-1 -1 $-1 $1956 $1697 $1957 $1958 reversed $1576 $-1 #
-1820 coedge $-1 -1 $-1 $1697 $1956 $1959 $1960 forward $1576 $-1 #
-1821 coedge $-1 -1 $-1 $1961 $1962 $1697 $1822 reversed $1816 $-1 #
-1822 edge $-1 -1 $-1 $1963 -0.00014999999999999768 $1964 0.00015000000000004742 $1697 $1965 forward @7 unknown #
-1823 coedge $-1 -1 $-1 $1699 $1698 $1966 $1967 forward $1419 $-1 #
-1824 coedge $-1 -1 $-1 $1968 $1954 $1698 $1825 forward $1841 $-1 #
-1825 edge $-1 -1 $-1 $1969 -0.0015000000000000018 $1831 0.0014999999999999998 $1824 $1970 forward @7 unknown #
-1826 coedge $-1 -1 $-1 $1971 $1843 $1699 $1827 forward $1718 $-1 #
-1827 edge $-1 -1 $-1 $1830 -0.0014999999999999998 $1972 0.0014999999999999617 $1826 $1973 forward @7 unknown #
-1828 coedge $-1 -1 $-1 $1974 $1700 $1843 $1975 reversed $1712 $-1 #
-1829 coedge $-1 -1 $-1 $1700 $1974 $1968 $1976 reversed $1712 $-1 #
-1830 vertex $-1 -1 $-1 $1701 $1977 #
-1831 vertex $-1 -1 $-1 $1701 $1978 #
-1832 straight-curve $-1 -1 $-1 1 3.2999999999999998 5.25 -1000 -0 -0 I I #
-1833 point $-1 -1 $-1 0.30000000000000004 3.2999999999999998 4 #
-1834 rgb_color-st-attrib $-1 -1 $-1 $1707 $1591 0.15686274509803921 0.1803921568627451 0.16862745098039217 #
-1835 rgb_color-st-attrib $-1 -1 $-1 $1710 $1598 0.15686274509803921 0.1803921568627451 0.16862745098039217 #
-1836 integer_attrib-name_attrib-gen-attrib $-1 -1 $-1 $-1 $1711 copy keep_kept ignore copy @9 Imported1 0 #
-1837 loop $-1 -1 $-1 $-1 $1979 $1711 #
-1838 plane-surface $-1 -1 $-1 1.2610920512079999 0.24000000000000002 4.75 0 0 -1 -1000 0 0 forward_v I I I I #
-1839 integer_attrib-name_attrib-gen-attrib $-1 -1 $-1 $-1 $1717 copy keep_kept ignore copy @9 Imported1 0 #
-1840 face $1980 -1 $-1 $932 $1981 $19 $-1 $1982 forward single #
-1841 loop $-1 -1 $-1 $-1 $1968 $1717 #
-1842 plane-surface $-1 -1 $-1 0.75 0.24000000000000002 4.7389079487920007 -1 0 0 0 0 1000 forward_v I I I I #
-1843 coedge $-1 -1 $-1 $1826 $1983 $1828 $1975 forward $1718 $-1 #
-1844 integer_attrib-name_attrib-gen-attrib $-1 -1 $-1 $-1 $1722 copy keep_kept ignore copy @9 Imported1 0 #
-1845 loop $-1 -1 $-1 $-1 $1984 $1722 #
-1846 plane-surface $-1 -1 $-1 0.73890794879200017 -0.010522843722110001 -1.1464923854260003 0 -0.31622776601665087 -0.94868329805057616 0 948.68329805057601 -316.22776601665083 forward_v I I I I #
-1847 coedge $-1 -1 $-1 $1985 $1725 $1986 $1987 reversed $1608 $-1 #
-1848 coedge $-1 -1 $-1 $1725 $1985 $1988 $1989 forward $1608 $-1 #
-1849 coedge $-1 -1 $-1 $1731 $1990 $1725 $1850 forward $1748 $-1 #
-1850 edge $-1 -1 $-1 $1991 -0.00024999999999998358 $1864 0.0002500000000000031 $1849 $1992 forward @7 unknown #
-1851 coedge $-1 -1 $-1 $1727 $1726 $1866 $1993 reversed $1471 $-1 #
-1852 coedge $-1 -1 $-1 $1994 $1995 $1726 $1853 forward $1876 $-1 #
-1853 edge $-1 -1 $-1 $1996 -9.7561382724974045e-17 $1859 0.00033166247903542492 $1852 $1997 forward @7 unknown #
-1854 coedge $-1 -1 $-1 $1861 $1984 $1727 $1855 reversed $1845 $-1 #
-1855 edge $-1 -1 $-1 $1867 -9.6875155809255393e-17 $1858 0.00033166247903545137 $1727 $1998 forward @7 unknown #
-1856 coedge $-1 -1 $-1 $1999 $1728 $1984 $2000 reversed $1723 $-1 #
-1857 coedge $-1 -1 $-1 $1728 $1999 $1994 $2001 reversed $1723 $-1 #
-1858 vertex $-1 -1 $-1 $2000 $2002 #
-1859 vertex $-1 -1 $-1 $2001 $2003 #
-1860 straight-curve $-1 -1 $-1 0.84999999999995279 3.8811049643192042e-14 -1 0 0 1000 I I #
-1861 coedge $-1 -1 $-1 $1988 $1854 $1730 $1862 reversed $1845 $-1 #
-1862 edge $-1 -1 $-1 $1864 -0.00024999999999998336 $1867 0.00024999999999998277 $1730 $2004 forward @7 unknown #
-1863 coedge $-1 -1 $-1 $1990 $1731 $1736 $1871 forward $1748 $-1 #
-1864 vertex $-1 -1 $-1 $1862 $2005 #
-1865 straight-curve $-1 -1 $-1 1.2499999999999998 1.8 -1.2499999999999989 0 1000 0 I I #
-1866 coedge $-1 -1 $-1 $1878 $1733 $1851 $1993 forward $1631 $-1 #
-1867 vertex $-1 -1 $-1 $1855 $2006 #
-1868 straight-curve $-1 -1 $-1 0.75 1.8 -1.2500000000000389 -0 -1000 -0 I I #
-1869 coedge $-1 -1 $-1 $1736 $1735 $1874 $2007 reversed $1625 $-1 #
-1870 edge $-1 -1 $-1 $2008 -0.00024999999999999957 $1737 0.00025000000000000976 $1750 $2009 forward @7 unknown #
-1871 edge $-1 -1 $-1 $1738 -0.00024999999999999979 $2010 0.00025000000000001952 $1863 $2011 forward @7 unknown #
-1872 point $-1 -1 $-1 0.75000000000000022 3.2999999999999998 -1.2500000000000098 #
-1873 point $-1 -1 $-1 1.2500000000000193 3.2999999999999998 -1.2499999999999998 #
-1874 coedge $-1 -1 $-1 $2012 $2013 $1869 $2007 forward $1744 $-1 #
-1875 integer_attrib-name_attrib-gen-attrib $-1 -1 $-1 $-1 $1747 copy keep_kept ignore copy @9 Imported1 0 #
-1876 loop $-1 -1 $-1 $-1 $1995 $1747 #
-1877 plane-surface $-1 -1 $-1 1.2610920512079999 -0.010522843722110001 -0.85350761457400004 0 -0.31622776601665209 0.94868329805057583 0 948.68329805057567 316.22776601665203 forward_v I I I I #
-1878 coedge $-1 -1 $-1 $1750 $1866 $2012 $2014 reversed $1631 $-1 #
-1879 integer_attrib-name_attrib-gen-attrib $-1 -1 $-1 $-1 $1753 copy keep_kept ignore copy @9 Imported1 0 #
-1880 loop $-1 -1 $-1 $-1 $2015 $1753 #
-1881 plane-surface $-1 -1 $-1 1.2610920512079999 -0.010522843722110001 1.1464923854260003 0 -0.31622776601665087 0.94868329805057616 0 948.68329805057601 316.22776601665083 forward_v I I I I #
-1882 coedge $-1 -1 $-1 $2016 $1756 $2017 $2018 reversed $1637 $-1 #
-1883 coedge $-1 -1 $-1 $1756 $2016 $2019 $2020 forward $1637 $-1 #
-1884 coedge $-1 -1 $-1 $1762 $2021 $1756 $1885 forward $1779 $-1 #
-1885 edge $-1 -1 $-1 $2022 -0.00024999999999998358 $1899 0.0002500000000000031 $1884 $2023 forward @7 unknown #
-1886 coedge $-1 -1 $-1 $1758 $1757 $1901 $2024 reversed $1506 $-1 #
-1887 coedge $-1 -1 $-1 $2025 $2026 $1757 $1888 forward $1911 $-1 #
-1888 edge $-1 -1 $-1 $2027 -9.6875155809255381e-17 $1894 0.00033166247903542492 $1887 $2028 forward @7 unknown #
-1889 coedge $-1 -1 $-1 $1896 $2015 $1758 $1890 reversed $1880 $-1 #
-1890 edge $-1 -1 $-1 $1902 -9.6439987521238672e-17 $1893 0.00033166247903545116 $1758 $2029 forward @7 unknown #
-1891 coedge $-1 -1 $-1 $2030 $1759 $2015 $2031 reversed $1754 $-1 #
-1892 coedge $-1 -1 $-1 $1759 $2030 $2025 $2032 reversed $1754 $-1 #
-1893 vertex $-1 -1 $-1 $2031 $2033 #
-1894 vertex $-1 -1 $-1 $2032 $2034 #
-1895 straight-curve $-1 -1 $-1 1.1500000000000474 3.8811049643192042e-14 1 -0 -0 -1000 I I #
-1896 coedge $-1 -1 $-1 $2019 $1889 $1761 $1897 reversed $1880 $-1 #
-1897 edge $-1 -1 $-1 $1899 -0.00024999999999998358 $1902 0.00024999999999998244 $1761 $2035 forward @7 unknown #
-1898 coedge $-1 -1 $-1 $2021 $1762 $1767 $1906 forward $1779 $-1 #
-1899 vertex $-1 -1 $-1 $1897 $2036 #
-1900 straight-curve $-1 -1 $-1 0.75 1.8 1.2499999999999989 0 1000 0 I I #
-1901 coedge $-1 -1 $-1 $1913 $1764 $1886 $2024 forward $1660 $-1 #
-1902 vertex $-1 -1 $-1 $1890 $2037 #
-1903 straight-curve $-1 -1 $-1 1.2499999999999998 1.8 1.2500000000000389 -0 -1000 -0 I I #
-1904 coedge $-1 -1 $-1 $1767 $1766 $1909 $2038 reversed $1654 $-1 #
-1905 edge $-1 -1 $-1 $2039 -0.00024999999999999957 $1768 0.00025000000000000976 $1781 $2040 forward @7 unknown #
-1906 edge $-1 -1 $-1 $1769 -0.00024999999999999979 $2041 0.00025000000000001952 $1898 $2042 forward @7 unknown #
-1907 point $-1 -1 $-1 1.2499999999999998 3.2999999999999998 1.2500000000000098 #
-1908 point $-1 -1 $-1 0.74999999999998046 3.2999999999999998 1.2499999999999998 #
-1909 coedge $-1 -1 $-1 $2043 $2044 $1904 $2038 forward $1775 $-1 #
-1910 integer_attrib-name_attrib-gen-attrib $-1 -1 $-1 $-1 $1778 copy keep_kept ignore copy @9 Imported1 0 #
-1911 loop $-1 -1 $-1 $-1 $2026 $1778 #
-1912 plane-surface $-1 -1 $-1 0.73890794879200017 -0.010522843722110001 0.85350761457400004 0 -0.31622776601665209 -0.94868329805057583 0 948.68329805057567 -316.22776601665203 forward_v I I I I #
-1913 coedge $-1 -1 $-1 $1781 $1901 $2043 $2045 reversed $1660 $-1 #
-1914 integer_attrib-name_attrib-gen-attrib $-1 -1 $-1 $-1 $1784 copy keep_kept ignore copy @9 Imported1 0 #
-1915 loop $-1 -1 $-1 $-1 $2046 $1784 #
-1916 plane-surface $-1 -1 $-1 1.2610920512079999 -0.010522843722110001 3.1464923854259998 0 -0.31622776601665264 0.94868329805057561 0 948.68329805057544 316.22776601665259 forward_v I I I I #
-1917 coedge $-1 -1 $-1 $2047 $1787 $2048 $2049 reversed $1666 $-1 #
-1918 coedge $-1 -1 $-1 $1787 $2047 $2050 $2051 forward $1666 $-1 #
-1919 coedge $-1 -1 $-1 $1793 $2052 $1787 $1920 forward $1810 $-1 #
-1920 edge $-1 -1 $-1 $2053 -0.00024999999999998358 $1934 0.00025000000000000976 $1919 $2054 forward @7 unknown #
-1921 coedge $-1 -1 $-1 $1789 $1788 $1936 $2055 reversed $1541 $-1 #
-1922 coedge $-1 -1 $-1 $2056 $2057 $1788 $1923 forward $1946 $-1 #
-1923 edge $-1 -1 $-1 $2058 -9.7477696515739953e-17 $1929 0.00033166247903542503 $1922 $2059 forward @7 unknown #
-1924 coedge $-1 -1 $-1 $1931 $2046 $1789 $1925 reversed $1915 $-1 #
-1925 edge $-1 -1 $-1 $1937 -9.6255877860923907e-17 $1928 0.00033166247903545164 $1789 $2060 forward @7 unknown #
-1926 coedge $-1 -1 $-1 $2061 $1790 $2046 $2062 reversed $1785 $-1 #
-1927 coedge $-1 -1 $-1 $1790 $2061 $2056 $2063 reversed $1785 $-1 #
-1928 vertex $-1 -1 $-1 $2062 $2064 #
-1929 vertex $-1 -1 $-1 $2063 $2065 #
-1930 straight-curve $-1 -1 $-1 1.1500000000000474 3.8811049643192042e-14 3.0000000000000004 -0 -0 -1000 I I #
-1931 coedge $-1 -1 $-1 $2050 $1924 $1792 $1932 reversed $1915 $-1 #
-1932 edge $-1 -1 $-1 $1934 -0.00024999999999997789 $1937 0.00024999999999998244 $1792 $2066 forward @7 unknown #
-1933 coedge $-1 -1 $-1 $2052 $1793 $1798 $1941 forward $1810 $-1 #
-1934 vertex $-1 -1 $-1 $1932 $2067 #
-1935 straight-curve $-1 -1 $-1 0.75 1.8 3.2499999999999996 0 1000 0 I I #
-1936 coedge $-1 -1 $-1 $1948 $1795 $1921 $2055 forward $1689 $-1 #
-1937 vertex $-1 -1 $-1 $1925 $2068 #
-1938 straight-curve $-1 -1 $-1 1.2499999999999998 1.8 3.2500000000000395 -0 -1000 -0 I I #
-1939 coedge $-1 -1 $-1 $1798 $1797 $1944 $2069 reversed $1683 $-1 #
-1940 edge $-1 -1 $-1 $2070 -0.00024999999999999957 $1799 0.00025000000000000933 $1812 $2071 forward @7 unknown #
-1941 edge $-1 -1 $-1 $1800 -0.00025000000000000001 $2072 0.00025000000000001952 $1933 $2073 forward @7 unknown #
-1942 point $-1 -1 $-1 1.2499999999999998 3.2999999999999998 3.2500000000000098 #
-1943 point $-1 -1 $-1 0.74999999999998046 3.2999999999999998 3.2500000000000004 #
-1944 coedge $-1 -1 $-1 $2074 $2075 $1939 $2069 forward $1806 $-1 #
-1945 integer_attrib-name_attrib-gen-attrib $-1 -1 $-1 $-1 $1809 copy keep_kept ignore copy @9 Imported1 0 #
-1946 loop $-1 -1 $-1 $-1 $2057 $1809 #
-1947 plane-surface $-1 -1 $-1 0.73890794879200017 -0.010522843722110001 2.8535076145739997 0 -0.31622776601665142 -0.94868329805057594 0 948.6832980505759 -316.2277660166514 forward_v I I I I #
-1948 coedge $-1 -1 $-1 $1812 $1936 $2074 $2076 reversed $1689 $-1 #
-1949 integer_attrib-name_attrib-gen-attrib $-1 -1 $-1 $-1 $1815 copy keep_kept ignore copy @9 Imported1 0 #
-1950 loop $-1 -1 $-1 $-1 $2077 $1815 #
-1951 plane-surface $-1 -1 $-1 1.2610920512079999 -0.010522843722110001 5.1464923854260007 0 -0.31622776601665031 0.94868329805057638 0 948.68329805057624 316.22776601665026 forward_v I I I I #
-1952 coedge $-1 -1 $-1 $2078 $1818 $2079 $2080 reversed $1695 $-1 #
-1953 coedge $-1 -1 $-1 $1818 $2078 $2081 $2082 forward $1695 $-1 #
-1954 coedge $-1 -1 $-1 $1824 $2083 $1818 $1955 forward $1841 $-1 #
-1955 edge $-1 -1 $-1 $2084 -0.00024999999999997604 $1969 0.00025000000000000266 $1954 $2085 forward @7 unknown #
-1956 coedge $-1 -1 $-1 $1820 $1819 $1971 $2086 reversed $1576 $-1 #
-1957 coedge $-1 -1 $-1 $2087 $2088 $1819 $1958 forward $1981 $-1 #
-1958 edge $-1 -1 $-1 $2089 -9.9117946216725769e-17 $1964 0.00033166247903542378 $1957 $2090 forward @7 unknown #
-1959 coedge $-1 -1 $-1 $1966 $2077 $1820 $1960 reversed $1950 $-1 #
-1960 edge $-1 -1 $-1 $1972 -9.5251643350116097e-17 $1963 0.00033166247903545121 $1820 $2091 forward @7 unknown #
-1961 coedge $-1 -1 $-1 $2092 $1821 $2077 $2093 reversed $1816 $-1 #
-1962 coedge $-1 -1 $-1 $1821 $2092 $2087 $2094 reversed $1816 $-1 #
-1963 vertex $-1 -1 $-1 $2093 $2095 #
-1964 vertex $-1 -1 $-1 $2094 $2096 #
-1965 straight-curve $-1 -1 $-1 1.1500000000000474 3.8811049643192042e-14 5 -0 -0 -1000 I I #
-1966 coedge $-1 -1 $-1 $2081 $1959 $1823 $1967 reversed $1950 $-1 #
-1967 edge $-1 -1 $-1 $1969 -0.00024999999999998358 $1972 0.00024999999999998244 $1823 $2097 forward @7 unknown #
-1968 coedge $-1 -1 $-1 $2083 $1824 $1829 $1976 forward $1841 $-1 #
-1969 vertex $-1 -1 $-1 $1967 $2098 #
-1970 straight-curve $-1 -1 $-1 0.75 1.8 5.2499999999999973 0 1000 0 I I #
-1971 coedge $-1 -1 $-1 $1983 $1826 $1956 $2086 forward $1718 $-1 #
-1972 vertex $-1 -1 $-1 $1960 $2099 #
-1973 straight-curve $-1 -1 $-1 1.2499999999999998 1.8 5.2500000000000373 -0 -1000 -0 I I #
-1974 coedge $-1 -1 $-1 $1829 $1828 $1979 $2100 reversed $1712 $-1 #
-1975 edge $-1 -1 $-1 $2101 -0.00025000000000000001 $1830 0.00025000000000000976 $1843 $2102 forward @7 unknown #
-1976 edge $-1 -1 $-1 $1831 -0.00024999999999999914 $2103 0.00025000000000002044 $1968 $2104 forward @7 unknown #
-1977 point $-1 -1 $-1 1.2499999999999998 3.2999999999999998 5.2500000000000098 #
-1978 point $-1 -1 $-1 0.74999999999998046 3.2999999999999998 5.2499999999999991 #
-1979 coedge $-1 -1 $-1 $2105 $2106 $1974 $2100 forward $1837 $-1 #
-1980 integer_attrib-name_attrib-gen-attrib $-1 -1 $-1 $-1 $1840 copy keep_kept ignore copy @9 Imported1 0 #
-1981 loop $-1 -1 $-1 $-1 $2088 $1840 #
-1982 plane-surface $-1 -1 $-1 0.73890794879200017 -0.010522843722110001 4.8535076145740002 0 -0.31622776601664798 -0.94868329805057716 0 948.68329805057704 -316.22776601664793 forward_v I I I I #
-1983 coedge $-1 -1 $-1 $1843 $1971 $2105 $2107 reversed $1718 $-1 #
-1984 coedge $-1 -1 $-1 $1854 $1988 $1856 $2000 forward $1845 $-1 #
-1985 coedge $-1 -1 $-1 $1848 $1847 $1999 $2108 forward $1608 $-1 #
-1986 coedge $-1 -1 $-1 $1995 $1994 $1847 $1987 forward $1876 $-1 #
-1987 edge $-1 -1 $-1 $2109 7.2450303483556682e-18 $1991 0.00033166247903548504 $1986 $2110 forward @7 unknown #
-1988 coedge $-1 -1 $-1 $1984 $1861 $1848 $1989 reversed $1845 $-1 #
-1989 edge $-1 -1 $-1 $2111 -1.9203149326717044e-17 $1864 0.00033166247903548504 $1848 $2112 forward @7 unknown #
-1990 coedge $-1 -1 $-1 $1849 $1863 $2013 $2113 reversed $1748 $-1 #
-1991 vertex $-1 -1 $-1 $1850 $2114 #
-1992 straight-curve $-1 -1 $-1 1.25 0.2999999999999996 -1 0 0 -1000 I I #
-1993 edge $-1 -1 $-1 $1867 -0.00025000000000002418 $1996 0.00024999999999998293 $1866 $2115 forward @7 unknown #
-1994 coedge $-1 -1 $-1 $1986 $1852 $1857 $2001 forward $1876 $-1 #
-1995 coedge $-1 -1 $-1 $1852 $1986 $2116 $2117 reversed $1876 $-1 #
-1996 vertex $-1 -1 $-1 $1853 $2118 #
-1997 straight-curve $-1 -1 $-1 0.75000000000000044 0.29999999999995114 -0.7500000000000473 301.51134457786145 -904.5340337333206 -301.51134457757672 I I #
-1998 straight-curve $-1 -1 $-1 0.7500000000000473 0.29999999999995114 -1.2499999999999998 301.51134457757672 -904.5340337333206 301.51134457786117 I I #
-1999 coedge $-1 -1 $-1 $1857 $1856 $1985 $2108 reversed $1723 $-1 #
-2000 edge $-1 -1 $-1 $2111 -0.00015000000000004165 $1858 0.00015000000000004132 $1984 $2119 forward @7 unknown #
-2001 edge $-1 -1 $-1 $1859 -0.00015000000000002332 $2109 0.00015000000000002389 $1994 $2120 forward @7 unknown #
-2002 point $-1 -1 $-1 0.84999999999995868 2.0395706336936298e-14 -1.1499999999999972 #
-2003 point $-1 -1 $-1 0.84999999999997666 3.8798344148983227e-14 -0.84999999999995279 #
-2004 straight-curve $-1 -1 $-1 1 0.2999999999999996 -1.25 -1000 0 0 I I #
-2005 point $-1 -1 $-1 1.2499999999999833 0.29999999999999838 -1.2500000000000031 #
-2006 point $-1 -1 $-1 0.75000000000001721 0.30000000000004007 -1.2500000000000242 #
-2007 edge $-1 -1 $-1 $2010 -0.00024999999999999979 $2008 0.00025000000000000976 $1874 $2121 forward @7 unknown #
-2008 vertex $-1 -1 $-1 $1870 $2122 #
-2009 straight-curve $-1 -1 $-1 0.75 3.2999999999999998 -1 -0 -0 -1000 I I #
-2010 vertex $-1 -1 $-1 $1871 $2123 #
-2011 straight-curve $-1 -1 $-1 1.25 3.2999999999999998 -1 0 0 1000 I I #
-2012 coedge $-1 -1 $-1 $2116 $1874 $1878 $2014 forward $1744 $-1 #
-2013 coedge $-1 -1 $-1 $1874 $2116 $1990 $2113 forward $1744 $-1 #
-2014 edge $-1 -1 $-1 $2008 -0.0014999999999999998 $1996 0.0014999999999999593 $2012 $2124 forward @7 unknown #
-2015 coedge $-1 -1 $-1 $1889 $2019 $1891 $2031 forward $1880 $-1 #
-2016 coedge $-1 -1 $-1 $1883 $1882 $2030 $2125 forward $1637 $-1 #
-2017 coedge $-1 -1 $-1 $2026 $2025 $1882 $2018 forward $1911 $-1 #
-2018 edge $-1 -1 $-1 $2126 7.1446068972748528e-18 $2022 0.0003316624790354852 $2017 $2127 forward @7 unknown #
-2019 coedge $-1 -1 $-1 $2015 $1896 $1883 $2020 reversed $1880 $-1 #
-2020 edge $-1 -1 $-1 $2128 -1.9223014558624445e-17 $1899 0.00033166247903548504 $1883 $2129 forward @7 unknown #
-2021 coedge $-1 -1 $-1 $1884 $1898 $2044 $2130 reversed $1779 $-1 #
-2022 vertex $-1 -1 $-1 $1885 $2131 #
-2023 straight-curve $-1 -1 $-1 0.74999999999999989 0.2999999999999996 1 0 0 1000 I I #
-2024 edge $-1 -1 $-1 $1902 -0.00025000000000002418 $2027 0.00024999999999998277 $1901 $2132 forward @7 unknown #
-2025 coedge $-1 -1 $-1 $2017 $1887 $1892 $2032 forward $1911 $-1 #
-2026 coedge $-1 -1 $-1 $1887 $2017 $2133 $2134 reversed $1911 $-1 #
-2027 vertex $-1 -1 $-1 $1888 $2135 #
-2028 straight-curve $-1 -1 $-1 1.2499999999999998 0.29999999999995114 0.7500000000000473 -301.51134457786117 -904.5340337333206 301.51134457757672 I I #
-2029 straight-curve $-1 -1 $-1 1.2499999999999525 0.29999999999995108 1.2499999999999998 -301.51134457757558 -904.53403373332083 -301.51134457786196 I I #
-2030 coedge $-1 -1 $-1 $1892 $1891 $2016 $2125 reversed $1754 $-1 #
-2031 edge $-1 -1 $-1 $2128 -0.00015000000000004132 $1893 0.00015000000000004165 $2015 $2136 forward @7 unknown #
-2032 edge $-1 -1 $-1 $1894 -0.00015000000000002389 $2126 0.00015000000000002357 $2025 $2137 forward @7 unknown #
-2033 point $-1 -1 $-1 1.1500000000000417 2.0382153809780229e-14 1.149999999999997 #
-2034 point $-1 -1 $-1 1.1500000000000239 3.8811896676139296e-14 0.84999999999995279 #
-2035 straight-curve $-1 -1 $-1 1 0.2999999999999996 1.25 1000 0 0 I I #
-2036 point $-1 -1 $-1 0.75000000000001643 0.29999999999999832 1.2500000000000031 #
-2037 point $-1 -1 $-1 1.2499999999999825 0.30000000000003957 1.2500000000000242 #
-2038 edge $-1 -1 $-1 $2041 -0.00024999999999999979 $2039 0.00025000000000000955 $1909 $2138 forward @7 unknown #
-2039 vertex $-1 -1 $-1 $1905 $2139 #
-2040 straight-curve $-1 -1 $-1 1.25 3.2999999999999998 1 0 0 1000 I I #
-2041 vertex $-1 -1 $-1 $1906 $2140 #
-2042 straight-curve $-1 -1 $-1 0.75 3.2999999999999998 1 -0 -0 -1000 I I #
-2043 coedge $-1 -1 $-1 $2133 $1909 $1913 $2045 forward $1775 $-1 #
-2044 coedge $-1 -1 $-1 $1909 $2133 $2021 $2130 forward $1775 $-1 #
-2045 edge $-1 -1 $-1 $2039 -0.0014999999999999998 $2027 0.0014999999999999601 $2043 $2141 forward @7 unknown #
-2046 coedge $-1 -1 $-1 $1924 $2050 $1926 $2062 forward $1915 $-1 #
-2047 coedge $-1 -1 $-1 $1918 $1917 $2061 $2142 forward $1666 $-1 #
-2048 coedge $-1 -1 $-1 $2057 $2056 $1917 $2049 forward $1946 $-1 #
-2049 edge $-1 -1 $-1 $2143 7.1423083868894e-18 $2053 0.00033166247903548514 $2048 $2144 forward @7 unknown #
-2050 coedge $-1 -1 $-1 $2046 $1931 $1918 $2051 reversed $1915 $-1 #
-2051 edge $-1 -1 $-1 $2145 -1.9403718523066332e-17 $1934 0.0003316624790354961 $1918 $2146 forward @7 unknown #
-2052 coedge $-1 -1 $-1 $1919 $1933 $2075 $2147 reversed $1810 $-1 #
-2053 vertex $-1 -1 $-1 $1920 $2148 #
-2054 straight-curve $-1 -1 $-1 0.74999999999999989 0.2999999999999996 3 0 0 1000 I I #
-2055 edge $-1 -1 $-1 $1937 -0.0002500000000000244 $2058 0.00024999999999998358 $1936 $2149 forward @7 unknown #
-2056 coedge $-1 -1 $-1 $2048 $1922 $1927 $2063 forward $1946 $-1 #
-2057 coedge $-1 -1 $-1 $1922 $2048 $2150 $2151 reversed $1946 $-1 #
-2058 vertex $-1 -1 $-1 $1923 $2152 #
-2059 straight-curve $-1 -1 $-1 1.25 0.29999999999995114 2.7500000000000471 -301.51134457786179 -904.5340337333206 301.51134457757604 I I #
-2060 straight-curve $-1 -1 $-1 1.2499999999999525 0.29999999999995108 3.2500000000000004 -301.51134457757541 -904.53403373332037 -301.51134457786242 I I #
-2061 coedge $-1 -1 $-1 $1927 $1926 $2047 $2142 reversed $1785 $-1 #
-2062 edge $-1 -1 $-1 $2145 -0.00015000000000004132 $1928 0.00015000000000004165 $2046 $2153 forward @7 unknown #
-2063 edge $-1 -1 $-1 $1929 -0.00015000000000002389 $2143 0.00015000000000002357 $2056 $2154 forward @7 unknown #
-2064 point $-1 -1 $-1 1.1500000000000417 2.0314391173999885e-14 3.1499999999999968 #
-2065 point $-1 -1 $-1 1.1500000000000239 3.8825449203295365e-14 2.8499999999999526 #
-2066 straight-curve $-1 -1 $-1 1 0.2999999999999996 3.2500000000000004 1000 0 0 I I #
-2067 point $-1 -1 $-1 0.75000000000002209 0.30000000000001031 3.2500000000000098 #
-2068 point $-1 -1 $-1 1.2499999999999825 0.30000000000003951 3.2500000000000244 #
-2069 edge $-1 -1 $-1 $2072 -0.00024999999999999979 $2070 0.00025000000000000955 $1944 $2155 forward @7 unknown #
-2070 vertex $-1 -1 $-1 $1940 $2156 #
-2071 straight-curve $-1 -1 $-1 1.25 3.2999999999999998 3.0000000000000004 0 0 1000 I I #
-2072 vertex $-1 -1 $-1 $1941 $2157 #
-2073 straight-curve $-1 -1 $-1 0.75 3.2999999999999998 3.0000000000000004 -0 -0 -1000 I I #
-2074 coedge $-1 -1 $-1 $2150 $1944 $1948 $2076 forward $1806 $-1 #
-2075 coedge $-1 -1 $-1 $1944 $2150 $2052 $2147 forward $1806 $-1 #
-2076 edge $-1 -1 $-1 $2070 -0.0014999999999999998 $2058 0.0014999999999999593 $2074 $2158 forward @7 unknown #
-2077 coedge $-1 -1 $-1 $1959 $2081 $1961 $2093 forward $1950 $-1 #
-2078 coedge $-1 -1 $-1 $1953 $1952 $2092 $2159 forward $1695 $-1 #
-2079 coedge $-1 -1 $-1 $2088 $2087 $1952 $2080 forward $1981 $-1 #
-2080 edge $-1 -1 $-1 $2160 6.9008659065731558e-18 $2084 0.00033166247903549761 $2079 $2161 forward @7 unknown #
-2081 coedge $-1 -1 $-1 $2077 $1966 $1953 $2082 reversed $1950 $-1 #
-2082 edge $-1 -1 $-1 $2162 -1.9243074285624806e-17 $1969 0.00033166247903548466 $1953 $2163 forward @7 unknown #
-2083 coedge $-1 -1 $-1 $1954 $1968 $2106 $2164 reversed $1841 $-1 #
-2084 vertex $-1 -1 $-1 $1955 $2165 #
-2085 straight-curve $-1 -1 $-1 0.74999999999999989 0.2999999999999996 4.9999999999999991 0 0 1000 I I #
-2086 edge $-1 -1 $-1 $1972 -0.00025000000000002489 $2089 0.00024999999999998136 $1971 $2166 forward @7 unknown #
-2087 coedge $-1 -1 $-1 $2079 $1957 $1962 $2094 forward $1981 $-1 #
-2088 coedge $-1 -1 $-1 $1957 $2079 $2167 $2168 reversed $1981 $-1 #
-2089 vertex $-1 -1 $-1 $1958 $2169 #
-2090 straight-curve $-1 -1 $-1 1.2499999999999998 0.29999999999995086 4.7500000000000497 -301.51134457786225 -904.53403373332242 301.5113445775707 I I #
-2091 straight-curve $-1 -1 $-1 1.2499999999999525 0.29999999999995108 5.25 -301.51134457757541 -904.53403373332037 -301.51134457786242 I I #
-2092 coedge $-1 -1 $-1 $1962 $1961 $2078 $2159 reversed $1816 $-1 #
-2093 edge $-1 -1 $-1 $2162 -0.00015000000000004132 $1963 0.00015000000000004165 $2077 $2170 forward @7 unknown #
-2094 edge $-1 -1 $-1 $1964 -0.00015000000000002389 $2160 0.00015000000000002357 $2087 $2171 forward @7 unknown #
-2095 point $-1 -1 $-1 1.1500000000000417 2.0314391173999885e-14 5.1499999999999977 #
-2096 point $-1 -1 $-1 1.1500000000000239 3.8852554257607502e-14 4.8499999999999526 #
-2097 straight-curve $-1 -1 $-1 1 0.2999999999999996 5.2499999999999991 1000 0 0 I I #
-2098 point $-1 -1 $-1 0.75000000000001643 0.29999999999999838 5.2500000000000018 #
-2099 point $-1 -1 $-1 1.2499999999999825 0.3000000000000384 5.250000000000024 #
-2100 edge $-1 -1 $-1 $2103 -0.00024999999999999979 $2101 0.00025000000000000955 $1979 $2172 forward @7 unknown #
-2101 vertex $-1 -1 $-1 $1975 $2173 #
-2102 straight-curve $-1 -1 $-1 1.25 3.2999999999999998 5 0 0 1000 I I #
-2103 vertex $-1 -1 $-1 $1976 $2174 #
-2104 straight-curve $-1 -1 $-1 0.75 3.2999999999999998 5 -0 -0 -1000 I I #
-2105 coedge $-1 -1 $-1 $2167 $1979 $1983 $2107 forward $1837 $-1 #
-2106 coedge $-1 -1 $-1 $1979 $2167 $2083 $2164 forward $1837 $-1 #
-2107 edge $-1 -1 $-1 $2101 -0.0014999999999999998 $2089 0.0014999999999999584 $2105 $2175 forward @7 unknown #
-2108 edge $-1 -1 $-1 $2109 -0.0001500000000000472 $2111 0.00014999999999999725 $1985 $2176 forward @7 unknown #
-2109 vertex $-1 -1 $-1 $2108 $2177 #
-2110 straight-curve $-1 -1 $-1 1.1499999999999999 3.8794108984246956e-14 -0.84999999999995279 301.51134457786191 904.53403373332083 301.51134457757678 I I #
-2111 vertex $-1 -1 $-1 $2000 $2178 #
-2112 straight-curve $-1 -1 $-1 1.1500000000000474 3.8802579313719499e-14 -1.1499999999999999 301.51134457757558 904.53403373332083 -301.51134457786196 I I #
-2113 edge $-1 -1 $-1 $1991 -0.0015000000000000018 $2010 0.0014999999999999998 $2013 $2179 forward @7 unknown #
-2114 point $-1 -1 $-1 1.2500000000000031 0.29999999999999832 -0.75000000000001643 #
-2115 straight-curve $-1 -1 $-1 0.74999999999999989 0.2999999999999996 -1 0 0 1000 I I #
-2116 coedge $-1 -1 $-1 $2013 $2012 $1995 $2117 forward $1744 $-1 #
-2117 edge $-1 -1 $-1 $1996 -0.00025000000000002429 $1991 0.0002500000000000031 $2116 $2180 forward @7 unknown #
-2118 point $-1 -1 $-1 0.74999999999997569 0.30000000000004068 -0.7500000000000171 #
-2119 straight-curve $-1 -1 $-1 1 0 -1.1500000000000001 -1000 -0 -0 I I #
-2120 straight-curve $-1 -1 $-1 1 3.8811049643192042e-14 -0.84999999999995279 1000 0 0 I I #
-2121 straight-curve $-1 -1 $-1 1 3.2999999999999998 -0.75 -1000 0 0 I I #
-2122 point $-1 -1 $-1 0.74999999999999023 3.2999999999999998 -0.75000000000000044 #
-2123 point $-1 -1 $-1 1.2499999999999998 3.2999999999999998 -0.74999999999998046 #
-2124 straight-curve $-1 -1 $-1 0.74999999999996103 1.8 -0.75 -0 -1000 -0 I I #
-2125 edge $-1 -1 $-1 $2126 -0.0001500000000000472 $2128 0.00014999999999999725 $2016 $2181 forward @7 unknown #
-2126 vertex $-1 -1 $-1 $2125 $2182 #
-2127 straight-curve $-1 -1 $-1 0.85000000000000009 3.8794108984246956e-14 0.84999999999995279 -301.51134457786145 904.5340337333206 -301.51134457757672 I I #
-2128 vertex $-1 -1 $-1 $2031 $2183 #
-2129 straight-curve $-1 -1 $-1 0.84999999999995279 3.8794108984246956e-14 1.1499999999999999 -301.51134457757678 904.53403373332083 301.51134457786191 I I #
-2130 edge $-1 -1 $-1 $2022 -0.0015000000000000018 $2041 0.0014999999999999998 $2044 $2184 forward @7 unknown #
-2131 point $-1 -1 $-1 0.74999999999999678 0.29999999999999838 0.75000000000001643 #
-2132 straight-curve $-1 -1 $-1 1.25 0.2999999999999996 1 0 0 -1000 I I #
-2133 coedge $-1 -1 $-1 $2044 $2043 $2026 $2134 forward $1775 $-1 #
-2134 edge $-1 -1 $-1 $2027 -0.00025000000000002418 $2022 0.0002500000000000032 $2133 $2185 forward @7 unknown #
-2135 point $-1 -1 $-1 1.2500000000000242 0.30000000000004007 0.75000000000001721 #
-2136 straight-curve $-1 -1 $-1 1 0 1.1500000000000001 1000 0 0 I I #
-2137 straight-curve $-1 -1 $-1 1 3.8811049643192042e-14 0.84999999999995279 -1000 -0 -0 I I #
-2138 straight-curve $-1 -1 $-1 1 3.2999999999999998 0.75 1000 0 0 I I #
-2139 point $-1 -1 $-1 1.2500000000000095 3.2999999999999998 0.75000000000000044 #
-2140 point $-1 -1 $-1 0.75000000000000022 3.2999999999999998 0.74999999999998046 #
-2141 straight-curve $-1 -1 $-1 1.2500000000000389 1.8 0.75 -0 -1000 -0 I I #
-2142 edge $-1 -1 $-1 $2143 -0.00015000000000004788 $2145 0.00014999999999999682 $2047 $2186 forward @7 unknown #
-2143 vertex $-1 -1 $-1 $2142 $2187 #
-2144 straight-curve $-1 -1 $-1 0.85000000000000009 3.8797497116035973e-14 2.8499999999999526 -301.51134457786156 904.53403373332083 -301.51134457757615 I I #
-2145 vertex $-1 -1 $-1 $2062 $2188 #
-2146 straight-curve $-1 -1 $-1 0.84999999999995279 3.8794108984246956e-14 3.1500000000000004 -301.51134457757672 904.5340337333206 301.51134457786117 I I #
-2147 edge $-1 -1 $-1 $2053 -0.0015000000000000018 $2072 0.0014999999999999998 $2075 $2189 forward @7 unknown #
-2148 point $-1 -1 $-1 0.74999999999999678 0.29999999999999838 2.7500000000000164 #
-2149 straight-curve $-1 -1 $-1 1.25 0.2999999999999996 3 0 0 -1000 I I #
-2150 coedge $-1 -1 $-1 $2075 $2074 $2057 $2151 forward $1806 $-1 #
-2151 edge $-1 -1 $-1 $2058 -0.00025000000000002418 $2053 0.0002500000000000032 $2150 $2190 forward @7 unknown #
-2152 point $-1 -1 $-1 1.2500000000000242 0.30000000000004062 2.7500000000000164 #
-2153 straight-curve $-1 -1 $-1 1 0 3.1499999999999999 1000 0 0 I I #
-2154 straight-curve $-1 -1 $-1 1 3.8811049643192042e-14 2.8499999999999526 -1000 -0 -0 I I #
-2155 straight-curve $-1 -1 $-1 1 3.2999999999999998 2.75 1000 0 0 I I #
-2156 point $-1 -1 $-1 1.2500000000000095 3.2999999999999998 2.7500000000000009 #
-2157 point $-1 -1 $-1 0.75000000000000022 3.2999999999999998 2.7499999999999809 #
-2158 straight-curve $-1 -1 $-1 1.2500000000000389 1.8 2.7499999999999991 -0 -1000 -0 I I #
-2159 edge $-1 -1 $-1 $2160 -0.00015000000000004742 $2162 0.00014999999999999768 $2078 $2191 forward @7 unknown #
-2160 vertex $-1 -1 $-1 $2159 $2192 #
-2161 straight-curve $-1 -1 $-1 0.85000000000000009 3.9070241725051857e-14 4.8499999999999526 -301.51134457786264 904.53403373332264 -301.51134457757075 I I #
-2162 vertex $-1 -1 $-1 $2093 $2193 #
-2163 straight-curve $-1 -1 $-1 0.84999999999995279 3.8794108984246956e-14 5.1500000000000004 -301.51134457757695 904.53403373332105 301.51134457785997 I I #
-2164 edge $-1 -1 $-1 $2084 -0.0014999999999999877 $2103 0.0014999999999999998 $2106 $2194 forward @7 unknown #
-2165 point $-1 -1 $-1 0.74999999999999012 0.30000000000001259 4.7500000000000231 #
-2166 straight-curve $-1 -1 $-1 1.25 0.2999999999999996 4.9999999999999991 0 0 -1000 I I #
-2167 coedge $-1 -1 $-1 $2106 $2105 $2088 $2168 forward $1837 $-1 #
-2168 edge $-1 -1 $-1 $2089 -0.0002500000000000244 $2084 0.00025000000000000987 $2167 $2195 forward @7 unknown #
-2169 point $-1 -1 $-1 1.2500000000000244 0.30000000000004157 4.7500000000000178 #
-2170 straight-curve $-1 -1 $-1 1 0 5.1500000000000004 1000 0 0 I I #
-2171 straight-curve $-1 -1 $-1 1 3.8811049643192042e-14 4.8499999999999526 -1000 -0 -0 I I #
-2172 straight-curve $-1 -1 $-1 1 3.2999999999999998 4.75 1000 0 0 I I #
-2173 point $-1 -1 $-1 1.2500000000000095 3.2999999999999998 4.75 #
-2174 point $-1 -1 $-1 0.75000000000000022 3.2999999999999998 4.7499999999999796 #
-2175 straight-curve $-1 -1 $-1 1.2500000000000389 1.8 4.7499999999999991 -0 -1000 -0 I I #
-2176 straight-curve $-1 -1 $-1 1.1500000000000474 3.8811049643192042e-14 -1 -0 -0 -1000 I I #
-2177 point $-1 -1 $-1 1.1500000000000239 3.8810185627021104e-14 -0.84999999999995279 #
-2178 point $-1 -1 $-1 1.1500000000000417 2.0385263939474139e-14 -1.1499999999999972 #
-2179 straight-curve $-1 -1 $-1 1.2499999999999989 1.8 -0.75 0 1000 0 I I #
-2180 straight-curve $-1 -1 $-1 1 0.2999999999999996 -0.74999999999999989 1000 0 0 I I #
-2181 straight-curve $-1 -1 $-1 0.84999999999995279 3.8811049643192042e-14 1 0 0 1000 I I #
-2182 point $-1 -1 $-1 0.84999999999997644 3.8810185627021104e-14 0.84999999999995279 #
-2183 point $-1 -1 $-1 0.84999999999995868 2.0391839203952322e-14 1.1499999999999972 #
-2184 straight-curve $-1 -1 $-1 0.75000000000000089 1.8 0.75 0 1000 0 I I #
-2185 straight-curve $-1 -1 $-1 1 0.2999999999999996 0.74999999999999989 -1000 0 0 I I #
-2186 straight-curve $-1 -1 $-1 0.84999999999995279 3.8811049643192042e-14 3.0000000000000004 0 0 1000 I I #
-2187 point $-1 -1 $-1 0.84999999999997644 3.8811032659968358e-14 2.8499999999999526 #
-2188 point $-1 -1 $-1 0.84999999999995868 2.0340093191174584e-14 3.1499999999999972 #
-2189 straight-curve $-1 -1 $-1 0.75000000000000089 1.8 2.75 0 1000 0 I I #
-2190 straight-curve $-1 -1 $-1 1 0.2999999999999996 2.75 -1000 0 0 I I #
-2191 straight-curve $-1 -1 $-1 0.84999999999995279 3.8811049643192042e-14 5 0 0 1000 I I #
-2192 point $-1 -1 $-1 0.84999999999997644 3.8816852563763647e-14 4.8499999999999526 #
-2193 point $-1 -1 $-1 0.84999999999995868 2.0369662341333285e-14 5.1499999999999977 #
-2194 straight-curve $-1 -1 $-1 0.75000000000000089 1.8 4.7499999999999991 0 1000 0 I I #
-2195 straight-curve $-1 -1 $-1 1 0.2999999999999996 4.75 -1000 0 0 I I #
End-of-ACIS-data 